"DNA_label","new_label","pop","genet","bagnum","tank_ID","sal_full","temp_full","trt","nbr_leaves_start","sideShoot","nbr_sideShootLeaves_start","length_longest_leaf_start","weight_start","IsBlackLesions_start","nbr_leaves_end","nbr_new_leaves","width_leaf","Growth_leaf1","Growth_leaf2","Growth_leaf3","Growth_leaf4","Growth_leaf5","Growth_leaf6","Growth_leaf7","Length_new_leaf1","Length_new_leaf2","Length_new_leaf3","Length_new_leaf4","Length_new_leaf5","Length_new_leaf6","Nbr_new_shoots","Nbr_leaves_new_shoot1","Length_new_shoot1_leaf1","Length_new_shoot1_leaf2","Length_new_shoot1_leaf3","Length_new_shoot1_leaf4","Length_new_shoot1_leaf5","Length_new_shoot1_leaf6","Nbr_leaves_new_shoot2","Length_new_shoot2_leaf1","Length_new_shoot2_leaf2","Length_new_shoot2_leaf3","Length_new_shoot2_leaf4","Length_new_shoot2_leaf5","below_ground_weight","above_ground_weight","weight_new_shoot1","weight_new_shoot2","total_weight","lesions.","isAlive","Length_flower1","Length_bract1","pop_trt","block","mean_sal","median_sal","min_sal","max_sal","sd_sal","mean_temp","median_temp","min_temp","max_temp","sd_temp","x_coord","y_coord","position","length_growth","length_std_change","weight_change","weight_std_change","above_below_weight_ratio"
"BAR_gen-01","003_A1_BAR_gen-01_TempControl-21psu","BAR","gen-01",3,"A1","21psu","TempControl","TempControl_21psu",5,FALSE,0,36.5,1.78,FALSE,5,3,0.2,0.2,9.4,NA,NA,NA,NA,NA,24.1,18.2,29.5,NA,NA,NA,0,NA,NA,NA,NA,NA,NA,NA,NA,NA,NA,NA,NA,NA,1.19,0.73,0,0,1.92,"N",1,NA,NA,"BAR_TempControl_21psu","1",21.34,21.3,21.3,21.4,0.0547722557505154,20.0156771811542,20.117509765625,16.04197265625,24.193046875,1.7119521433729,1,3,"1_3",81.4,2.23013698630137,0.14,0.0786516853932584,0.61344537815126
"BAR_gen-02","016_A1_BAR_gen-02_TempControl-7psu","BAR","gen-02",16,"A1","7psu","TempControl","TempControl_7psu",4,FALSE,0,26,1.57,FALSE,5,3,0.2,13.1,3.4,NA,NA,NA,NA,NA,18.1,9.7,16.8,NA,NA,NA,0,NA,NA,NA,NA,NA,NA,NA,NA,NA,NA,NA,NA,NA,1.47,0.32,0,0,1.79,"N",1,NA,NA,"BAR_TempControl_7psu","2",7.16,7.2,7.1,7.2,0.0547722557505169,20.0156771811542,20.117509765625,16.04197265625,24.193046875,1.7119521433729,4,4,"4_4",61.1,2.35,0.22,0.140127388535032,0.217687074829932
"BAR_gen-03","021_A1_BAR_gen-03_TempControl-21psu","BAR","gen-03",21,"A1","21psu","TempControl","TempControl_21psu",5,FALSE,0,37,1.51,FALSE,5,3,0.2,0.3,9.8,NA,NA,NA,NA,NA,27.4,4.6,24.7,NA,NA,NA,0,NA,NA,NA,NA,NA,NA,NA,NA,NA,NA,NA,NA,NA,0.8,0.58,0,0,1.38,"N",1,NA,NA,"BAR_TempControl_21psu","3",21.3,21.3,21.3,21.3,0,20.0156771811542,20.117509765625,16.04197265625,24.193046875,1.7119521433729,6,1,"6_1",66.8,1.80540540540541,-0.13,-0.0860927152317882,0.725
"BAR_gen-05","038_A2_BAR_gen-05_TempControl-21psu","BAR","gen-05",38,"A2","21psu","TempControl","TempControl_21psu",4,FALSE,0,39.5,1.78,TRUE,3,2,0.3,14.7,NA,NA,NA,NA,NA,NA,8.6,34.6,NA,NA,NA,NA,1,1,4.9,NA,NA,NA,NA,NA,NA,NA,NA,NA,NA,NA,0.89,0.42,0.01,0,1.32,"N",1,NA,NA,"BAR_TempControl_21psu","5",21.275,21.3,21.2,21.3,0.0500000000000007,19.9674754033708,20.117509765625,15.999072265625,24.62205078125,1.72075764002812,2,6,"2_6",62.8,1.58987341772152,-0.46,-0.258426966292135,0.471910112359551
"BAR_gen-06","045_A2_BAR_gen-06_TempControl-7psu","BAR","gen-06",45,"A2","7psu","TempControl","TempControl_7psu",4,FALSE,0,66,1.52,FALSE,5,3,0.3,3.3,13.6,NA,NA,NA,NA,NA,30.9,10,29.1,NA,NA,NA,1,2,2.5,3.5,NA,NA,NA,NA,NA,NA,NA,NA,NA,NA,2.2,1.06,0.02,0,3.28,"N",1,NA,NA,"BAR_TempControl_7psu","6",7.14,7,7,7.7,0.313049516849971,19.9674754033708,20.117509765625,15.999072265625,24.62205078125,1.72075764002812,4,5,"4_5",92.9,1.40757575757576,1.76,1.15789473684211,0.481818181818182
"BAR_gen-07","056_A2_BAR_gen-07_TempControl-21psu","BAR","gen-07",56,"A2","21psu","TempControl","TempControl_21psu",4,FALSE,0,36,1.6,FALSE,5,2,0.3,0,25.8,8,NA,NA,NA,NA,25.6,5.3,NA,NA,NA,NA,1,1,10.7,NA,NA,NA,NA,NA,NA,NA,NA,NA,NA,NA,0.9,0.55,0.2,0,1.65,"N",1,NA,NA,"BAR_TempControl_21psu","7",21.2,21.2,21.1,21.3,0.0707106781186545,19.9674754033708,20.117509765625,15.999072265625,24.62205078125,1.72075764002812,6,8,"6_8",75.4,2.09444444444444,0.0499999999999998,0.0312499999999999,0.611111111111111
"BAR_gen-11","083_A3_BAR_gen-11_TempWarm-16psu","BAR","gen-11",83,"A3","16psu","TempWarm","TempWarm_16psu",5,FALSE,0,37,1.93,FALSE,4,3,0.3,4.7,12.4,NA,NA,NA,NA,NA,17.5,9.5,NA,NA,NA,NA,0,NA,NA,NA,NA,NA,NA,NA,NA,NA,NA,NA,NA,NA,1.29,0.81,0,0,2.1,"N",1,NA,NA,"BAR_TempWarm_16psu","11",16.18,16.2,16.1,16.2,0.0447213595499948,25.8025284445741,26.123564453125,15.827470703125,32.34412109375,2.39952191130576,5,11,"5_11",44.1,1.19189189189189,0.17,0.0880829015544042,0.627906976744186
"BAR_gen-12","090_A3_BAR_gen-12_TempWarm-5psu","BAR","gen-12",90,"A3","5psu","TempWarm","TempWarm_5psu",6,TRUE,2,38,1.9,TRUE,3,2,0.2,8.2,NA,NA,NA,NA,NA,NA,3.9,11.7,NA,NA,NA,NA,0,NA,NA,NA,NA,NA,NA,NA,NA,NA,NA,NA,NA,NA,1.25,0.13,0,0,1.38,"N",1,NA,NA,"BAR_TempWarm_5psu","12",5.1,5.1,5.1,5.1,0,25.8025284445741,26.123564453125,15.827470703125,32.34412109375,2.39952191130576,7,10,"7_10",23.8,0.626315789473684,-0.52,-0.273684210526316,0.104
"BAR_gen-13","100_A4_BAR_gen-13_TempWarm-16psu","BAR","gen-13",100,"A4","16psu","TempWarm","TempWarm_16psu",4,FALSE,0,33,2.33,FALSE,0,NA,NA,NA,NA,NA,NA,NA,NA,NA,NA,NA,NA,NA,NA,NA,1,3,0.3,1.4,7.1,NA,NA,NA,NA,NA,NA,NA,NA,NA,1.32,0,0.03,0,1.35,"N",1,NA,NA,"BAR_TempWarm_16psu","13",16.14,16.1,16.1,16.2,0.0547722557505154,25.7714604437466,26.16646484375,16.428076171875,34.23173828125,2.47389489451105,1,16,"1_16",8.8,0.266666666666667,-0.98,-0.420600858369099,0
"BAR_gen-15","114_A4_BAR_gen-15_TempWarm-16psu","BAR","gen-15",114,"A4","16psu","TempWarm","TempWarm_16psu",5,FALSE,0,35,1.67,FALSE,3,2,0.25,12.6,NA,NA,NA,NA,NA,NA,14.6,2.1,NA,NA,NA,NA,0,NA,NA,NA,NA,NA,NA,NA,NA,NA,NA,NA,NA,NA,0.77,0.17,0,0,0.94,"N",1,NA,NA,"BAR_TempWarm_16psu","15",16.06,16,16,16.2,0.0894427190999915,25.7714604437466,26.16646484375,16.428076171875,34.23173828125,2.47389489451105,5,14,"5_14",29.3,0.837142857142857,-0.73,-0.437125748502994,0.220779220779221
"BAR_gen-21","161_B2_BAR_gen-21_TempWarm-16psu","BAR","gen-21",161,"B2","16psu","TempWarm","TempWarm_16psu",4,FALSE,0,39.5,2.09,FALSE,4,2,0.3,22.8,7.5,NA,NA,NA,NA,NA,5.6,27.6,NA,NA,NA,NA,1,2,3.6,13.4,NA,NA,NA,NA,NA,NA,NA,NA,NA,NA,1.07,0.45,0.04,0,1.56,"N",1,NA,NA,"BAR_TempWarm_16psu","21",16.175,16.1,16.1,16.4,0.149999999999999,25.8957324470566,26.123564453125,16.55677734375,31.700615234375,2.36168510535851,9,5,"9_5",80.5,2.0379746835443,-0.53,-0.253588516746411,0.420560747663551
"BAR_gen-25","197_B3_BAR_gen-25_TempWarm-16psu","BAR","gen-25",197,"B3","16psu","TempWarm","TempWarm_16psu",4,FALSE,0,33.7,1.43,FALSE,3,2,0.3,13.6,NA,NA,NA,NA,NA,NA,33,19.1,NA,NA,NA,NA,1,2,5.8,2.5,NA,NA,NA,NA,NA,NA,NA,NA,NA,NA,1.15,0.39,0.03,0,1.57,"N",1,NA,NA,"BAR_TempWarm_16psu","1",16.075,16,16,16.3,0.15,25.8228915576884,26.0806640625,16.04197265625,32.00091796875,2.41059776241806,10,9,"10_9",74,2.19584569732938,0.14,0.097902097902098,0.339130434782609
"BAR_gen-27","210_B3_BAR_gen-27_TempWarm-16psu","BAR","gen-27",210,"B3","16psu","TempWarm","TempWarm_16psu",5,FALSE,0,38.1,2.25,FALSE,4,2,0.3,10,22,NA,NA,NA,NA,NA,12.5,3.4,NA,NA,NA,NA,1,2,8.3,14.5,NA,NA,NA,NA,NA,NA,NA,NA,NA,NA,0.98,0.47,0.11,0,1.56,"N",1,NA,NA,"BAR_TempWarm_16psu","3",16.1,16.05,16,16.3,0.14142135623731,25.8228915576884,26.0806640625,16.04197265625,32.00091796875,2.41059776241806,13,10,"13_10",70.7,1.85564304461942,-0.69,-0.306666666666667,0.479591836734694
"BAR_gen-29","230_B4_BAR_gen-29_TempWarm-16psu","BAR","gen-29",230,"B4","16psu","TempWarm","TempWarm_16psu",4,FALSE,0,40,1.65,FALSE,0,NA,NA,NA,NA,NA,NA,NA,NA,NA,NA,NA,NA,NA,NA,NA,1,3,10.1,9.2,12.8,NA,NA,NA,NA,NA,NA,NA,NA,NA,1.31,0,0.09,0,1.4,"N",1,NA,NA,"BAR_TempWarm_16psu","5",16.15,16.15,16.1,16.2,0.0577350269189613,25.5085056840722,25.7374609375,16.21357421875,31.4003125,2.46520222039827,10,14,"10_14",32.1,0.8025,-0.25,-0.151515151515152,0
"BAR_gen-33","262_C1_BAR_gen-33_TempControl-21psu","BAR","gen-33",262,"C1","21psu","TempControl","TempControl_21psu",5,FALSE,0,19.5,1.17,FALSE,5,3,0.2,13.6,5.9,NA,NA,NA,NA,NA,17.3,6.8,20.6,NA,NA,NA,0,NA,NA,NA,NA,NA,NA,NA,NA,NA,NA,NA,NA,NA,0.88,0.39,0,0,1.27,"N",1,NA,NA,"BAR_TempControl_21psu","9",21.1,21.1,21.1,21.1,0,20.083437929056,20.2462109375,16.084873046875,25.9090625,1.69711366532744,18,2,"18_2",64.2,3.29230769230769,0.1,0.0854700854700856,0.443181818181818
"BAR_gen-35","276_C1_BAR_gen-35_TempControl-21psu","BAR","gen-35",276,"C1","21psu","TempControl","TempControl_21psu",6,FALSE,0,55,4.69,FALSE,4,3,0.3,18.8,NA,NA,NA,NA,NA,NA,22.1,4.8,27,NA,NA,NA,2,2,1,5.8,NA,NA,NA,NA,4,16.9,11.1,23,12.3,NA,3.64,0.56,0.02,0.3,4.52,"N",1,NA,NA,"BAR_TempControl_21psu","11",21.225,21.2,21.2,21.3,0.0500000000000007,20.083437929056,20.2462109375,16.084873046875,25.9090625,1.69711366532744,21,4,"21_4",142.8,2.59636363636364,-0.170000000000001,-0.0362473347547976,0.153846153846154
"BAR_gen-37","291_C2_BAR_gen-37_TempControl-21psu","BAR","gen-37",291,"C2","21psu","TempControl","TempControl_21psu",4,FALSE,0,26.4,2.75,TRUE,4,2,0.3,3.3,12.7,NA,NA,NA,NA,NA,17.5,12.2,NA,NA,NA,NA,0,NA,NA,NA,NA,NA,NA,NA,NA,NA,NA,NA,NA,NA,0.95,0.3,0,0,1.25,"N",1,NA,NA,"BAR_TempControl_21psu","13",21.3666666666667,21.4,21.3,21.4,0.0577350269189613,20.0892158453973,20.16041015625,15.484267578125,26.85287109375,1.77596359359365,17,7,"17_7",45.7,1.73106060606061,-1.5,-0.545454545454545,0.31578947368421
"BAR_gen-39","308_C2_BAR_gen-39_TempControl-21psu","BAR","gen-39",308,"C2","21psu","TempControl","TempControl_21psu",4,FALSE,0,37.5,1.95,FALSE,4,2,0.3,26.2,12,NA,NA,NA,NA,NA,15.1,30.3,NA,NA,NA,NA,2,3,7.4,9.5,7,NA,NA,NA,5,10.2,8.8,19.5,16.8,19.9,2.48,0.64,0.08,0.28,3.48,"N",1,NA,NA,"BAR_TempControl_21psu","15",21.3666666666667,21.4,21.3,21.4,0.0577350269189613,20.0892158453973,20.16041015625,15.484267578125,26.85287109375,1.77596359359365,21,8,"21_8",182.7,4.872,1.53,0.784615384615385,0.258064516129032
"BAR_gen-40","320_C2_BAR_gen-40_TempControl-7psu","BAR","gen-40",320,"C2","7psu","TempControl","TempControl_7psu",5,FALSE,0,43,2.58,FALSE,0,NA,NA,NA,NA,NA,NA,NA,NA,NA,NA,NA,NA,NA,NA,NA,1,3,17.8,16.1,10.2,NA,NA,NA,NA,NA,NA,NA,NA,NA,1.59,0.17,0,0,1.76,"N",1,NA,NA,"BAR_TempControl_7psu","16",7.1,7.1,7.1,7.1,0,20.0892158453973,20.16041015625,15.484267578125,26.85287109375,1.77596359359365,24,8,"24_8",44.1,1.02558139534884,-0.82,-0.317829457364341,0.106918238993711
"BAR_gen-41","325_C3_BAR_gen-41_TempControl-21psu","BAR","gen-41",325,"C3","21psu","TempControl","TempControl_21psu",4,FALSE,0,22,1.63,FALSE,6,2,0.3,9.8,23.7,0.3,NA,NA,NA,NA,4,28.8,4,NA,NA,NA,1,5,7,2.7,17.6,12.1,13.9,NA,NA,NA,NA,NA,NA,NA,1.95,0.53,0.16,0,2.64,"N",1,NA,NA,"BAR_TempControl_21psu","17",21.25,21.25,21.2,21.3,0.0577350269189634,20.0545752801425,20.203310546875,13.939853515625,24.150146484375,1.76645439081661,18,9,"18_9",123.9,5.63181818181818,1.01,0.619631901840491,0.271794871794872
"BAR_gen-42","329_C3_BAR_gen-42_TempControl-7psu","BAR","gen-42",329,"C3","7psu","TempControl","TempControl_7psu",5,TRUE,2,19.3,1.24,FALSE,5,4,0.2,12,NA,NA,NA,NA,NA,NA,20.9,15.1,2.1,18.7,NA,NA,2,5,9.8,14.6,6.5,14.6,13.7,NA,5,8.2,9.6,3.6,9.4,10.2,1.12,0.3,0.22,0.13,1.77,"N",1,NA,NA,"BAR_TempControl_7psu","18",7.1,7.1,7.1,7.1,0,20.0545752801425,20.203310546875,13.939853515625,24.150146484375,1.76645439081661,19,9,"19_9",169,8.75647668393782,0.53,0.42741935483871,0.267857142857143
"BAR_gen-43","339_C3_BAR_gen-43_TempControl-21psu","BAR","gen-43",339,"C3","21psu","TempControl","TempControl_21psu",5,FALSE,0,39.5,3.13,TRUE,5,3,0.3,2.2,12.4,NA,NA,NA,NA,NA,27,20.7,6.2,NA,NA,NA,1,4,11.6,5.9,11.9,9.1,NA,NA,NA,NA,NA,NA,NA,NA,2,0.66,0.13,0,2.79,"Y",1,NA,NA,"BAR_TempControl_21psu","19",21.175,21.2,21.1,21.2,0.0499999999999989,20.0545752801425,20.203310546875,13.939853515625,24.150146484375,1.76645439081661,21,11,"21_11",107,2.70886075949367,-0.34,-0.108626198083067,0.33
"BAR_gen-44","348_C3_BAR_gen-44_TempControl-7psu","BAR","gen-44",348,"C3","7psu","TempControl","TempControl_7psu",5,FALSE,0,43.4,2.73,FALSE,4,3,0.25,14.4,NA,NA,NA,NA,NA,NA,24.3,8.6,25,NA,NA,NA,1,4,8.5,11.8,9.6,5.7,NA,NA,NA,NA,NA,NA,NA,NA,1.42,0.61,0.12,0,2.15,"Y",1,NA,NA,"BAR_TempControl_7psu","20",7,7,7,7,0,20.0545752801425,20.203310546875,13.939853515625,24.150146484375,1.76645439081661,23,12,"23_12",107.9,2.48617511520737,-0.58,-0.212454212454212,0.429577464788732
"BAR_gen-45","358_C4_BAR_gen-45_TempControl-21psu","BAR","gen-45",358,"C4","21psu","TempControl","TempControl_21psu",5,FALSE,0,35.7,3.13,TRUE,5,3,0.3,12.4,3.1,NA,NA,NA,NA,NA,26.6,6.1,33.5,NA,NA,NA,0,NA,NA,NA,NA,NA,NA,NA,NA,NA,NA,NA,NA,NA,1.59,0.99,0,0,2.58,"Y",1,NA,NA,"BAR_TempControl_21psu","21",21.1,21.3,20.4,21.4,0.469041575982344,20.2176319507076,20.2462109375,16.170673828125,27.02447265625,1.99822095675236,18,14,"18_14",81.7,2.28851540616246,-0.55,-0.175718849840256,0.622641509433962
"BAR_gen-46","365_C4_BAR_gen-46_TempControl-7psu","BAR","gen-46",365,"C4","7psu","TempControl","TempControl_7psu",5,FALSE,0,43.1,2.93,FALSE,2,2,0.2,NA,NA,NA,NA,NA,NA,NA,27.5,18.3,NA,NA,NA,NA,0,NA,NA,NA,NA,NA,NA,NA,NA,NA,NA,NA,NA,NA,1.22,0.26,0,0,1.48,"N",1,NA,NA,"BAR_TempControl_7psu","22",7,7,7,7,0,20.2176319507076,20.2462109375,16.170673828125,27.02447265625,1.99822095675236,20,13,"20_13",45.8,1.06264501160093,-1.45,-0.494880546075085,0.213114754098361
"BAR_gen-47","376_C4_BAR_gen-47_TempControl-21psu","BAR","gen-47",376,"C4","21psu","TempControl","TempControl_21psu",4,FALSE,0,35.9,1.73,FALSE,4,2,0.25,5.2,24.5,NA,NA,NA,NA,NA,35.9,17.5,NA,NA,NA,NA,1,4,14,7.3,10,0.4,NA,NA,10,NA,NA,NA,NA,NA,1.37,0.66,0.08,0,2.11,"N",1,NA,NA,"BAR_TempControl_21psu","23",21.375,21.3,21.3,21.6,0.15,20.2176319507076,20.2462109375,16.170673828125,27.02447265625,1.99822095675236,22,16,"22_16",114.8,3.19777158774373,0.38,0.219653179190751,0.481751824817518
"BJO_gen-01","008_A1_BJO_gen-01_TempControl-21psu","BJO","gen-01",8,"A1","21psu","TempControl","TempControl_21psu",5,TRUE,2,26.7,2.69,TRUE,3,2,0.4,3.4,13.2,NA,NA,NA,NA,NA,7.4,NA,NA,NA,NA,NA,1,3,9,8.1,13.2,NA,NA,NA,NA,NA,NA,NA,NA,NA,2.53,0.63,0.23,0,3.39,"Y",1,NA,NA,"BJO_TempControl_21psu","1",21.02,21,21,21.1,0.0447213595499964,20.0156771811542,20.117509765625,16.04197265625,24.193046875,1.7119521433729,2,4,"2_4",54.3,2.03370786516854,0.7,0.260223048327138,0.24901185770751
"BJO_gen-02","011_A1_BJO_gen-02_TempControl-7psu","BJO","gen-02",11,"A1","7psu","TempControl","TempControl_7psu",6,TRUE,2,43.5,2.99,FALSE,5,2,0.4,16.5,34.7,4.8,NA,NA,NA,NA,36.8,21,NA,NA,NA,NA,1,3,16.6,9.3,14,NA,NA,NA,NA,NA,NA,NA,NA,NA,2.34,1.67,0.18,0,4.19,"N",1,NA,NA,"BJO_TempControl_7psu","2",7.1,7.1,7.1,7.1,0,20.0156771811542,20.117509765625,16.04197265625,24.193046875,1.7119521433729,3,3,"3_3",153.7,3.53333333333333,1.2,0.40133779264214,0.713675213675214
"BJO_gen-03","020_A1_BJO_gen-03_TempControl-21psu","BJO","gen-03",20,"A1","21psu","TempControl","TempControl_21psu",6,TRUE,2,41,3.48,FALSE,5,3,0.3,1.5,10.1,NA,NA,NA,NA,NA,40.5,12.9,36.8,NA,NA,NA,1,3,13.9,14.7,7.8,NA,NA,NA,NA,NA,NA,NA,NA,NA,2.7,1.4,0.14,0,4.24,"N",1,NA,NA,"BJO_TempControl_21psu","3",21,21,20.9,21.1,0.0707106781186558,20.0156771811542,20.117509765625,16.04197265625,24.193046875,1.7119521433729,5,4,"5_4",138.2,3.37073170731707,0.76,0.218390804597701,0.518518518518518
"BJO_gen-05","036_A2_BJO_gen-05_TempControl-21psu","BJO","gen-05",36,"A2","21psu","TempControl","TempControl_21psu",6,TRUE,2,38.2,2.67,FALSE,3,1,0.3,22,7.6,NA,NA,NA,NA,NA,19.6,NA,NA,NA,NA,NA,1,2,3.6,10.3,NA,NA,NA,NA,NA,NA,NA,NA,NA,NA,1.91,0.68,0.05,0,2.64,"Y",1,NA,NA,"BJO_TempControl_21psu","5",21.14,21.1,21.1,21.2,0.0547722557505154,19.9674754033708,20.117509765625,15.999072265625,24.62205078125,1.72075764002812,1,8,"1_8",63.1,1.65183246073298,-0.0299999999999998,-0.0112359550561797,0.356020942408377
"BJO_gen-06","043_A2_BJO_gen-06_TempControl-7psu","BJO","gen-06",43,"A2","7psu","TempControl","TempControl_7psu",5,FALSE,0,42.5,3.31,FALSE,4,2,0.25,12.5,4.4,NA,NA,NA,NA,NA,6.6,12.4,NA,NA,NA,NA,0,NA,NA,NA,NA,NA,NA,NA,NA,NA,NA,NA,NA,NA,2.46,0.32,0,0,2.78,"N",1,NA,NA,"BJO_TempControl_7psu","6",7.2,7.2,7.2,7.2,0,19.9674754033708,20.117509765625,15.999072265625,24.62205078125,1.72075764002812,3,7,"3_7",35.9,0.844705882352941,-0.53,-0.16012084592145,0.130081300813008
"BJO_gen-07","050_A2_BJO_gen-07_TempControl-21psu","BJO","gen-07",50,"A2","21psu","TempControl","TempControl_21psu",4,FALSE,0,34,2.65,FALSE,4,2,0.35,19.9,4.9,NA,NA,NA,NA,NA,27.6,10.7,NA,NA,NA,NA,1,1,5.7,NA,NA,NA,NA,NA,NA,NA,NA,NA,NA,NA,1.62,0.69,0.07,0,2.38,"N",1,NA,NA,"BJO_TempControl_21psu","7",20.88,20.9,20.8,20.9,0.0447213595499948,19.9674754033708,20.117509765625,15.999072265625,24.62205078125,1.72075764002812,5,6,"5_6",68.8,2.02352941176471,-0.27,-0.10188679245283,0.425925925925926
"BJO_gen-08","058_A2_BJO_gen-08_TempControl-7psu","BJO","gen-08",58,"A2","7psu","TempControl","TempControl_7psu",6,TRUE,2,34.5,3.37,FALSE,4,2,0.4,8.2,18,NA,NA,NA,NA,NA,18.5,10,NA,NA,NA,NA,2,4,14.5,7.4,13.8,13.8,NA,NA,3,9,1.9,8.8,NA,NA,2.04,0.64,0.2,0.09,2.97,"N",1,NA,NA,"BJO_TempControl_7psu","8",6.98,7,6.9,7,0.0447213595499956,19.9674754033708,20.117509765625,15.999072265625,24.62205078125,1.72075764002812,7,6,"7_6",123.9,3.59130434782609,-0.4,-0.118694362017804,0.313725490196078
"BJO_gen-09","069_A3_BJO_gen-09_TempWarm-16psu","BJO","gen-09",69,"A3","16psu","TempWarm","TempWarm_16psu",6,FALSE,0,36.7,2.97,FALSE,3,2,0.3,21,NA,NA,NA,NA,NA,NA,4.7,17.4,NA,NA,NA,NA,1,3,10.5,2.1,12.2,NA,NA,NA,NA,NA,NA,NA,NA,NA,1.7,0.29,0.05,0,2.04,"N",1,NA,NA,"BJO_TempWarm_16psu","9",15.74,15.7,15.7,15.8,0.0547722557505174,25.8025284445741,26.123564453125,15.827470703125,32.34412109375,2.39952191130576,2,9,"2_9",67.9,1.85013623978202,-0.93,-0.313131313131313,0.170588235294118
"BJO_gen-13","098_A4_BJO_gen-13_TempWarm-16psu","BJO","gen-13",98,"A4","16psu","TempWarm","TempWarm_16psu",7,TRUE,2,33,3.33,FALSE,3,1,0.3,21.9,11,NA,NA,NA,NA,NA,11.7,NA,NA,NA,NA,NA,0,NA,NA,NA,NA,NA,NA,NA,NA,NA,NA,NA,NA,NA,1.89,0.53,0,0,2.42,"N",1,NA,NA,"BJO_TempWarm_16psu","13",16.26,16.3,16.2,16.3,0.0547722557505174,25.7714604437466,26.16646484375,16.428076171875,34.23173828125,2.47389489451105,1,14,"1_14",44.6,1.35151515151515,-0.91,-0.273273273273273,0.28042328042328
"BJO_gen-17","133_B1_BJO_gen-17_TempWarm-16psu","BJO","gen-17",133,"B1","16psu","TempWarm","TempWarm_16psu",4,FALSE,0,29.7,2.26,FALSE,4,2,0.35,2.5,11.7,NA,NA,NA,NA,NA,9.4,0.5,NA,NA,NA,NA,0,NA,NA,NA,NA,NA,NA,NA,NA,NA,NA,NA,NA,NA,1.56,0.31,0,0,1.87,"Y",1,NA,NA,"BJO_TempWarm_16psu","17",16.3,16.25,16.2,16.5,0.14142135623731,26.0011390003983,26.252265625,16.1277734375,32.08671875,2.3181131150409,10,1,"10_1",24.1,0.811447811447812,-0.39,-0.172566371681416,0.198717948717949
"BJO_gen-29","225_B4_BJO_gen-29_TempWarm-16psu","BJO","gen-29",225,"B4","16psu","TempWarm","TempWarm_16psu",4,FALSE,0,24.3,1.45,FALSE,3,1,0.3,15.6,6.2,NA,NA,NA,NA,NA,3.1,NA,NA,NA,NA,NA,0,NA,NA,NA,NA,NA,NA,NA,NA,NA,NA,NA,NA,NA,0.68,0.27,0,0,0.95,"Y",1,NA,NA,"BJO_TempWarm_16psu","5",16.425,16.4,16.3,16.6,0.12583057392118,25.5085056840722,25.7374609375,16.21357421875,31.4003125,2.46520222039827,9,13,"9_13",24.9,1.02469135802469,-0.5,-0.344827586206897,0.397058823529412
"BJO_gen-31","248_B4_BJO_gen-31_TempWarm-16psu","BJO","gen-31",248,"B4","16psu","TempWarm","TempWarm_16psu",4,FALSE,0,24,1.93,FALSE,4,2,0.3,4.8,15.2,NA,NA,NA,NA,NA,10.2,0.4,NA,NA,NA,NA,0,NA,NA,NA,NA,NA,NA,NA,NA,NA,NA,NA,NA,NA,1.2,0.38,0,0,1.58,"N",1,NA,NA,"BJO_TempWarm_16psu","7",16.225,16.15,16.1,16.5,0.189296944860009,25.5085056840722,25.7374609375,16.21357421875,31.4003125,2.46520222039827,14,16,"14_16",30.6,1.275,-0.35,-0.181347150259067,0.316666666666667
"BJO_gen-33","258_C1_BJO_gen-33_TempControl-21psu","BJO","gen-33",258,"C1","21psu","TempControl","TempControl_21psu",6,TRUE,2,40.2,4.41,TRUE,3,2,0.3,17.2,NA,NA,NA,NA,NA,NA,33,18.9,NA,NA,NA,NA,2,2,1.8,7.8,NA,NA,NA,NA,3,10.6,4.5,10.5,NA,NA,1.96,0.56,0.07,0.09,2.68,"Y",1,NA,NA,"BJO_TempControl_21psu","9",21.025,21,21,21.1,0.0500000000000007,20.083437929056,20.2462109375,16.084873046875,25.9090625,1.69711366532744,17,2,"17_2",104.3,2.59452736318408,-1.73,-0.392290249433107,0.285714285714286
"BJO_gen-35","277_C1_BJO_gen-35_TempControl-21psu","BJO","gen-35",277,"C1","21psu","TempControl","TempControl_21psu",6,FALSE,0,38.5,2.57,TRUE,3,2,0.3,21,NA,NA,NA,NA,NA,NA,36.9,10.4,NA,NA,NA,NA,0,NA,NA,NA,NA,NA,NA,NA,NA,NA,NA,NA,NA,NA,1.77,0.54,0,0,2.31,"Y",1,NA,NA,"BJO_TempControl_21psu","11",21,21,21,21,0,20.083437929056,20.2462109375,16.084873046875,25.9090625,1.69711366532744,22,1,"22_1",68.3,1.77402597402597,-0.26,-0.101167315175097,0.305084745762712
"BJO_gen-37","289_C2_BJO_gen-37_TempControl-21psu","BJO","gen-37",289,"C2","21psu","TempControl","TempControl_21psu",6,TRUE,2,36.7,3.33,TRUE,4,2,0.35,9,25.7,NA,NA,NA,NA,NA,14.5,30.6,NA,NA,NA,NA,1,4,12.4,0.9,9.4,11.4,NA,NA,NA,NA,NA,NA,NA,NA,1.66,0.71,0.13,0,2.5,"Y",1,NA,NA,"BJO_TempControl_21psu","13",21.4,21.4,21.3,21.5,0.0999999999999996,20.0892158453973,20.16041015625,15.484267578125,26.85287109375,1.77596359359365,17,5,"17_5",113.9,3.10354223433243,-0.83,-0.249249249249249,0.427710843373494
"BJO_gen-38","300_C2_BJO_gen-38_TempControl-7psu","BJO","gen-38",300,"C2","7psu","TempControl","TempControl_7psu",5,FALSE,0,40.8,3.34,FALSE,4,3,0.4,21,NA,NA,NA,NA,NA,NA,33.1,15,31.7,NA,NA,NA,1,4,14.6,13,4,14.7,NA,NA,NA,NA,NA,NA,NA,NA,2.52,0.12,0.26,0,2.9,"N",1,NA,NA,"BJO_TempControl_7psu","14",7.1,7.1,7.1,7.1,0,20.0892158453973,20.16041015625,15.484267578125,26.85287109375,1.77596359359365,19,8,"19_8",147.1,3.60539215686274,-0.44,-0.131736526946108,0.0476190476190476
"BJO_gen-39","306_C2_BJO_gen-39_TempControl-21psu","BJO","gen-39",306,"C2","21psu","TempControl","TempControl_21psu",5,FALSE,0,42,3.32,FALSE,5,3,0.35,15.2,35,NA,NA,NA,NA,NA,43.8,1.8,25.6,NA,NA,NA,1,4,18.4,5.2,17.5,12.9,NA,NA,NA,NA,NA,NA,NA,NA,2.26,1.42,0.34,0,4.02,"Y",1,NA,NA,"BJO_TempControl_21psu","15",21.35,21.35,21.3,21.4,0.0577350269189613,20.0892158453973,20.16041015625,15.484267578125,26.85287109375,1.77596359359365,21,6,"21_6",175.4,4.17619047619048,0.7,0.210843373493976,0.628318584070796
"BJO_gen-40","316_C2_BJO_gen-40_TempControl-7psu","BJO","gen-40",316,"C2","7psu","TempControl","TempControl_7psu",6,TRUE,2,33.3,2.39,FALSE,5,3,0.35,27.3,13.4,NA,NA,NA,NA,NA,19.1,3.3,29,NA,NA,NA,1,4,11.4,11.5,3.5,12.6,NA,NA,NA,NA,NA,NA,NA,NA,1.79,0.94,0.22,0,2.95,"N",1,NA,NA,"BJO_TempControl_7psu","16",7.1,7.1,7.1,7.1,0,20.0892158453973,20.16041015625,15.484267578125,26.85287109375,1.77596359359365,23,8,"23_8",131.1,3.93693693693694,0.56,0.234309623430962,0.525139664804469
"BJO_gen-41","323_C3_BJO_gen-41_TempControl-21psu","BJO","gen-41",323,"C3","21psu","TempControl","TempControl_21psu",4,FALSE,0,40.5,3.2,FALSE,6,3,0.4,0.3,24.8,7.5,NA,NA,NA,NA,33,6.8,43.3,NA,NA,NA,0,NA,NA,NA,NA,NA,NA,NA,NA,NA,NA,NA,NA,NA,2.27,1.86,0,0,4.13,"N",1,NA,NA,"BJO_TempControl_21psu","17",21.175,21.2,21.1,21.2,0.0499999999999989,20.0545752801425,20.203310546875,13.939853515625,24.150146484375,1.76645439081661,17,11,"17_11",115.7,2.85679012345679,0.93,0.290625,0.819383259911894
"BJO_gen-43","342_C3_BJO_gen-43_TempControl-21psu","BJO","gen-43",342,"C3","21psu","TempControl","TempControl_21psu",3,FALSE,0,35,2.61,FALSE,5,3,0.3,20.4,6,NA,NA,NA,NA,NA,27.4,30.4,12.4,NA,NA,NA,1,1,10.4,NA,NA,NA,NA,NA,NA,NA,NA,NA,NA,NA,2.33,0.79,0.04,0,3.16,"N",1,NA,NA,"BJO_TempControl_21psu","19",21.15,21.15,21.1,21.2,0.0577350269189613,20.0545752801425,20.203310546875,13.939853515625,24.150146484375,1.76645439081661,22,10,"22_10",107,3.05714285714286,0.55,0.210727969348659,0.339055793991416
"BJO_gen-45","354_C4_BJO_gen-45_TempControl-21psu","BJO","gen-45",354,"C4","21psu","TempControl","TempControl_21psu",4,FALSE,0,38,2.64,FALSE,2,3,0.3,23.8,7.3,NA,NA,NA,NA,NA,19.6,23.6,0.1,NA,NA,NA,1,2,9.3,10,NA,NA,NA,NA,NA,NA,NA,NA,NA,NA,1.73,0.68,0.06,0,2.47,"Y",1,NA,NA,"BJO_TempControl_21psu","21",21.05,21.3,20.3,21.3,0.5,20.2176319507076,20.2462109375,16.170673828125,27.02447265625,1.99822095675236,17,14,"17_14",93.7,2.46578947368421,-0.17,-0.0643939393939394,0.393063583815029
"BJO_gen-46","366_C4_BJO_gen-46_TempControl-7psu","BJO","gen-46",366,"C4","7psu","TempControl","TempControl_7psu",4,FALSE,0,28,2.97,FALSE,0,NA,NA,NA,NA,NA,NA,NA,NA,NA,NA,NA,NA,NA,NA,NA,1,5,17.8,9.1,17.7,14.1,0.3,NA,NA,NA,NA,NA,NA,NA,1.4,0,0.32,0,1.72,"N",1,NA,NA,"BJO_TempControl_7psu","22",7.1,7.1,7.1,7.1,0,20.2176319507076,20.2462109375,16.170673828125,27.02447265625,1.99822095675236,20,14,"20_14",59,2.10714285714286,-1.25,-0.420875420875421,0
"BJO_gen-47","371_C4_BJO_gen-47_TempControl-21psu","BJO","gen-47",371,"C4","21psu","TempControl","TempControl_21psu",4,FALSE,0,34.5,2.22,FALSE,4,2,0.3,23.6,6.9,NA,NA,NA,NA,NA,13.7,32.1,NA,NA,NA,NA,1,2,8,11.7,NA,NA,NA,NA,NA,NA,NA,NA,NA,NA,2.96,1.03,0.41,0,4.4,"Y",1,NA,NA,"BJO_TempControl_21psu","23",21.5,21.45,21.4,21.7,0.14142135623731,20.2176319507076,20.2462109375,16.170673828125,27.02447265625,1.99822095675236,21,15,"21_15",96,2.78260869565217,2.18,0.981981981981982,0.347972972972973
"HOG_gen-01","004_A1_HOG_gen-01_TempControl-21psu","HOG","gen-01",4,"A1","21psu","TempControl","TempControl_21psu",5,FALSE,0,37.5,3.49,FALSE,5,3,0.3,5.2,15.6,NA,NA,NA,NA,NA,23.6,20.5,26,NA,NA,NA,0,NA,NA,NA,NA,NA,NA,NA,NA,NA,NA,NA,NA,NA,2.92,1.1,0,0,4.02,"N",1,NA,NA,"HOG_TempControl_21psu","1",21.4,21.4,21.4,21.4,0,20.0156771811542,20.117509765625,16.04197265625,24.193046875,1.7119521433729,1,4,"1_4",90.9,2.424,0.529999999999999,0.151862464183381,0.376712328767123
"HOG_gen-02","015_A1_HOG_gen-02_TempControl-7psu","HOG","gen-02",15,"A1","7psu","TempControl","TempControl_7psu",5,FALSE,0,33.2,2.94,FALSE,4,2,0.3,23.6,14.8,NA,NA,NA,NA,NA,6.9,24.9,NA,NA,NA,NA,0,NA,NA,NA,NA,NA,NA,NA,NA,NA,NA,NA,NA,NA,2.35,0.74,0,0,3.09,"N",1,NA,NA,"HOG_TempControl_7psu","2",7.1,7.1,7.1,7.1,0,20.0156771811542,20.117509765625,16.04197265625,24.193046875,1.7119521433729,4,3,"4_3",70.2,2.1144578313253,0.15,0.0510204081632653,0.314893617021277
"HOG_gen-03","018_A1_HOG_gen-03_TempControl-21psu","HOG","gen-03",18,"A1","21psu","TempControl","TempControl_21psu",5,FALSE,0,41.5,2.22,FALSE,6,3,0.25,0.5,28.1,10.8,NA,NA,NA,NA,22.4,3.2,32.5,NA,NA,NA,0,NA,NA,NA,NA,NA,NA,NA,NA,NA,NA,NA,NA,NA,1.89,0.99,0,0,2.88,"N",1,NA,NA,"HOG_TempControl_21psu","3",21.26,21.2,21.2,21.4,0.0894427190999915,20.0156771811542,20.117509765625,16.04197265625,24.193046875,1.7119521433729,5,2,"5_2",97.5,2.34939759036145,0.66,0.297297297297297,0.523809523809524
"HOG_gen-04","026_A1_HOG_gen-04_TempControl-7psu","HOG","gen-04",26,"A1","7psu","TempControl","TempControl_7psu",5,FALSE,0,33.4,4.74,FALSE,5,3,0.45,3.7,13.7,NA,NA,NA,NA,NA,25,8.2,22.4,NA,NA,NA,1,5,15.6,6.5,14.5,8,0.1,NA,NA,NA,NA,NA,NA,NA,3.85,1.14,0.34,0,5.33,"N",1,NA,NA,"HOG_TempControl_7psu","4",7.1,7.1,7.1,7.1,0,20.0156771811542,20.117509765625,16.04197265625,24.193046875,1.7119521433729,7,2,"7_2",117.7,3.52395209580838,0.59,0.124472573839662,0.296103896103896
"HOG_gen-05","039_A2_HOG_gen-05_TempControl-21psu","HOG","gen-05",39,"A2","21psu","TempControl","TempControl_21psu",9,TRUE,5,21.5,3.49,FALSE,3,2,0.3,18.4,NA,NA,NA,NA,NA,NA,7.8,18.7,NA,NA,NA,NA,2,2,2.5,6.4,NA,NA,NA,NA,3,14.6,7.45,11.8,NA,NA,2.71,0.31,0.01,0.37,3.4,"N",1,NA,NA,"HOG_TempControl_21psu","5",21.28,21.3,21.2,21.3,0.0447213595499964,19.9674754033708,20.117509765625,15.999072265625,24.62205078125,1.72075764002812,2,7,"2_7",87.65,4.07674418604651,-0.0900000000000003,-0.0257879656160459,0.114391143911439
"HOG_gen-06","042_A2_HOG_gen-06_TempControl-7psu","HOG","gen-06",42,"A2","7psu","TempControl","TempControl_7psu",5,FALSE,0,27.6,2.11,FALSE,4,4,0.2,NA,NA,NA,NA,NA,NA,NA,15.5,0.6,10.5,16.1,NA,NA,0,NA,NA,NA,NA,NA,NA,NA,NA,NA,NA,NA,NA,NA,2.04,1.9,0,0,3.94,"N",1,NA,NA,"HOG_TempControl_7psu","6",7.1,7.1,7.1,7.1,0,19.9674754033708,20.117509765625,15.999072265625,24.62205078125,1.72075764002812,3,6,"3_6",42.7,1.54710144927536,1.83,0.867298578199052,0.931372549019608
"HOG_gen-07","049_A2_HOG_gen-07_TempControl-21psu","HOG","gen-07",49,"A2","21psu","TempControl","TempControl_21psu",5,FALSE,0,50,3.52,FALSE,5,3,0.2,16,4.7,NA,NA,NA,NA,NA,31.2,11.4,36.7,NA,NA,NA,0,NA,NA,NA,NA,NA,NA,NA,NA,NA,NA,NA,NA,NA,1.92,1.11,0,0,3.03,"Y",1,NA,NA,"HOG_TempControl_21psu","7",21.42,21.4,21.3,21.5,0.0836660026534075,19.9674754033708,20.117509765625,15.999072265625,24.62205078125,1.72075764002812,5,5,"5_5",100,2,-0.49,-0.139204545454546,0.578125
"HOG_gen-09","067_A3_HOG_gen-09_TempWarm-16psu","HOG","gen-09",67,"A3","16psu","TempWarm","TempWarm_16psu",5,FALSE,0,37.5,3.04,FALSE,3,2,0.3,18.4,NA,NA,NA,NA,NA,NA,15.5,2.4,NA,NA,NA,NA,0,NA,NA,NA,NA,NA,NA,NA,NA,NA,NA,NA,NA,NA,1.9,0.34,0,0,2.24,"N",1,NA,NA,"HOG_TempWarm_16psu","9",16.22,16.2,16.1,16.4,0.109544511501032,25.8025284445741,26.123564453125,15.827470703125,32.34412109375,2.39952191130576,1,11,"1_11",36.3,0.968,-0.8,-0.263157894736842,0.178947368421053
"HOG_gen-11","085_A3_HOG_gen-11_TempWarm-16psu","HOG","gen-11",85,"A3","16psu","TempWarm","TempWarm_16psu",7,FALSE,0,43.6,5.05,FALSE,5,3,0.35,3.5,18.8,NA,NA,NA,NA,NA,29.4,18.1,2.3,NA,NA,NA,0,NA,NA,NA,NA,NA,NA,NA,NA,NA,NA,NA,NA,NA,1.58,0.45,0,0,2.03,"Y",1,NA,NA,"HOG_TempWarm_16psu","11",16.12,16.1,16,16.2,0.083666002653407,25.8025284445741,26.123564453125,15.827470703125,32.34412109375,2.39952191130576,6,9,"6_9",72.1,1.65366972477064,-3.02,-0.598019801980198,0.284810126582278
"HOG_gen-13","097_A4_HOG_gen-13_TempWarm-16psu","HOG","gen-13",97,"A4","16psu","TempWarm","TempWarm_16psu",6,FALSE,0,31.3,3.98,FALSE,4,3,0.3,16.5,NA,NA,NA,NA,NA,NA,21.2,7.2,26.9,NA,NA,NA,0,NA,NA,NA,NA,NA,NA,NA,NA,NA,NA,NA,NA,NA,1.61,0.7,0,0,2.31,"N",1,NA,NA,"HOG_TempWarm_16psu","13",16.16,16.2,16.1,16.2,0.0547722557505154,25.7714604437466,26.16646484375,16.428076171875,34.23173828125,2.47389489451105,1,13,"1_13",71.8,2.29392971246006,-1.67,-0.419597989949749,0.434782608695652
"HOG_gen-15","117_A4_HOG_gen-15_TempWarm-16psu","HOG","gen-15",117,"A4","16psu","TempWarm","TempWarm_16psu",6,FALSE,0,32.6,2.34,FALSE,4,3,0.3,16.9,NA,NA,NA,NA,NA,NA,32.9,6.9,23.4,NA,NA,NA,0,NA,NA,NA,NA,NA,NA,NA,NA,NA,NA,NA,NA,NA,0.97,0.66,0,0,1.63,"N",1,NA,NA,"HOG_TempWarm_16psu","15",16,16,16,16,0,25.7714604437466,26.16646484375,16.428076171875,34.23173828125,2.47389489451105,6,13,"6_13",80.1,2.45705521472393,-0.71,-0.303418803418803,0.680412371134021
"HOG_gen-16","124_A4_HOG_gen-16_TempWarm-5psu","HOG","gen-16",124,"A4","5psu","TempWarm","TempWarm_5psu",5,FALSE,0,51.3,4.66,FALSE,4,2,0.35,24,10.2,NA,NA,NA,NA,NA,25.5,8,NA,NA,NA,NA,0,NA,NA,NA,NA,NA,NA,NA,NA,NA,NA,NA,NA,NA,1.37,0.97,0,0,2.34,"N",1,NA,NA,"HOG_TempWarm_5psu","16",4.92,4.9,4.9,5,0.0447213595499956,25.7714604437466,26.16646484375,16.428076171875,34.23173828125,2.47389489451105,7,16,"7_16",67.7,1.31968810916179,-2.32,-0.497854077253219,0.708029197080292
"HOG_gen-19","151_B1_HOG_gen-19_TempWarm-16psu","HOG","gen-19",151,"B1","16psu","TempWarm","TempWarm_16psu",5,FALSE,0,42,3.5,FALSE,4,3,0.3,21.6,NA,NA,NA,NA,NA,NA,23.6,8.4,32.5,NA,NA,NA,0,NA,NA,NA,NA,NA,NA,NA,NA,NA,NA,NA,NA,NA,1.74,0.87,0,0,2.61,"N",1,NA,NA,"HOG_TempWarm_16psu","19",16.15,16.1,16,16.4,0.173205080756887,26.0011390003983,26.252265625,16.1277734375,32.08671875,2.3181131150409,14,3,"14_3",86.1,2.05,-0.89,-0.254285714285714,0.5
"HOG_gen-21","162_B2_HOG_gen-21_TempWarm-16psu","HOG","gen-21",162,"B2","16psu","TempWarm","TempWarm_16psu",5,FALSE,0,49,2.66,FALSE,4,3,0.2,12.1,NA,NA,NA,NA,NA,NA,17.4,2.5,10,NA,NA,NA,0,NA,NA,NA,NA,NA,NA,NA,NA,NA,NA,NA,NA,NA,1.45,0.39,0,0,1.84,"N",1,NA,NA,"HOG_TempWarm_16psu","21",16.25,16.2,16.1,16.5,0.173205080756887,25.8957324470566,26.123564453125,16.55677734375,31.700615234375,2.36168510535851,9,6,"9_6",42,0.857142857142857,-0.82,-0.308270676691729,0.268965517241379
"HOG_gen-23","178_B2_HOG_gen-23_TempWarm-16psu","HOG","gen-23",178,"B2","16psu","TempWarm","TempWarm_16psu",5,FALSE,0,19.4,1.89,FALSE,3,2,0.3,17.7,NA,NA,NA,NA,NA,NA,5.6,15.5,NA,NA,NA,NA,0,NA,NA,NA,NA,NA,NA,NA,NA,NA,NA,NA,NA,NA,1.66,0.3,0,0,1.96,"N",1,NA,NA,"HOG_TempWarm_16psu","23",16.175,16.1,16.1,16.4,0.149999999999999,25.8957324470566,26.123564453125,16.55677734375,31.700615234375,2.36168510535851,13,6,"13_6",38.8,2,0.0700000000000001,0.0370370370370371,0.180722891566265
"HOG_gen-27","211_B3_HOG_gen-27_TempWarm-16psu","HOG","gen-27",211,"B3","16psu","TempWarm","TempWarm_16psu",5,FALSE,0,36.5,2.78,FALSE,4,4,0.3,NA,NA,NA,NA,NA,NA,NA,10.6,5.6,13.8,0.7,NA,NA,0,NA,NA,NA,NA,NA,NA,NA,NA,NA,NA,NA,NA,NA,1.67,0.29,0,0,1.96,"N",1,NA,NA,"HOG_TempWarm_16psu","3",16.1666666666667,16.1,16,16.4,0.208166599946612,25.8228915576884,26.0806640625,16.04197265625,32.00091796875,2.41059776241806,13,11,"13_11",30.7,0.841095890410959,-0.82,-0.294964028776978,0.173652694610778
"HOG_gen-33","264_C1_HOG_gen-33_TempControl-21psu","HOG","gen-33",264,"C1","21psu","TempControl","TempControl_21psu",5,FALSE,0,63.2,5.44,TRUE,5,5,0.2,NA,NA,NA,NA,NA,NA,NA,1.1,5.8,4.7,5.6,2.4,NA,0,NA,NA,NA,NA,NA,NA,NA,NA,NA,NA,NA,NA,NA,2.33,0.19,0,0,2.52,"N",1,NA,NA,"HOG_TempControl_21psu","9",21.05,21.05,21,21.1,0.0577350269189634,20.083437929056,20.2462109375,16.084873046875,25.9090625,1.69711366532744,18,4,"18_4",19.6,0.310126582278481,-2.92,-0.536764705882353,0.0815450643776824
"HOG_gen-34","269_C1_HOG_gen-34_TempControl-7psu","HOG","gen-34",269,"C1","7psu","TempControl","TempControl_7psu",4,FALSE,0,16.7,0.92,FALSE,4,3,0.25,12.9,NA,NA,NA,NA,NA,NA,16,11.9,2.8,NA,NA,NA,0,NA,NA,NA,NA,NA,NA,NA,NA,NA,NA,NA,NA,NA,0.56,0.2,0,0,0.76,"N",1,NA,NA,"HOG_TempControl_7psu","10",7.06666666666667,7.1,7,7.1,0.0577350269189624,20.083437929056,20.2462109375,16.084873046875,25.9090625,1.69711366532744,20,1,"20_1",43.6,2.61077844311377,-0.16,-0.173913043478261,0.357142857142857
"HOG_gen-37","290_C2_HOG_gen-37_TempControl-21psu","HOG","gen-37",290,"C2","21psu","TempControl","TempControl_21psu",5,FALSE,0,38.1,2.53,FALSE,5,3,0.3,26.1,7.3,NA,NA,NA,NA,NA,4,23,35.2,NA,NA,NA,0,NA,NA,NA,NA,NA,NA,NA,NA,NA,NA,NA,NA,NA,1.65,0.89,0,0,2.54,"N",1,NA,NA,"HOG_TempControl_21psu","13",21.4,21.4,21.4,21.4,0,20.0892158453973,20.16041015625,15.484267578125,26.85287109375,1.77596359359365,17,6,"17_6",95.6,2.50918635170604,0.0100000000000002,0.00395256916996057,0.539393939393939
"HOG_gen-39","307_C2_HOG_gen-39_TempControl-21psu","HOG","gen-39",307,"C2","21psu","TempControl","TempControl_21psu",4,FALSE,0,37.5,2.72,FALSE,4,3,0.3,20.5,NA,NA,NA,NA,NA,NA,33.1,7.6,28.3,NA,NA,NA,0,NA,NA,NA,NA,NA,NA,NA,NA,NA,NA,NA,NA,NA,1.67,0.79,0,0,2.46,"N",1,NA,NA,"HOG_TempControl_21psu","15",21.3333333333333,21.3,21.3,21.4,0.0577350269189613,20.0892158453973,20.16041015625,15.484267578125,26.85287109375,1.77596359359365,21,7,"21_7",89.5,2.38666666666667,-0.26,-0.0955882352941177,0.473053892215569
"HOG_gen-41","326_C3_HOG_gen-41_TempControl-21psu","HOG","gen-41",326,"C3","21psu","TempControl","TempControl_21psu",5,FALSE,0,49.5,3.59,FALSE,5,2,0.4,0.3,33.6,13,NA,NA,NA,NA,15.5,38.3,NA,NA,NA,NA,0,NA,NA,NA,NA,NA,NA,NA,NA,NA,NA,NA,NA,NA,2.41,1.31,0,0,3.72,"N",1,NA,NA,"HOG_TempControl_21psu","17",21.2,21.2,21.2,21.2,0,20.0545752801425,20.203310546875,13.939853515625,24.150146484375,1.76645439081661,18,10,"18_10",100.7,2.03434343434343,0.13,0.0362116991643455,0.54356846473029
"HOG_gen-43","338_C3_HOG_gen-43_TempControl-21psu","HOG","gen-43",338,"C3","21psu","TempControl","TempControl_21psu",5,FALSE,0,38.4,3.26,FALSE,5,4,0.3,7.1,NA,NA,NA,NA,NA,NA,1.8,15.2,7.9,14,NA,NA,0,NA,NA,NA,NA,NA,NA,NA,NA,NA,NA,NA,NA,NA,0.93,0.3,0,0,1.23,"N",1,NA,NA,"HOG_TempControl_21psu","19",21.25,21.25,21.2,21.3,0.0577350269189634,20.0545752801425,20.203310546875,13.939853515625,24.150146484375,1.76645439081661,21,10,"21_10",46,1.19791666666667,-2.03,-0.622699386503067,0.32258064516129
"HOG_gen-45","357_C4_HOG_gen-45_TempControl-21psu","HOG","gen-45",357,"C4","21psu","TempControl","TempControl_21psu",5,FALSE,0,56.5,5.7,FALSE,4,1,0.4,0.2,10,6.6,NA,NA,NA,NA,2.4,NA,NA,NA,NA,NA,1,5,11.9,20.1,12,21.4,0.2,NA,NA,NA,NA,NA,NA,NA,2.14,1.07,0.46,0,3.67,"Y",1,NA,NA,"HOG_TempControl_21psu","21",21.15,21.4,20.4,21.4,0.5,20.2176319507076,20.2462109375,16.170673828125,27.02447265625,1.99822095675236,18,13,"18_13",84.8,1.50088495575221,-2.03,-0.356140350877193,0.5
"HOG_gen-46","364_C4_HOG_gen-46_TempControl-7psu","HOG","gen-46",364,"C4","7psu","TempControl","TempControl_7psu",5,FALSE,0,39.8,2.8,FALSE,5,4,0.35,26.5,NA,NA,NA,NA,NA,NA,27.8,12.5,23.7,1.2,NA,NA,0,NA,NA,NA,NA,NA,NA,NA,NA,NA,NA,NA,NA,NA,1.78,0.82,0,0,2.6,"N",1,NA,NA,"HOG_TempControl_7psu","22",7.15,7.15,7,7.3,0.173205080756888,20.2176319507076,20.2462109375,16.170673828125,27.02447265625,1.99822095675236,19,16,"19_16",91.7,2.30402010050251,-0.2,-0.0714285714285713,0.460674157303371
"HOG_gen-48","377_C4_HOG_gen-48_TempControl-7psu","HOG","gen-48",377,"C4","7psu","TempControl","TempControl_7psu",5,FALSE,0,29,2.18,FALSE,5,4,0.35,15,NA,NA,NA,NA,NA,NA,25.6,3.5,13.6,26.8,NA,NA,0,NA,NA,NA,NA,NA,NA,NA,NA,NA,NA,NA,NA,NA,1.28,0.81,0,0,2.09,"N",1,NA,NA,"HOG_TempControl_7psu","24",7.25,7.25,7.2,7.3,0.0577350269189624,20.2176319507076,20.2462109375,16.170673828125,27.02447265625,1.99822095675236,23,13,"23_13",84.5,2.91379310344828,-0.0900000000000003,-0.0412844036697249,0.6328125
"HOR_gen-01","001_A1_HOR_gen-01_TempControl-21psu","HOR","gen-01",1,"A1","21psu","TempControl","TempControl_21psu",5,FALSE,0,43,2.69,FALSE,5,2,0.4,0.3,25,7.4,NA,NA,NA,NA,32.1,47.8,NA,NA,NA,NA,1,3,13.5,4.1,20.9,NA,NA,NA,NA,NA,NA,NA,NA,NA,1.44,1.16,0.11,0,2.71,"Y",1,NA,NA,"HOR_TempControl_21psu","1",21.4,21.4,21.3,21.5,0.0707106781186545,20.0156771811542,20.117509765625,16.04197265625,24.193046875,1.7119521433729,1,1,"1_1",151.1,3.51395348837209,0.02,0.00743494423791822,0.805555555555556
"HOR_gen-02","014_A1_HOR_gen-02_TempControl-7psu","HOR","gen-02",14,"A1","7psu","TempControl","TempControl_7psu",5,FALSE,0,36.7,2.2,FALSE,5,4,0.3,5,17.1,NA,NA,NA,NA,NA,4.6,25.1,21.4,17.5,NA,NA,0,NA,NA,NA,NA,NA,NA,NA,NA,NA,NA,NA,NA,NA,1.77,0.99,0,0,2.76,"Y",1,NA,NA,"HOR_TempControl_7psu","2",6.84,6.9,6.6,6.9,0.134164078649988,20.0156771811542,20.117509765625,16.04197265625,24.193046875,1.7119521433729,4,2,"4_2",90.7,2.47138964577657,0.56,0.254545454545454,0.559322033898305
"HOR_gen-03","023_A1_HOR_gen-03_TempControl-21psu","HOR","gen-03",23,"A1","21psu","TempControl","TempControl_21psu",5,FALSE,0,31.5,2.99,FALSE,5,2,0.3,1.5,34,12.6,NA,NA,NA,NA,12.1,32.6,NA,NA,NA,NA,0,NA,NA,NA,NA,NA,NA,NA,NA,NA,NA,NA,NA,NA,2.75,1.06,0,0,3.81,"Y",1,NA,NA,"HOR_TempControl_21psu","3",21.32,21.3,21.3,21.4,0.0447213595499948,20.0156771811542,20.117509765625,16.04197265625,24.193046875,1.7119521433729,6,3,"6_3",92.8,2.94603174603175,0.82,0.274247491638796,0.385454545454545
"HOR_gen-05","035_A2_HOR_gen-05_TempControl-21psu","HOR","gen-05",35,"A2","21psu","TempControl","TempControl_21psu",5,FALSE,0,44.5,2.56,FALSE,4,2,0.3,0,8.3,NA,NA,NA,NA,NA,17.7,36.8,NA,NA,NA,NA,0,NA,NA,NA,NA,NA,NA,NA,NA,NA,NA,NA,NA,NA,1.32,1.24,0,0,2.56,"Y",1,NA,NA,"HOR_TempControl_21psu","5",21.26,21.3,21,21.4,0.151657508881031,19.9674754033708,20.117509765625,15.999072265625,24.62205078125,1.72075764002812,1,7,"1_7",62.8,1.41123595505618,0,0,0.939393939393939
"HOR_gen-06","048_A2_HOR_gen-06_TempControl-7psu","HOR","gen-06",48,"A2","7psu","TempControl","TempControl_7psu",5,FALSE,0,33.5,1.69,FALSE,3,3,0.3,NA,NA,NA,NA,NA,NA,NA,14,5.8,13.9,NA,NA,NA,0,NA,NA,NA,NA,NA,NA,NA,NA,NA,NA,NA,NA,NA,0.97,0.21,0,0,1.18,"Y",1,NA,NA,"HOR_TempControl_7psu","6",7.02,7,7,7.1,0.0447213595499956,19.9674754033708,20.117509765625,15.999072265625,24.62205078125,1.72075764002812,4,8,"4_8",33.7,1.00597014925373,-0.51,-0.301775147928994,0.216494845360825
"HOR_gen-07","051_A2_HOR_gen-07_TempControl-21psu","HOR","gen-07",51,"A2","21psu","TempControl","TempControl_21psu",5,FALSE,0,36.8,2.55,FALSE,5,2,0.4,7.2,20.8,0,NA,NA,NA,NA,26.1,18.9,NA,NA,NA,NA,1,3,13.3,4.7,14.7,NA,NA,NA,NA,NA,NA,NA,NA,NA,1.07,1.15,0.12,0,2.34,"N",1,NA,NA,"HOR_TempControl_21psu","7",21.42,21.4,21.3,21.5,0.0836660026534075,19.9674754033708,20.117509765625,15.999072265625,24.62205078125,1.72075764002812,5,7,"5_7",105.7,2.87228260869565,-0.21,-0.0823529411764706,1.07476635514019
"HOR_gen-09","072_A3_HOR_gen-09_TempWarm-16psu","HOR","gen-09",72,"A3","16psu","TempWarm","TempWarm_16psu",5,FALSE,0,32,1.61,FALSE,4,3,0.3,5.9,NA,NA,NA,NA,NA,NA,20.1,9.6,24.2,NA,NA,NA,0,NA,NA,NA,NA,NA,NA,NA,NA,NA,NA,NA,NA,NA,1.08,0.57,0,0,1.65,"N",1,NA,NA,"HOR_TempWarm_16psu","9",16.16,16.2,16.1,16.2,0.0547722557505154,25.8025284445741,26.123564453125,15.827470703125,32.34412109375,2.39952191130576,2,12,"2_12",59.8,1.86875,0.0399999999999998,0.0248447204968943,0.527777777777778
"HOR_gen-11","084_A3_HOR_gen-11_TempWarm-16psu","HOR","gen-11",84,"A3","16psu","TempWarm","TempWarm_16psu",4,FALSE,0,44,2.44,FALSE,5,2,0.3,34.7,14.5,0.2,NA,NA,NA,NA,14.4,34.9,NA,NA,NA,NA,1,3,13.5,8.3,7.9,NA,NA,NA,NA,NA,NA,NA,NA,NA,1.21,0.66,0.52,0,2.39,"N",1,NA,NA,"HOR_TempWarm_16psu","11",16.12,16.1,16.1,16.2,0.0447213595499948,25.8025284445741,26.123564453125,15.827470703125,32.34412109375,2.39952191130576,5,12,"5_12",128.4,2.91818181818182,-0.0499999999999998,-0.0204918032786885,0.545454545454546
"HOR_gen-13","102_A4_HOR_gen-13_TempWarm-16psu","HOR","gen-13",102,"A4","16psu","TempWarm","TempWarm_16psu",5,FALSE,0,23.5,1.36,FALSE,4,3,0.3,0.4,NA,NA,NA,NA,NA,NA,22.6,5.8,20,NA,NA,NA,0,NA,NA,NA,NA,NA,NA,NA,NA,NA,NA,NA,NA,NA,0.81,0.13,0,0,0.94,"N",1,NA,NA,"HOR_TempWarm_16psu","13",15.98,16,15.9,16,0.0447213595499956,25.7714604437466,26.16646484375,16.428076171875,34.23173828125,2.47389489451105,2,14,"2_14",48.8,2.07659574468085,-0.42,-0.308823529411765,0.160493827160494
"HOR_gen-17","131_B1_HOR_gen-17_TempWarm-16psu","HOR","gen-17",131,"B1","16psu","TempWarm","TempWarm_16psu",5,FALSE,0,32,2.6,FALSE,3,2,0.3,19.2,NA,NA,NA,NA,NA,NA,11.8,1.9,NA,NA,NA,NA,1,3,13.7,6.1,11.8,NA,NA,NA,NA,NA,NA,NA,NA,NA,1.3,0.18,0.09,0,1.57,"N",1,NA,NA,"HOR_TempWarm_16psu","17",16.325,16.25,16.2,16.6,0.18929694486001,26.0011390003983,26.252265625,16.1277734375,32.08671875,2.3181131150409,9,3,"9_3",64.5,2.015625,-1.03,-0.396153846153846,0.138461538461538
"HOR_gen-19","150_B1_HOR_gen-19_TempWarm-16psu","HOR","gen-19",150,"B1","16psu","TempWarm","TempWarm_16psu",5,FALSE,0,35,2.29,FALSE,4,3,0.3,17.5,NA,NA,NA,NA,NA,NA,32.8,13.5,0.2,NA,NA,NA,0,NA,NA,NA,NA,NA,NA,NA,NA,NA,NA,NA,NA,NA,0.88,0.45,0,0,1.33,"N",1,NA,NA,"HOR_TempWarm_16psu","19",16.125,16.1,16,16.3,0.125830573921179,26.0011390003983,26.252265625,16.1277734375,32.08671875,2.3181131150409,14,2,"14_2",64,1.82857142857143,-0.96,-0.419213973799127,0.511363636363636
"HOR_gen-23","183_B2_HOR_gen-23_TempWarm-16psu","HOR","gen-23",183,"B2","16psu","TempWarm","TempWarm_16psu",5,FALSE,0,55.7,3.48,TRUE,4,2,0.35,28,12.8,NA,NA,NA,NA,NA,34.3,4.9,NA,NA,NA,NA,0,NA,NA,NA,NA,NA,NA,NA,NA,NA,NA,NA,NA,NA,2.48,1.59,0,0,4.07,"Y",1,NA,NA,"HOR_TempWarm_16psu","23",16.175,16.15,16,16.4,0.170782512765992,25.8957324470566,26.123564453125,16.55677734375,31.700615234375,2.36168510535851,14,7,"14_7",80,1.43626570915619,0.59,0.169540229885058,0.641129032258065
"HOR_gen-25","193_B3_HOR_gen-25_TempWarm-16psu","HOR","gen-25",193,"B3","16psu","TempWarm","TempWarm_16psu",5,FALSE,0,27.1,2.28,FALSE,4,2,0.3,17,5.6,NA,NA,NA,NA,NA,21.8,9.3,NA,NA,NA,NA,0,NA,NA,NA,NA,NA,NA,NA,NA,NA,NA,NA,NA,NA,1.11,0.45,0,0,1.56,"N",1,NA,NA,"HOR_TempWarm_16psu","1",16.125,16.05,16,16.4,0.189296944860008,25.8228915576884,26.0806640625,16.04197265625,32.00091796875,2.41059776241806,9,9,"9_9",53.7,1.98154981549816,-0.72,-0.31578947368421,0.405405405405405
"HOR_gen-27","215_B3_HOR_gen-27_TempWarm-16psu","HOR","gen-27",215,"B3","16psu","TempWarm","TempWarm_16psu",5,FALSE,0,40.2,2.58,FALSE,0,NA,NA,NA,NA,NA,NA,NA,NA,NA,NA,NA,NA,NA,NA,NA,1,4,17,10.6,14.8,3.1,NA,NA,NA,NA,NA,NA,NA,NA,1.48,0,0.24,0,1.72,"N",1,NA,NA,"HOR_TempWarm_16psu","3",16.1,16,16,16.3,0.173205080756888,25.8228915576884,26.0806640625,16.04197265625,32.00091796875,2.41059776241806,14,11,"14_11",45.5,1.1318407960199,-0.86,-0.333333333333333,0
"HOR_gen-33","260_C1_HOR_gen-33_TempControl-21psu","HOR","gen-33",260,"C1","21psu","TempControl","TempControl_21psu",4,FALSE,0,34.5,2.57,FALSE,5,4,0.3,6.8,NA,NA,NA,NA,NA,NA,27.1,23.5,17.1,29.6,NA,NA,0,NA,NA,NA,NA,NA,NA,NA,NA,NA,NA,NA,NA,NA,2.02,1.24,0,0,3.26,"Y",1,NA,NA,"HOR_TempControl_21psu","9",21.15,21.1,21.1,21.3,0.0999999999999996,20.083437929056,20.2462109375,16.084873046875,25.9090625,1.69711366532744,17,4,"17_4",104.1,3.01739130434783,0.69,0.268482490272374,0.613861386138614
"HOR_gen-35","275_C1_HOR_gen-35_TempControl-21psu","HOR","gen-35",275,"C1","21psu","TempControl","TempControl_21psu",4,FALSE,0,29,1.99,FALSE,4,2,0.4,17.3,6.4,NA,NA,NA,NA,NA,9.1,27.1,NA,NA,NA,NA,0,NA,NA,NA,NA,NA,NA,NA,NA,NA,NA,NA,NA,NA,1.35,0.52,0,0,1.87,"N",1,NA,NA,"HOR_TempControl_21psu","11",21.2,21.2,21.1,21.3,0.0816496580927723,20.083437929056,20.2462109375,16.084873046875,25.9090625,1.69711366532744,21,3,"21_3",59.9,2.06551724137931,-0.12,-0.0603015075376884,0.385185185185185
"HOR_gen-36","287_C1_HOR_gen-36_TempControl-7psu","HOR","gen-36",287,"C1","7psu","TempControl","TempControl_7psu",4,FALSE,0,45.8,2.38,FALSE,4,3,0.3,13.7,NA,NA,NA,NA,NA,NA,16.3,4.1,12.8,NA,NA,NA,2,1,1.6,NA,NA,NA,NA,NA,5,14,11.9,2.2,18,11.9,1.12,0.45,0.01,0.22,1.8,"N",1,NA,NA,"HOR_TempControl_7psu","12",7.025,7,7,7.1,0.0499999999999998,20.083437929056,20.2462109375,16.084873046875,25.9090625,1.69711366532744,24,3,"24_3",106.5,2.32532751091703,-0.58,-0.243697478991597,0.401785714285714
"HOR_gen-39","312_C2_HOR_gen-39_TempControl-21psu","HOR","gen-39",312,"C2","21psu","TempControl","TempControl_21psu",5,FALSE,0,34.8,1.98,FALSE,5,3,0.2,1.9,11,NA,NA,NA,NA,NA,13.3,9.1,4,NA,NA,NA,0,NA,NA,NA,NA,NA,NA,NA,NA,NA,NA,NA,NA,NA,1.2,0.83,0,0,2.03,"Y",1,NA,NA,"HOR_TempControl_21psu","15",21.3,21.3,21.3,21.3,0,20.0892158453973,20.16041015625,15.484267578125,26.85287109375,1.77596359359365,22,8,"22_8",39.3,1.12931034482759,0.0499999999999998,0.0252525252525252,0.691666666666667
"HOR_gen-40","319_C2_HOR_gen-40_TempControl-7psu","HOR","gen-40",319,"C2","7psu","TempControl","TempControl_7psu",5,FALSE,0,48,2.54,FALSE,5,3,0.3,15.4,12.4,NA,NA,NA,NA,NA,19.9,2,26.9,NA,NA,NA,1,4,10.2,8.6,8.2,0.9,NA,NA,NA,NA,NA,NA,NA,NA,1.08,0.96,0.09,0,2.13,"N",1,NA,NA,"HOR_TempControl_7psu","16",7.13333333333333,7.1,7.1,7.2,0.0577350269189629,20.0892158453973,20.16041015625,15.484267578125,26.85287109375,1.77596359359365,24,7,"24_7",104.5,2.17708333333333,-0.41,-0.161417322834646,0.888888888888889
"HOR_gen-41","328_C3_HOR_gen-41_TempControl-21psu","HOR","gen-41",328,"C3","21psu","TempControl","TempControl_21psu",5,FALSE,0,37.8,2.01,FALSE,5,3,0.3,15.5,3,NA,NA,NA,NA,NA,30.2,13.2,33,NA,NA,NA,0,NA,NA,NA,NA,NA,NA,NA,NA,NA,NA,NA,NA,NA,1.46,0.9,0,0,2.36,"N",1,NA,NA,"HOR_TempControl_21psu","17",21.1,21.1,21.1,21.1,0,20.0545752801425,20.203310546875,13.939853515625,24.150146484375,1.76645439081661,18,12,"18_12",94.9,2.51058201058201,0.35,0.174129353233831,0.616438356164384
"HOR_gen-42","336_C3_HOR_gen-42_TempControl-7psu","HOR","gen-42",336,"C3","7psu","TempControl","TempControl_7psu",4,FALSE,0,37,2.05,FALSE,3,3,0.2,NA,NA,NA,NA,NA,NA,NA,22.6,7.8,19.4,NA,NA,NA,1,4,13.9,15.2,13.1,13.2,NA,NA,NA,NA,NA,NA,NA,NA,1.03,0.32,0.23,0,1.58,"N",1,NA,NA,"HOR_TempControl_7psu","18",7.1,7.1,7.1,7.1,0,20.0545752801425,20.203310546875,13.939853515625,24.150146484375,1.76645439081661,20,12,"20_12",105.2,2.84324324324324,-0.47,-0.229268292682927,0.310679611650485
"HOR_gen-43","341_C3_HOR_gen-43_TempControl-21psu","HOR","gen-43",341,"C3","21psu","TempControl","TempControl_21psu",4,FALSE,0,37.9,1.93,FALSE,5,2,0.3,0.8,23,7,NA,NA,NA,NA,10.5,22.9,NA,NA,NA,NA,0,NA,NA,NA,NA,NA,NA,NA,NA,NA,NA,NA,NA,NA,1.37,0.71,0,0,2.08,"N",1,NA,NA,"HOR_TempControl_21psu","19",21.2,21.2,21.2,21.2,0,20.0545752801425,20.203310546875,13.939853515625,24.150146484375,1.76645439081661,22,9,"22_9",64.2,1.69393139841689,0.15,0.0777202072538861,0.518248175182482
"HOR_gen-44","349_C3_HOR_gen-44_TempControl-7psu","HOR","gen-44",349,"C3","7psu","TempControl","TempControl_7psu",4,FALSE,0,38.2,2.26,FALSE,4,3,0.3,15.2,NA,NA,NA,NA,NA,NA,24.4,2.5,18.2,NA,NA,NA,0,NA,NA,NA,NA,NA,NA,NA,NA,NA,NA,NA,NA,NA,1.28,0.53,0,0,1.81,"N",1,NA,NA,"HOR_TempControl_7psu","20",7.1,7.1,7.1,7.1,0,20.0545752801425,20.203310546875,13.939853515625,24.150146484375,1.76645439081661,24,9,"24_9",60.3,1.57853403141361,-0.45,-0.199115044247788,0.4140625
"HOR_gen-45","355_C4_HOR_gen-45_TempControl-21psu","HOR","gen-45",355,"C4","21psu","TempControl","TempControl_21psu",4,FALSE,0,28.4,1.78,FALSE,4,2,0.3,23.5,7.4,NA,NA,NA,NA,NA,16.3,30.3,NA,NA,NA,NA,0,NA,NA,NA,NA,NA,NA,NA,NA,NA,NA,NA,NA,NA,1.47,0.72,0,0,2.19,"N",1,NA,NA,"HOR_TempControl_21psu","21",21.15,21.4,20.4,21.4,0.5,20.2176319507076,20.2462109375,16.170673828125,27.02447265625,1.99822095675236,17,15,"17_15",77.5,2.72887323943662,0.41,0.230337078651685,0.489795918367347
"HOR_gen-47","370_C4_HOR_gen-47_TempControl-21psu","HOR","gen-47",370,"C4","21psu","TempControl","TempControl_21psu",5,FALSE,0,25.7,1.89,TRUE,6,3,0.3,0.3,21.2,10.3,NA,NA,NA,NA,18,2,28.6,NA,NA,NA,0,NA,NA,NA,NA,NA,NA,NA,NA,NA,NA,NA,NA,NA,1.36,0.77,0,0,2.13,"N",1,NA,NA,"HOR_TempControl_21psu","23",21.125,21.35,20.4,21.4,0.485626742811116,20.2176319507076,20.2462109375,16.170673828125,27.02447265625,1.99822095675236,21,14,"21_14",80.4,3.1284046692607,0.24,0.126984126984127,0.566176470588235
"KAL_gen-01","007_A1_KAL_gen-01_TempControl-21psu","KAL","gen-01",7,"A1","21psu","TempControl","TempControl_21psu",5,FALSE,0,56.7,3.49,FALSE,5,3,0.3,10,34.5,NA,NA,NA,NA,NA,53.8,23,48,NA,NA,NA,0,NA,NA,NA,NA,NA,NA,NA,NA,NA,NA,NA,NA,NA,3.11,1.63,0,0,4.74,"N",1,NA,NA,"KAL_TempControl_21psu","1",21.32,21.3,21.3,21.4,0.0447213595499948,20.0156771811542,20.117509765625,16.04197265625,24.193046875,1.7119521433729,2,3,"2_3",169.3,2.98589065255732,1.25,0.358166189111748,0.52411575562701
"KAL_gen-03","022_A1_KAL_gen-03_TempControl-21psu","KAL","gen-03",22,"A1","21psu","TempControl","TempControl_21psu",4,FALSE,0,51.8,2.79,FALSE,6,4,0.4,2.1,15,NA,NA,NA,NA,NA,32.9,16.7,31.4,1.7,NA,NA,0,NA,NA,NA,NA,NA,NA,NA,NA,NA,NA,NA,NA,NA,1.41,1.3,0,0,2.71,"N",1,NA,NA,"KAL_TempControl_21psu","3",21.22,21.2,21.2,21.3,0.0447213595499964,20.0156771811542,20.117509765625,16.04197265625,24.193046875,1.7119521433729,6,2,"6_2",99.8,1.92664092664093,-0.0800000000000001,-0.028673835125448,0.921985815602837
"KAL_gen-05","037_A2_KAL_gen-05_TempControl-21psu","KAL","gen-05",37,"A2","21psu","TempControl","TempControl_21psu",6,FALSE,0,69.1,4.66,FALSE,6,3,0.4,5,55.3,26,NA,NA,NA,NA,9.6,38.3,54.9,8.6,NA,NA,1,4,12.6,15.7,4.8,14,NA,NA,NA,NA,NA,NA,NA,NA,2.02,2.46,0.2,0,4.68,"N",1,NA,NA,"KAL_TempControl_21psu","5",21.175,21.2,21.1,21.2,0.0499999999999989,19.9674754033708,20.117509765625,15.999072265625,24.62205078125,1.72075764002812,2,5,"2_5",244.8,3.54269175108538,0.0199999999999996,0.00429184549356214,1.21782178217822
"KAL_gen-06","047_A2_KAL_gen-06_TempControl-7psu","KAL","gen-06",47,"A2","7psu","TempControl","TempControl_7psu",4,FALSE,0,65.8,3.73,FALSE,5,3,0.45,36,13,NA,NA,NA,NA,NA,30.6,6.7,45.6,NA,NA,NA,1,3,11.7,4.2,13.1,NA,NA,NA,NA,NA,NA,NA,NA,NA,2.45,1.13,0.7,0,4.28,"N",1,NA,NA,"KAL_TempControl_7psu","6",6.98,7,6.9,7,0.0447213595499956,19.9674754033708,20.117509765625,15.999072265625,24.62205078125,1.72075764002812,4,7,"4_7",160.9,2.44528875379939,0.55,0.14745308310992,0.461224489795918
"KAL_gen-07","052_A2_KAL_gen-07_TempControl-21psu","KAL","gen-07",52,"A2","21psu","TempControl","TempControl_21psu",5,FALSE,0,62.2,3.23,FALSE,5,3,0.4,28.2,50.8,NA,NA,NA,NA,NA,36.2,8.6,6.5,NA,NA,NA,0,NA,NA,NA,NA,NA,NA,NA,NA,NA,NA,NA,NA,NA,1.48,1.17,0,0,2.65,"N",1,NA,NA,"KAL_TempControl_21psu","7",21.34,21.3,21.3,21.4,0.0547722557505154,19.9674754033708,20.117509765625,15.999072265625,24.62205078125,1.72075764002812,5,8,"5_8",130.3,2.09485530546624,-0.58,-0.179566563467492,0.79054054054054
"KAL_gen-11","081_A3_KAL_gen-11_TempWarm-16psu","KAL","gen-11",81,"A3","16psu","TempWarm","TempWarm_16psu",5,FALSE,0,58.3,2.89,FALSE,5,3,0.5,9.5,29.5,NA,NA,NA,NA,NA,39.8,5.9,24.3,NA,NA,NA,1,2,2.9,8.4,NA,NA,NA,NA,NA,NA,NA,NA,NA,NA,1.24,1.4,0,0,2.64,"N",1,NA,NA,"KAL_TempWarm_16psu","11",15.92,15.9,15.8,16,0.0836660026534073,25.8025284445741,26.123564453125,15.827470703125,32.34412109375,2.39952191130576,5,9,"5_9",120.3,2.06346483704974,-0.25,-0.0865051903114187,1.12903225806452
"KAL_gen-15","113_A4_KAL_gen-15_TempWarm-16psu","KAL","gen-15",113,"A4","16psu","TempWarm","TempWarm_16psu",4,FALSE,0,35.5,1.5,FALSE,5,2,0.3,35.1,13.9,NA,NA,NA,NA,NA,20.1,34.1,1,NA,NA,NA,0,NA,NA,NA,NA,NA,NA,NA,NA,NA,NA,NA,NA,NA,0.67,0.8,0,0,1.47,"N",1,NA,NA,"KAL_TempWarm_16psu","15",16.2,16.2,16.1,16.3,0.0707106781186545,25.7714604437466,26.16646484375,16.428076171875,34.23173828125,2.47389489451105,5,13,"5_13",104.2,2.93521126760563,-0.03,-0.02,1.19402985074627
"KAL_gen-16","126_A4_KAL_gen-16_TempWarm-5psu","KAL","gen-16",126,"A4","5psu","TempWarm","TempWarm_5psu",5,FALSE,0,78.8,3.88,FALSE,4,2,0.4,20.2,NA,NA,NA,NA,NA,NA,27.5,13.7,1.5,NA,NA,NA,0,NA,NA,NA,NA,NA,NA,NA,NA,NA,NA,NA,NA,NA,1.09,0.54,0,0,1.63,"N",1,NA,NA,"KAL_TempWarm_5psu","16",5.18,5.2,5.1,5.2,0.044721359549996,25.7714604437466,26.16646484375,16.428076171875,34.23173828125,2.47389489451105,8,14,"8_14",62.9,0.798223350253807,-2.25,-0.579896907216495,0.495412844036697
"KAL_gen-17","134_B1_KAL_gen-17_TempWarm-16psu","KAL","gen-17",134,"B1","16psu","TempWarm","TempWarm_16psu",5,FALSE,0,73.8,4.28,FALSE,5,3,0.4,12.6,37.7,NA,NA,NA,NA,NA,45,7.1,29.5,NA,NA,NA,0,NA,NA,NA,NA,NA,NA,NA,NA,NA,NA,NA,NA,NA,1.73,1.22,0,0,2.95,"N",1,NA,NA,"KAL_TempWarm_16psu","17",16.25,16.2,16.1,16.5,0.191485421551267,26.0011390003983,26.252265625,16.1277734375,32.08671875,2.3181131150409,10,2,"10_2",131.9,1.78726287262873,-1.33,-0.310747663551402,0.705202312138728
"KAL_gen-19","148_B1_KAL_gen-19_TempWarm-16psu","KAL","gen-19",148,"B1","16psu","TempWarm","TempWarm_16psu",4,FALSE,0,81.6,3.84,FALSE,6,3,0.35,5.2,25,36,NA,NA,NA,NA,40.6,20,1.5,NA,NA,NA,0,NA,NA,NA,NA,NA,NA,NA,NA,NA,NA,NA,NA,NA,1.18,1.65,0,0,2.83,"N",1,NA,NA,"KAL_TempWarm_16psu","19",15.875,15.8,15.8,16.1,0.15,26.0011390003983,26.252265625,16.1277734375,32.08671875,2.3181131150409,13,4,"13_4",128.3,1.57230392156863,-1.01,-0.263020833333333,1.39830508474576
"KAL_gen-23","177_B2_KAL_gen-23_TempWarm-16psu","KAL","gen-23",177,"B2","16psu","TempWarm","TempWarm_16psu",4,FALSE,0,46,2.09,FALSE,4,1,0.4,2,NA,NA,NA,NA,NA,NA,30.2,NA,NA,NA,NA,NA,0,NA,NA,NA,NA,NA,NA,NA,NA,NA,NA,NA,NA,NA,1.17,0.62,0,0,1.79,"N",1,NA,NA,"KAL_TempWarm_16psu","23",16.075,16.05,15.9,16.3,0.170782512765994,25.8957324470566,26.123564453125,16.55677734375,31.700615234375,2.36168510535851,13,5,"13_5",32.2,0.7,-0.3,-0.143540669856459,0.52991452991453
"KAL_gen-25","196_B3_KAL_gen-25_TempWarm-16psu","KAL","gen-25",196,"B3","16psu","TempWarm","TempWarm_16psu",5,FALSE,0,52.5,2.87,FALSE,4,2,0.4,7.6,35,NA,NA,NA,NA,NA,37.9,12.8,NA,NA,NA,NA,0,NA,NA,NA,NA,NA,NA,NA,NA,NA,NA,NA,NA,NA,1.26,0.95,0,0,2.21,"Y",1,NA,NA,"KAL_TempWarm_16psu","1",16.3,16.2,16.2,16.5,0.173205080756888,25.8228915576884,26.0806640625,16.04197265625,32.00091796875,2.41059776241806,9,12,"9_12",93.3,1.77714285714286,-0.66,-0.229965156794425,0.753968253968254
"KAL_gen-27","214_B3_KAL_gen-27_TempWarm-16psu","KAL","gen-27",214,"B3","16psu","TempWarm","TempWarm_16psu",6,FALSE,0,59,3.4,FALSE,5,3,0.4,22,36.5,NA,NA,NA,NA,NA,33,13.5,0.8,NA,NA,NA,0,NA,NA,NA,NA,NA,NA,NA,NA,NA,NA,NA,NA,NA,2.77,1.19,0,0,3.96,"N",1,NA,NA,"KAL_TempWarm_16psu","3",16.425,16.4,16.3,16.6,0.12583057392118,25.8228915576884,26.0806640625,16.04197265625,32.00091796875,2.41059776241806,14,10,"14_10",105.8,1.79322033898305,0.56,0.164705882352941,0.429602888086643
"KAL_gen-28","221_B3_KAL_gen-28_TempWarm-5psu","KAL","gen-28",221,"B3","5psu","TempWarm","TempWarm_5psu",5,FALSE,0,35.3,1.69,FALSE,5,3,0.35,24.4,12.1,NA,NA,NA,NA,NA,9.3,23.1,NA,NA,NA,NA,0,NA,NA,NA,NA,NA,NA,NA,NA,NA,NA,NA,NA,NA,1.14,0.87,0,0,2.01,"N",1,NA,NA,"KAL_TempWarm_5psu","4",5.15,5.1,5,5.4,0.173205080756888,25.8228915576884,26.0806640625,16.04197265625,32.00091796875,2.41059776241806,16,9,"16_9",68.9,1.95184135977337,0.32,0.189349112426035,0.763157894736842
"KAL_gen-29","232_B4_KAL_gen-29_TempWarm-16psu","KAL","gen-29",232,"B4","16psu","TempWarm","TempWarm_16psu",5,FALSE,0,69.7,4.31,FALSE,4,2,0.4,33.3,13.4,NA,NA,NA,NA,NA,19.5,40.3,NA,NA,NA,NA,0,NA,NA,NA,NA,NA,NA,NA,NA,NA,NA,NA,NA,NA,1.55,1.26,0,0,2.81,"N",1,NA,NA,"KAL_TempWarm_16psu","5",16.15,16.1,16,16.4,0.173205080756887,25.5085056840722,25.7374609375,16.21357421875,31.4003125,2.46520222039827,10,16,"10_16",106.5,1.52797704447633,-1.5,-0.348027842227378,0.812903225806452
"KAL_gen-31","241_B4_KAL_gen-31_TempWarm-16psu","KAL","gen-31",241,"B4","16psu","TempWarm","TempWarm_16psu",5,FALSE,0,44.8,2.24,FALSE,5,3,0.3,13.5,32,NA,NA,NA,NA,NA,38.5,21.6,1.6,NA,NA,NA,0,NA,NA,NA,NA,NA,NA,NA,NA,NA,NA,NA,NA,NA,1.06,0.97,0,0,2.03,"Y",1,NA,NA,"KAL_TempWarm_16psu","7",16.15,16.05,16,16.5,0.238047614284762,25.5085056840722,25.7374609375,16.21357421875,31.4003125,2.46520222039827,13,13,"13_13",107.2,2.39285714285714,-0.21,-0.0937500000000002,0.915094339622641
"KAL_gen-33","259_C1_KAL_gen-33_TempControl-21psu","KAL","gen-33",259,"C1","21psu","TempControl","TempControl_21psu",4,FALSE,0,62.2,2.84,FALSE,5,3,0.45,2.1,15.3,NA,NA,NA,NA,NA,36.9,33,13,NA,NA,NA,0,NA,NA,NA,NA,NA,NA,NA,NA,NA,NA,NA,NA,NA,1.34,1.33,0,0,2.67,"Y",1,NA,NA,"KAL_TempControl_21psu","9",21.05,21.05,21,21.1,0.0577350269189634,20.083437929056,20.2462109375,16.084873046875,25.9090625,1.69711366532744,17,3,"17_3",100.3,1.61254019292605,-0.17,-0.0598591549295774,0.992537313432836
"KAL_gen-35","279_C1_KAL_gen-35_TempControl-21psu","KAL","gen-35",279,"C1","21psu","TempControl","TempControl_21psu",4,FALSE,0,67.9,4.47,TRUE,5,3,0.45,35,9.6,NA,NA,NA,NA,NA,29.4,7.9,39.7,NA,NA,NA,0,NA,NA,NA,NA,NA,NA,NA,NA,NA,NA,NA,NA,NA,1.65,1.56,0,0,3.21,"N",1,NA,NA,"KAL_TempControl_21psu","11",21.075,21.1,21,21.1,0.0500000000000007,20.083437929056,20.2462109375,16.084873046875,25.9090625,1.69711366532744,22,3,"22_3",121.6,1.79086892488954,-1.26,-0.281879194630872,0.945454545454546
"KAL_gen-36","282_C1_KAL_gen-36_TempControl-7psu","KAL","gen-36",282,"C1","7psu","TempControl","TempControl_7psu",4,FALSE,0,50.5,3.31,TRUE,5,3,0.4,13.8,28.1,NA,NA,NA,NA,NA,31.3,26.1,7.3,NA,NA,NA,1,4,12.5,10.9,9.9,3.7,NA,NA,NA,NA,NA,NA,NA,NA,1.63,0.88,0.14,0,2.65,"N",1,NA,NA,"KAL_TempControl_7psu","12",7.1,7.1,7.1,7.1,0,20.083437929056,20.2462109375,16.084873046875,25.9090625,1.69711366532744,23,2,"23_2",143.6,2.84356435643564,-0.66,-0.199395770392749,0.539877300613497
"KAL_gen-37","296_C2_KAL_gen-37_TempControl-21psu","KAL","gen-37",296,"C2","21psu","TempControl","TempControl_21psu",5,FALSE,0,48,3.15,FALSE,5,3,0.4,18.2,6.7,NA,NA,NA,NA,NA,22.4,7.5,29.6,NA,NA,NA,0,NA,NA,NA,NA,NA,NA,NA,NA,NA,NA,NA,NA,NA,1.63,0.73,0,0,2.36,"N",1,NA,NA,"KAL_TempControl_21psu","13",21.3,21.3,21.3,21.3,0,20.0892158453973,20.16041015625,15.484267578125,26.85287109375,1.77596359359365,18,8,"18_8",84.4,1.75833333333333,-0.79,-0.250793650793651,0.447852760736196
"KAL_gen-38","304_C2_KAL_gen-38_TempControl-7psu","KAL","gen-38",304,"C2","7psu","TempControl","TempControl_7psu",4,FALSE,0,46.5,2.17,FALSE,5,4,0.4,19.6,NA,NA,NA,NA,NA,NA,31,15.7,31,0.7,NA,NA,0,NA,NA,NA,NA,NA,NA,NA,NA,NA,NA,NA,NA,NA,1.57,0.79,0,0,2.36,"N",1,NA,NA,"KAL_TempControl_7psu","14",7.03333333333333,7,7,7.1,0.0577350269189624,20.0892158453973,20.16041015625,15.484267578125,26.85287109375,1.77596359359365,20,8,"20_8",98,2.10752688172043,0.19,0.0875576036866359,0.503184713375796
"KAL_gen-39","310_C2_KAL_gen-39_TempControl-21psu","KAL","gen-39",310,"C2","21psu","TempControl","TempControl_21psu",4,FALSE,0,12.8,0.99,FALSE,4,3,0.2,6.9,NA,NA,NA,NA,NA,NA,14.9,7.4,15.9,NA,NA,NA,0,NA,NA,NA,NA,NA,NA,NA,NA,NA,NA,NA,NA,NA,0.43,0.3,0,0,0.73,"N",1,NA,NA,"KAL_TempControl_21psu","15",21.2333333333333,21.2,21.2,21.3,0.0577350269189634,20.0892158453973,20.16041015625,15.484267578125,26.85287109375,1.77596359359365,22,6,"22_6",45.1,3.5234375,-0.26,-0.262626262626263,0.697674418604651
"KAL_gen-40","314_C2_KAL_gen-40_TempControl-7psu","KAL","gen-40",314,"C2","7psu","TempControl","TempControl_7psu",5,FALSE,0,58.5,4.59,TRUE,5,5,0.4,NA,NA,NA,NA,NA,NA,NA,33.6,1,12.6,32.2,7.9,NA,2,1,8.8,NA,NA,NA,NA,NA,3,16.8,9.3,16.4,NA,NA,3.61,1.52,0.06,0.29,5.48,"N",1,NA,NA,"KAL_TempControl_7psu","16",7.03333333333333,7,7,7.1,0.0577350269189624,20.0892158453973,20.16041015625,15.484267578125,26.85287109375,1.77596359359365,23,6,"23_6",138.6,2.36923076923077,0.890000000000001,0.193899782135076,0.421052631578947
"KAL_gen-41","324_C3_KAL_gen-41_TempControl-21psu","KAL","gen-41",324,"C3","21psu","TempControl","TempControl_21psu",5,FALSE,0,55.2,4.65,FALSE,5,3,0.45,4.6,9.3,NA,NA,NA,NA,NA,9.1,2.9,NA,NA,NA,NA,1,6,3.7,10.2,18.5,9.9,17.1,1.5,NA,NA,NA,NA,NA,NA,2.92,0.99,0.38,0,4.29,"N",1,NA,NA,"KAL_TempControl_21psu","17",21.225,21.2,21.2,21.3,0.0500000000000007,20.0545752801425,20.203310546875,13.939853515625,24.150146484375,1.76645439081661,17,12,"17_12",86.8,1.57246376811594,-0.36,-0.0774193548387097,0.339041095890411
"KAL_gen-42","335_C3_KAL_gen-42_TempControl-7psu","KAL","gen-42",335,"C3","7psu","TempControl","TempControl_7psu",4,FALSE,0,45,1.99,FALSE,6,4,0.4,31,12.8,NA,NA,NA,NA,NA,38.1,19.1,37.4,1.5,NA,NA,0,NA,NA,NA,NA,NA,NA,NA,NA,NA,NA,NA,NA,NA,1.38,1.58,0,0,2.96,"N",1,NA,NA,"KAL_TempControl_7psu","18",6.975,7,6.9,7,0.0499999999999998,20.0545752801425,20.203310546875,13.939853515625,24.150146484375,1.76645439081661,20,11,"20_11",139.9,3.10888888888889,0.97,0.487437185929648,1.14492753623188
"KAL_gen-43","337_C3_KAL_gen-43_TempControl-21psu","KAL","gen-43",337,"C3","21psu","TempControl","TempControl_21psu",4,FALSE,0,44,1.81,FALSE,5,4,0.35,15.3,NA,NA,NA,NA,NA,NA,38.2,38.1,5.6,36.3,NA,NA,0,NA,NA,NA,NA,NA,NA,NA,NA,NA,NA,NA,NA,NA,1.38,0.92,0,0,2.3,"N",1,NA,NA,"KAL_TempControl_21psu","19",21.15,21.15,21.1,21.2,0.0577350269189613,20.0545752801425,20.203310546875,13.939853515625,24.150146484375,1.76645439081661,21,9,"21_9",133.5,3.03409090909091,0.49,0.270718232044199,0.666666666666667
"KAL_gen-44","350_C3_KAL_gen-44_TempControl-7psu","KAL","gen-44",350,"C3","7psu","TempControl","TempControl_7psu",5,FALSE,0,41.5,2.54,FALSE,5,4,0.3,10.9,NA,NA,NA,NA,NA,NA,25.8,5.9,21.2,26.6,NA,NA,1,4,11,7.4,9.4,0.8,NA,NA,NA,NA,NA,NA,NA,NA,2.13,0.76,0.07,0,2.96,"N",1,NA,NA,"KAL_TempControl_7psu","20",7,7,7,7,0,20.0545752801425,20.203310546875,13.939853515625,24.150146484375,1.76645439081661,24,10,"24_10",119,2.86746987951807,0.42,0.165354330708661,0.356807511737089
"KAL_gen-45","353_C4_KAL_gen-45_TempControl-21psu","KAL","gen-45",353,"C4","21psu","TempControl","TempControl_21psu",5,FALSE,0,63.3,4.12,FALSE,6,4,0.4,37.5,10.6,NA,NA,NA,NA,NA,45.6,51.6,21.4,2.9,NA,NA,0,NA,NA,NA,NA,NA,NA,NA,NA,NA,NA,NA,NA,NA,2.34,1.53,0,0,3.87,"N",1,NA,NA,"KAL_TempControl_21psu","21",21.4,21.4,21.4,21.4,0,20.2176319507076,20.2462109375,16.170673828125,27.02447265625,1.99822095675236,17,13,"17_13",169.6,2.67930489731438,-0.25,-0.0606796116504854,0.653846153846154
"KAL_gen-46","362_C4_KAL_gen-46_TempControl-7psu","KAL","gen-46",362,"C4","7psu","TempControl","TempControl_7psu",5,FALSE,0,49.6,3.15,FALSE,5,3,0.4,11.4,26.6,NA,NA,NA,NA,NA,34,12.1,28.8,NA,NA,NA,1,5,1.5,10.8,5.4,14.1,15.2,NA,NA,NA,NA,NA,NA,NA,1.85,1.01,0.15,0,3.01,"N",1,NA,NA,"KAL_TempControl_7psu","22",6.975,7,6.9,7,0.0499999999999998,20.2176319507076,20.2462109375,16.170673828125,27.02447265625,1.99822095675236,19,14,"19_14",159.9,3.22379032258064,-0.14,-0.0444444444444445,0.545945945945946
"KAL_gen-47","374_C4_KAL_gen-47_TempControl-21psu","KAL","gen-47",374,"C4","21psu","TempControl","TempControl_21psu",5,FALSE,0,80.6,4.91,TRUE,6,4,0.4,15.2,41.2,NA,NA,NA,NA,NA,47.9,18.9,40.8,2.2,NA,NA,0,NA,NA,NA,NA,NA,NA,NA,NA,NA,NA,NA,NA,NA,2.29,1.62,0,0,3.91,"N",1,NA,NA,"KAL_TempControl_21psu","23",21.075,21.3,20.3,21.4,0.518812747209112,20.2176319507076,20.2462109375,16.170673828125,27.02447265625,1.99822095675236,22,14,"22_14",166.2,2.06203473945409,-1,-0.203665987780041,0.707423580786026
"KAL_gen-48","380_C4_KAL_gen-48_TempControl-7psu","KAL","gen-48",380,"C4","7psu","TempControl","TempControl_7psu",5,FALSE,0,51,3.18,TRUE,6,4,0.4,7.3,23.6,NA,NA,NA,NA,NA,37,25.3,5.2,39,NA,NA,0,NA,NA,NA,NA,NA,NA,NA,NA,NA,NA,NA,NA,NA,2.01,1.27,0,0,3.28,"N",1,NA,NA,"KAL_TempControl_7psu","24",7.075,7,7,7.3,0.15,20.2176319507076,20.2462109375,16.170673828125,27.02447265625,1.99822095675236,23,16,"23_16",137.4,2.69411764705882,0.0999999999999996,0.031446540880503,0.631840796019901
"KUR_gen-01","002_A1_KUR_gen-01_TempControl-21psu","KUR","gen-01",2,"A1","21psu","TempControl","TempControl_21psu",6,TRUE,2,15.5,0.95,FALSE,4,2,0.2,6.1,18.7,0,NA,NA,NA,NA,13.6,18.4,NA,NA,NA,NA,1,3,12.5,6.1,9,NA,NA,NA,NA,NA,NA,NA,NA,NA,0.91,0.33,0.07,0,1.31,"N",1,NA,NA,"KUR_TempControl_21psu","1",21.3,21.3,21.2,21.4,0.0707106781186545,20.0156771811542,20.117509765625,16.04197265625,24.193046875,1.7119521433729,1,2,"1_2",84.4,5.44516129032258,0.36,0.378947368421053,0.362637362637363
"KUR_gen-03","024_A1_KUR_gen-03_TempControl-21psu","KUR","gen-03",24,"A1","21psu","TempControl","TempControl_21psu",5,FALSE,0,15.4,1.18,FALSE,4,2,0.2,12.7,1.5,NA,NA,NA,NA,NA,4.7,19,NA,NA,NA,NA,1,1,2,NA,NA,NA,NA,NA,NA,NA,NA,NA,NA,NA,1.02,0.19,0.01,0,1.22,"N",1,NA,NA,"KUR_TempControl_21psu","3",21.22,21.2,21.2,21.3,0.0447213595499964,20.0156771811542,20.117509765625,16.04197265625,24.193046875,1.7119521433729,6,4,"6_4",39.9,2.59090909090909,0.04,0.0338983050847458,0.186274509803922
"KUR_gen-05","040_A2_KUR_gen-05_TempControl-21psu","KUR","gen-05",40,"A2","21psu","TempControl","TempControl_21psu",5,FALSE,0,19.9,1.51,FALSE,4,3,0.2,6,NA,NA,NA,NA,NA,NA,14.4,16.7,1.2,NA,NA,NA,0,NA,NA,NA,NA,NA,NA,NA,NA,NA,NA,NA,NA,NA,0.98,0.17,0,0,1.15,"N",1,NA,NA,"KUR_TempControl_21psu","5",21.18,21.2,21.1,21.2,0.0447213595499948,19.9674754033708,20.117509765625,15.999072265625,24.62205078125,1.72075764002812,2,8,"2_8",38.3,1.92462311557789,-0.36,-0.23841059602649,0.173469387755102
"KUR_gen-07","054_A2_KUR_gen-07_TempControl-21psu","KUR","gen-07",54,"A2","21psu","TempControl","TempControl_21psu",4,FALSE,0,24.5,1.41,FALSE,4,2,0.25,3.1,14.8,NA,NA,NA,NA,NA,32,17.5,NA,NA,NA,NA,1,2,7.5,2.5,NA,NA,NA,NA,NA,NA,NA,NA,NA,NA,1.27,0.34,0.04,0,1.65,"N",1,NA,NA,"KUR_TempControl_21psu","7",21.18,21.2,21.1,21.2,0.0447213595499948,19.9674754033708,20.117509765625,15.999072265625,24.62205078125,1.72075764002812,6,6,"6_6",77.4,3.15918367346939,0.24,0.170212765957447,0.267716535433071
"KUR_gen-08","057_A2_KUR_gen-08_TempControl-7psu","KUR","gen-08",57,"A2","7psu","TempControl","TempControl_7psu",5,FALSE,0,17.7,0.83,TRUE,4,3,0.2,12.3,NA,NA,NA,NA,NA,NA,21,3.9,21.2,NA,NA,NA,0,NA,NA,NA,NA,NA,NA,NA,NA,NA,NA,NA,NA,NA,0.68,0.35,0,0,1.03,"N",1,NA,NA,"KUR_TempControl_7psu","8",7,7,7,7,0,19.9674754033708,20.117509765625,15.999072265625,24.62205078125,1.72075764002812,7,5,"7_5",58.4,3.29943502824859,0.2,0.240963855421687,0.514705882352941
"KUR_gen-09","068_A3_KUR_gen-09_TempWarm-16psu","KUR","gen-09",68,"A3","16psu","TempWarm","TempWarm_16psu",6,TRUE,2,30.3,1.58,FALSE,4,2,0.25,14.8,6.5,NA,NA,NA,NA,NA,2,12.3,NA,NA,NA,NA,1,4,8,10.5,5.7,10.4,NA,NA,NA,NA,NA,NA,NA,NA,1.06,0.32,0.08,0,1.46,"N",1,NA,NA,"KUR_TempWarm_16psu","9",16.2,16.2,16.1,16.3,0.0999999999999996,25.8025284445741,26.123564453125,15.827470703125,32.34412109375,2.39952191130576,1,12,"1_12",70.2,2.31683168316832,-0.12,-0.0759493670886077,0.30188679245283
"KUR_gen-11","088_A3_KUR_gen-11_TempWarm-16psu","KUR","gen-11",88,"A3","16psu","TempWarm","TempWarm_16psu",4,FALSE,0,23,1.59,FALSE,5,3,0.25,21.4,4.8,NA,NA,NA,NA,NA,24.6,7.6,30.2,NA,NA,NA,0,NA,NA,NA,NA,NA,NA,NA,NA,NA,NA,NA,NA,NA,1.7,0.65,0,0,2.35,"N",1,NA,NA,"KUR_TempWarm_16psu","11",16.06,16.1,16,16.1,0.0547722557505174,25.8025284445741,26.123564453125,15.827470703125,32.34412109375,2.39952191130576,6,12,"6_12",88.6,3.85217391304348,0.76,0.477987421383648,0.382352941176471
"KUR_gen-15","115_A4_KUR_gen-15_TempWarm-16psu","KUR","gen-15",115,"A4","16psu","TempWarm","TempWarm_16psu",5,FALSE,0,15,0.95,TRUE,3,2,0.3,13.8,NA,NA,NA,NA,NA,NA,2.8,14.7,NA,NA,NA,NA,1,1,6.6,NA,NA,NA,NA,NA,NA,NA,NA,NA,NA,NA,0.37,0.12,0.01,0,0.5,"N",1,NA,NA,"KUR_TempWarm_16psu","15",16.15,16.15,16.1,16.2,0.0547722557505154,25.7714604437466,26.16646484375,16.428076171875,34.23173828125,2.47389489451105,5,15,"5_15",37.9,2.52666666666667,-0.45,-0.473684210526316,0.324324324324324
"KUR_gen-19","147_B1_KUR_gen-19_TempWarm-16psu","KUR","gen-19",147,"B1","16psu","TempWarm","TempWarm_16psu",5,FALSE,0,22.7,1.45,FALSE,4,3,0.2,13.5,NA,NA,NA,NA,NA,NA,15.2,0.9,9.9,NA,NA,NA,0,NA,NA,NA,NA,NA,NA,NA,NA,NA,NA,NA,NA,NA,0.83,0.19,0,0,1.02,"Y",1,NA,NA,"KUR_TempWarm_16psu","19",15.925,15.85,15.8,16.2,0.189296944860008,26.0011390003983,26.252265625,16.1277734375,32.08671875,2.3181131150409,13,3,"13_3",39.5,1.74008810572687,-0.43,-0.296551724137931,0.228915662650602
"KUR_gen-21","166_B2_KUR_gen-21_TempWarm-16psu","KUR","gen-21",166,"B2","16psu","TempWarm","TempWarm_16psu",5,FALSE,0,13.8,0.81,FALSE,4,2,0.2,14.7,5.5,NA,NA,NA,NA,NA,11.9,1.7,NA,NA,NA,NA,1,2,8.6,8.4,NA,NA,NA,NA,NA,NA,NA,NA,NA,NA,0.69,0.14,0.04,0,0.87,"N",1,NA,NA,"KUR_TempWarm_16psu","21",16.05,16,15.9,16.3,0.173205080756888,25.8957324470566,26.123564453125,16.55677734375,31.700615234375,2.36168510535851,10,6,"10_6",50.8,3.68115942028985,0.0599999999999999,0.074074074074074,0.202898550724638
"KUR_gen-33","257_C1_KUR_gen-33_TempControl-21psu","KUR","gen-33",257,"C1","21psu","TempControl","TempControl_21psu",5,TRUE,2,24,1.03,FALSE,5,3,0.3,4.6,17.3,NA,NA,NA,NA,NA,31.6,9,27.6,NA,NA,NA,1,4,15.1,12.5,22.2,8.2,NA,NA,NA,NA,NA,NA,NA,NA,1.04,0.39,0.15,0,1.58,"Y",1,NA,NA,"KUR_TempControl_21psu","9",21,21,20.9,21.1,0.0816496580927738,20.083437929056,20.2462109375,16.084873046875,25.9090625,1.69711366532744,17,1,"17_1",148.1,6.17083333333333,0.55,0.533980582524272,0.375
"KUR_gen-35","278_C1_KUR_gen-35_TempControl-21psu","KUR","gen-35",278,"C1","21psu","TempControl","TempControl_21psu",5,FALSE,0,28,1.44,FALSE,5,3,0.2,0.9,11.5,NA,NA,NA,NA,NA,30.1,28.4,4.6,NA,NA,NA,0,NA,NA,NA,NA,NA,NA,NA,NA,NA,NA,NA,NA,NA,1.1,0.66,0,0,1.76,"Y",1,NA,NA,"KUR_TempControl_21psu","11",21.15,21.15,21.1,21.2,0.0577350269189613,20.083437929056,20.2462109375,16.084873046875,25.9090625,1.69711366532744,22,2,"22_2",75.5,2.69642857142857,0.32,0.222222222222222,0.6
"KUR_gen-37","292_C2_KUR_gen-37_TempControl-21psu","KUR","gen-37",292,"C2","21psu","TempControl","TempControl_21psu",3,FALSE,0,15.7,1.16,FALSE,4,2,0.2,14.6,3.3,NA,NA,NA,NA,NA,13.4,24.5,NA,NA,NA,NA,0,NA,NA,NA,NA,NA,NA,NA,NA,NA,NA,NA,NA,NA,1.03,0.25,0,0,1.28,"N",1,NA,NA,"KUR_TempControl_21psu","13",21.4,21.4,21.4,21.4,0,20.0892158453973,20.16041015625,15.484267578125,26.85287109375,1.77596359359365,17,8,"17_8",55.8,3.55414012738854,0.12,0.103448275862069,0.242718446601942
"KUR_gen-38","303_C2_KUR_gen-38_TempControl-7psu","KUR","gen-38",303,"C2","7psu","TempControl","TempControl_7psu",4,FALSE,0,15.8,0.84,FALSE,5,5,0.25,NA,NA,NA,NA,NA,NA,NA,19.1,11.8,13,4,17,NA,0,NA,NA,NA,NA,NA,NA,NA,NA,NA,NA,NA,NA,NA,1.62,0.31,0,0,1.93,"N",1,NA,NA,"KUR_TempControl_7psu","14",7.03333333333333,7,7,7.1,0.0577350269189624,20.0892158453973,20.16041015625,15.484267578125,26.85287109375,1.77596359359365,20,7,"20_7",64.9,4.10759493670886,1.09,1.29761904761905,0.191358024691358
"KUR_gen-39","311_C2_KUR_gen-39_TempControl-21psu","KUR","gen-39",311,"C2","21psu","TempControl","TempControl_21psu",4,FALSE,0,16.4,0.91,FALSE,5,3,0.2,19.2,4.3,NA,NA,NA,NA,NA,24.1,7.3,27.9,NA,NA,NA,1,3,8.8,5.4,7,NA,NA,NA,NA,NA,NA,NA,NA,NA,0.96,0.39,0.03,0,1.38,"N",1,NA,NA,"KUR_TempControl_21psu","15",21.2333333333333,21.2,21.2,21.3,0.0577350269189634,20.0892158453973,20.16041015625,15.484267578125,26.85287109375,1.77596359359365,22,7,"22_7",104,6.34146341463415,0.47,0.516483516483516,0.40625
"KUR_gen-41","327_C3_KUR_gen-41_TempControl-21psu","KUR","gen-41",327,"C3","21psu","TempControl","TempControl_21psu",5,FALSE,0,14.5,0.78,FALSE,5,3,0.1,2.5,9.5,NA,NA,NA,NA,NA,15,3.4,13.9,NA,NA,NA,0,NA,NA,NA,NA,NA,NA,NA,NA,NA,NA,NA,NA,NA,0.61,0.17,0,0,0.78,"N",1,NA,NA,"KUR_TempControl_21psu","17",21.15,21.15,21.1,21.2,0.0577350269189613,20.0545752801425,20.203310546875,13.939853515625,24.150146484375,1.76645439081661,18,11,"18_11",44.3,3.0551724137931,0,0,0.278688524590164
"KUR_gen-43","344_C3_KUR_gen-43_TempControl-21psu","KUR","gen-43",344,"C3","21psu","TempControl","TempControl_21psu",5,FALSE,0,34.5,1.15,FALSE,5,4,0.3,16.3,NA,NA,NA,NA,NA,NA,15.9,27.8,31.8,1.2,NA,NA,1,5,8.3,19,2.5,15.9,14.4,NA,NA,NA,NA,NA,NA,NA,0.98,0.39,0.26,0,1.63,"N",1,NA,NA,"KUR_TempControl_21psu","19",21,21.1,20.7,21.1,0.200000000000001,20.0545752801425,20.203310546875,13.939853515625,24.150146484375,1.76645439081661,22,12,"22_12",153.1,4.43768115942029,0.48,0.417391304347826,0.397959183673469
"KUR_gen-45","360_C4_KUR_gen-45_TempControl-21psu","KUR","gen-45",360,"C4","21psu","TempControl","TempControl_21psu",5,FALSE,0,22.3,1.39,FALSE,4,2,0.2,6.4,21.7,NA,NA,NA,NA,NA,25.6,9.7,NA,NA,NA,NA,0,NA,NA,NA,NA,NA,NA,NA,NA,NA,NA,NA,NA,NA,0.96,0.45,0,0,1.41,"N",1,NA,NA,"KUR_TempControl_21psu","21",20.75,21.3,19.1,21.3,1.1,20.2176319507076,20.2462109375,16.170673828125,27.02447265625,1.99822095675236,18,16,"18_16",63.4,2.84304932735426,0.02,0.0143884892086331,0.46875
"KUR_gen-46","363_C4_KUR_gen-46_TempControl-7psu","KUR","gen-46",363,"C4","7psu","TempControl","TempControl_7psu",4,FALSE,0,13.2,0.68,FALSE,3,3,0.2,NA,NA,NA,NA,NA,NA,NA,1.2,7.1,13,NA,NA,NA,0,NA,NA,NA,NA,NA,NA,NA,NA,NA,NA,NA,NA,NA,0.21,0.1,0,0,0.31,"N",1,NA,NA,"KUR_TempControl_7psu","22",7.2,7.2,7,7.4,0.230940107675851,20.2176319507076,20.2462109375,16.170673828125,27.02447265625,1.99822095675236,19,15,"19_15",21.3,1.61363636363636,-0.37,-0.544117647058824,0.476190476190476
"KUR_gen-47","375_C4_KUR_gen-47_TempControl-21psu","KUR","gen-47",375,"C4","21psu","TempControl","TempControl_21psu",5,FALSE,0,17.7,1.39,FALSE,5,4,0.2,9.6,21.7,NA,NA,NA,NA,NA,29.3,1.2,17.8,0.3,NA,NA,1,5,8,19,13.2,11.5,0.7,NA,NA,NA,NA,NA,NA,NA,1.08,0.37,0.14,0,1.59,"N",1,NA,NA,"KUR_TempControl_21psu","23",21.3,21.25,21.1,21.6,0.216024689946929,20.2176319507076,20.2462109375,16.170673828125,27.02447265625,1.99822095675236,22,15,"22_15",132.3,7.47457627118644,0.2,0.143884892086331,0.342592592592593
"KUR_gen-48","382_C4_KUR_gen-48_TempControl-7psu","KUR","gen-48",382,"C4","7psu","TempControl","TempControl_7psu",4,FALSE,0,14.8,0.98,FALSE,5,4,0.2,11.2,NA,NA,NA,NA,NA,NA,24.2,8,23.5,19.4,NA,NA,1,5,8.2,15.5,10.6,10.3,1.5,NA,NA,NA,NA,NA,NA,NA,0.87,0.33,0.08,0,1.28,"Y",1,NA,NA,"KUR_TempControl_7psu","24",7.2,7.2,7.2,7.2,0,20.2176319507076,20.2462109375,16.170673828125,27.02447265625,1.99822095675236,24,14,"24_14",132.4,8.94594594594595,0.3,0.306122448979592,0.379310344827586
"VAT_gen-01","006_A1_VAT_gen-01_TempControl-21psu","VAT","gen-01",6,"A1","21psu","TempControl","TempControl_21psu",5,FALSE,0,58.3,5.84,TRUE,5,2,0.6,1.4,17.5,13,NA,NA,NA,NA,27.1,18.2,NA,NA,NA,NA,1,4,7.9,5,9.4,10.5,NA,NA,NA,NA,NA,NA,NA,NA,3.97,2.29,0,0,6.26,"N",1,NA,NA,"VAT_TempControl_21psu","1",21.42,21.4,21.4,21.5,0.0447213595499964,20.0156771811542,20.117509765625,16.04197265625,24.193046875,1.7119521433729,2,2,"2_2",110,1.88679245283019,0.42,0.0719178082191781,0.576826196473552
"VAT_gen-03","019_A1_VAT_gen-03_TempControl-21psu","VAT","gen-03",19,"A1","21psu","TempControl","TempControl_21psu",5,FALSE,0,48,5.63,TRUE,6,3,0.4,0.1,27.3,8.8,NA,NA,NA,NA,34.6,40.3,12,NA,NA,NA,1,3,12.6,12.7,14.6,NA,NA,NA,NA,NA,NA,NA,NA,NA,4.89,2.58,0.36,0,7.83,"Y",1,NA,NA,"VAT_TempControl_21psu","3",21.44,21.4,21.4,21.5,0.0547722557505174,20.0156771811542,20.117509765625,16.04197265625,24.193046875,1.7119521433729,5,3,"5_3",163,3.39583333333333,2.2,0.390763765541741,0.52760736196319
"VAT_gen-05","034_A2_VAT_gen-05_TempControl-21psu","VAT","gen-05",34,"A2","21psu","TempControl","TempControl_21psu",4,FALSE,0,50.5,5.15,TRUE,5,3,0.5,13.5,6.4,NA,NA,NA,NA,NA,25.6,1.3,17.2,NA,NA,NA,1,4,9.2,8.2,1.2,12.3,NA,NA,NA,NA,NA,NA,NA,NA,3.4,1.9,0.26,0,5.56,"N",1,NA,NA,"VAT_TempControl_21psu","5",21.56,21.6,21.5,21.6,0.0547722557505174,19.9674754033708,20.117509765625,15.999072265625,24.62205078125,1.72075764002812,1,6,"1_6",94.9,1.87920792079208,0.409999999999999,0.0796116504854367,0.558823529411765
"VAT_gen-07","053_A2_VAT_gen-07_TempControl-21psu","VAT","gen-07",53,"A2","21psu","TempControl","TempControl_21psu",5,FALSE,0,35.3,4.19,TRUE,4,2,0.4,32,14.7,NA,NA,NA,NA,NA,3,23.1,NA,NA,NA,NA,0,NA,NA,NA,NA,NA,NA,NA,NA,NA,NA,NA,NA,NA,2.85,1.33,0,0,4.18,"N",1,NA,NA,"VAT_TempControl_21psu","7",21.38,21.4,21.3,21.4,0.0447213595499948,19.9674754033708,20.117509765625,15.999072265625,24.62205078125,1.72075764002812,6,5,"6_5",72.8,2.06232294617564,-0.0100000000000007,-0.0023866348448689,0.466666666666667
"VAT_gen-19","152_B1_VAT_gen-19_TempWarm-16psu","VAT","gen-19",152,"B1","16psu","TempWarm","TempWarm_16psu",5,FALSE,0,51,6.12,TRUE,4,3,0.55,19,NA,NA,NA,NA,NA,NA,20.6,7.1,27.2,NA,NA,NA,0,NA,NA,NA,NA,NA,NA,NA,NA,NA,NA,NA,NA,NA,2.72,1.63,0,0,4.35,"Y",1,NA,NA,"VAT_TempWarm_16psu","19",16.0333333333333,16,15.9,16.2,0.152752523165194,26.0011390003983,26.252265625,16.1277734375,32.08671875,2.3181131150409,14,4,"14_4",73.9,1.44901960784314,-1.77,-0.28921568627451,0.599264705882353
"VAT_gen-23","184_B2_VAT_gen-23_TempWarm-16psu","VAT","gen-23",184,"B2","16psu","TempWarm","TempWarm_16psu",5,FALSE,0,37.5,4.12,TRUE,5,2,0.4,2.8,22.4,12.1,NA,NA,NA,NA,7,16.9,NA,NA,NA,NA,0,NA,NA,NA,NA,NA,NA,NA,NA,NA,NA,NA,NA,NA,1.36,1.06,0,0,2.42,"N",1,NA,NA,"VAT_TempWarm_16psu","23",16.125,16.05,16,16.4,0.189296944860008,25.8957324470566,26.123564453125,16.55677734375,31.700615234375,2.36168510535851,14,8,"14_8",61.2,1.632,-1.7,-0.412621359223301,0.779411764705882
"VAT_gen-27","216_B3_VAT_gen-27_TempWarm-16psu","VAT","gen-27",216,"B3","16psu","TempWarm","TempWarm_16psu",5,FALSE,0,45,4.99,TRUE,0,NA,NA,NA,NA,NA,NA,NA,NA,NA,NA,NA,NA,NA,NA,NA,1,4,11.9,8.7,9.3,0.6,NA,NA,NA,NA,NA,NA,NA,NA,2.98,0,0.19,0,0,"N",1,NA,NA,"VAT_TempWarm_16psu","3",16.2,16.1,16.1,16.4,0.173205080756886,25.8228915576884,26.0806640625,16.04197265625,32.00091796875,2.41059776241806,14,12,"14_12",30.5,0.677777777777778,-4.99,-1,0
"VAT_gen-33","263_C1_VAT_gen-33_TempControl-21psu","VAT","gen-33",263,"C1","21psu","TempControl","TempControl_21psu",5,FALSE,0,44.7,5.32,FALSE,5,3,0.5,5,13.9,NA,NA,NA,NA,NA,24.6,15.3,3.3,NA,NA,NA,2,5,15.2,16.6,2.2,11.9,13.6,NA,4,13.5,11.1,16.4,13.1,NA,4.6,0.54,1.59,1.42,8.15,"Y",1,NA,NA,"VAT_TempControl_21psu","9",21.25,21.2,21.2,21.4,0.0999999999999996,20.083437929056,20.2462109375,16.084873046875,25.9090625,1.69711366532744,18,3,"18_3",175.7,3.93064876957494,2.83,0.531954887218045,0.117391304347826
"VAT_gen-37","295_C2_VAT_gen-37_TempControl-21psu","VAT","gen-37",295,"C2","21psu","TempControl","TempControl_21psu",5,FALSE,0,53,6.83,FALSE,5,3,0.5,9,25.2,NA,NA,NA,NA,NA,37.1,12.4,37.8,NA,NA,NA,1,5,12.8,16.2,6.4,18.4,10,NA,NA,NA,NA,NA,NA,NA,5.44,1.79,0.65,0,7.88,"N",1,NA,NA,"VAT_TempControl_21psu","13",21.4,21.4,21.4,21.4,0,20.0892158453973,20.16041015625,15.484267578125,26.85287109375,1.77596359359365,18,7,"18_7",185.3,3.49622641509434,1.05,0.153733528550512,0.329044117647059
"VAT_gen-38","302_C2_VAT_gen-38_TempControl-7psu","VAT","gen-38",302,"C2","7psu","TempControl","TempControl_7psu",5,FALSE,0,36.4,4.66,TRUE,2,2,0.3,NA,NA,NA,NA,NA,NA,NA,14.6,5,NA,NA,NA,NA,0,NA,NA,NA,NA,NA,NA,NA,NA,NA,NA,NA,NA,NA,3.86,0.29,0,0,4.15,"N",1,NA,NA,"VAT_TempControl_7psu","14",7.1,7.1,7.1,7.1,0,20.0892158453973,20.16041015625,15.484267578125,26.85287109375,1.77596359359365,20,6,"20_6",19.6,0.538461538461539,-0.51,-0.109442060085837,0.0751295336787565
"VAT_gen-39","309_C2_VAT_gen-39_TempControl-21psu","VAT","gen-39",309,"C2","21psu","TempControl","TempControl_21psu",4,FALSE,0,52.3,7.38,TRUE,4,3,0.5,8.2,NA,NA,NA,NA,NA,NA,39.2,19.5,37.1,NA,NA,NA,1,3,11.2,4.9,11.8,NA,NA,NA,NA,NA,NA,NA,NA,NA,5.68,2.26,0.23,0,8.17,"Y",1,NA,NA,"VAT_TempControl_21psu","15",21.4,21.4,21.4,21.4,0,20.0892158453973,20.16041015625,15.484267578125,26.85287109375,1.77596359359365,22,5,"22_5",131.9,2.52198852772467,0.79,0.107046070460705,0.397887323943662
"VAT_gen-41","322_C3_VAT_gen-41_TempControl-21psu","VAT","gen-41",322,"C3","21psu","TempControl","TempControl_21psu",5,FALSE,0,55,7.17,TRUE,4,2,0.5,20.3,NA,NA,NA,NA,NA,NA,26.5,7.5,0.9,NA,NA,NA,1,5,8.3,3.2,18,12.1,14.9,NA,NA,NA,NA,NA,NA,NA,3.9,0.97,0.46,0,5.33,"Y",1,NA,NA,"VAT_TempControl_21psu","17",21.35,21.35,21.3,21.4,0.0577350269189613,20.0545752801425,20.203310546875,13.939853515625,24.150146484375,1.76645439081661,17,10,"17_10",111.7,2.03090909090909,-1.84,-0.256624825662483,0.248717948717949
"VAT_gen-43","343_C3_VAT_gen-43_TempControl-21psu","VAT","gen-43",343,"C3","21psu","TempControl","TempControl_21psu",5,FALSE,0,55.4,6.09,TRUE,4,3,0.4,22.8,NA,NA,NA,NA,NA,NA,13.1,35.5,36.4,NA,NA,NA,1,4,9.5,14,15.6,4.5,NA,NA,NA,NA,NA,NA,NA,NA,3.49,1.16,0.3,0,4.95,"N",1,NA,NA,"VAT_TempControl_21psu","19",21.35,21.35,21.3,21.4,0.0577350269189613,20.0545752801425,20.203310546875,13.939853515625,24.150146484375,1.76645439081661,22,11,"22_11",151.4,2.73285198555957,-1.14,-0.187192118226601,0.332378223495702
"VAT_gen-45","359_C4_VAT_gen-45_TempControl-21psu","VAT","gen-45",359,"C4","21psu","TempControl","TempControl_21psu",5,FALSE,0,70,9.58,TRUE,5,3,0.5,35,15.2,NA,NA,NA,NA,NA,17,36.2,0.2,NA,NA,NA,0,NA,NA,NA,NA,NA,NA,NA,NA,NA,NA,NA,NA,NA,4.11,2.41,0,0,6.52,"Y",1,NA,NA,"VAT_TempControl_21psu","21",21.1,21.3,20.4,21.4,0.469041575982344,20.2176319507076,20.2462109375,16.170673828125,27.02447265625,1.99822095675236,18,15,"18_15",103.6,1.48,-3.06,-0.319415448851775,0.586374695863747
"VAT_gen-47","373_C4_VAT_gen-47_TempControl-21psu","VAT","gen-47",373,"C4","21psu","TempControl","TempControl_21psu",5,FALSE,0,37.9,4.45,TRUE,4,3,0.4,11.9,NA,NA,NA,NA,NA,NA,25.7,12,27.6,NA,NA,NA,1,4,12.9,7.1,14,13.2,NA,NA,NA,NA,NA,NA,NA,NA,2.96,1.03,0.41,0,4.4,"N",1,NA,NA,"VAT_TempControl_21psu","23",21.175,21.4,20.5,21.4,0.449999999999999,20.2176319507076,20.2462109375,16.170673828125,27.02447265625,1.99822095675236,22,13,"22_13",124.4,3.28232189973615,-0.0499999999999998,-0.0112359550561797,0.347972972972973
"VIK_gen-01","005_A1_VIK_gen-01_TempControl-21psu","VIK","gen-01",5,"A1","21psu","TempControl","TempControl_21psu",5,FALSE,0,59.7,5.72,TRUE,5,3,0.5,6.1,23.3,NA,NA,NA,NA,NA,41.9,16,44.1,NA,NA,NA,1,4,7.9,21.2,15.8,16.8,NA,NA,NA,NA,NA,NA,NA,NA,1.81,2,0.36,0,4.17,"N",1,NA,NA,"VIK_TempControl_21psu","1",21.3,21.3,21.3,21.3,0,20.0156771811542,20.117509765625,16.04197265625,24.193046875,1.7119521433729,2,1,"2_1",193.1,3.23450586264657,-1.55,-0.270979020979021,1.10497237569061
"VIK_gen-02","012_A1_VIK_gen-02_TempControl-7psu","VIK","gen-02",12,"A1","7psu","TempControl","TempControl_7psu",7,TRUE,3,25,2.23,TRUE,4,2,0.4,1.3,1.5,NA,NA,NA,NA,NA,9.2,11.6,NA,NA,NA,NA,0,NA,NA,NA,NA,NA,NA,NA,NA,NA,NA,NA,NA,NA,1.72,0.3,0,0,2.02,"N",1,NA,NA,"VIK_TempControl_7psu","2",7.34,7.3,7.3,7.4,0.0547722557505169,20.0156771811542,20.117509765625,16.04197265625,24.193046875,1.7119521433729,3,4,"3_4",23.6,0.944,-0.21,-0.0941704035874439,0.174418604651163
"VIK_gen-03","017_A1_VIK_gen-03_TempControl-21psu","VIK","gen-03",17,"A1","21psu","TempControl","TempControl_21psu",4,FALSE,0,40,2.84,FALSE,5,3,0.45,4.9,13.8,NA,NA,NA,NA,NA,12.7,4.1,12.7,NA,NA,NA,1,2,14.9,10.1,NA,NA,NA,NA,NA,NA,NA,NA,NA,NA,2.11,0.64,0.13,0,2.88,"N",1,NA,NA,"VIK_TempControl_21psu","3",21.42,21.4,21.4,21.5,0.0447213595499964,20.0156771811542,20.117509765625,16.04197265625,24.193046875,1.7119521433729,5,1,"5_1",73.2,1.83,0.04,0.0140845070422535,0.303317535545024
"VIK_gen-05","033_A2_VIK_gen-05_TempControl-21psu","VIK","gen-05",33,"A2","21psu","TempControl","TempControl_21psu",4,FALSE,0,44.2,4.75,FALSE,4,3,0.4,8.4,NA,NA,NA,NA,NA,NA,21.5,8,20,NA,NA,NA,0,NA,NA,NA,NA,NA,NA,NA,NA,NA,NA,NA,NA,NA,3.05,0.86,0,0,3.91,"N",1,NA,NA,"VIK_TempControl_21psu","5",21.36,21.4,21.3,21.4,0.0547722557505154,19.9674754033708,20.117509765625,15.999072265625,24.62205078125,1.72075764002812,1,5,"1_5",57.9,1.30995475113122,-0.84,-0.176842105263158,0.281967213114754
"VIK_gen-06","046_A2_VIK_gen-06_TempControl-7psu","VIK","gen-06",46,"A2","7psu","TempControl","TempControl_7psu",5,TRUE,0,46.6,4.47,FALSE,0,0,NA,NA,NA,NA,NA,NA,NA,NA,NA,NA,NA,NA,NA,NA,1,4,11,8.9,10.1,13,NA,NA,NA,NA,NA,NA,NA,NA,2.27,0,1.3,0,3.57,"N",1,NA,NA,"VIK_TempControl_7psu","6",7.14,7.1,7.1,7.2,0.0547722557505169,19.9674754033708,20.117509765625,15.999072265625,24.62205078125,1.72075764002812,4,6,"4_6",43,0.92274678111588,-0.9,-0.201342281879195,0
"VIK_gen-07","055_A2_VIK_gen-07_TempControl-21psu","VIK","gen-07",55,"A2","21psu","TempControl","TempControl_21psu",5,FALSE,0,28.1,2.46,TRUE,3,2,0.4,13.1,NA,NA,NA,NA,NA,NA,15.4,21.7,NA,NA,NA,NA,1,4,14.5,17.3,11.1,3.7,NA,NA,NA,NA,NA,NA,NA,NA,0.77,0.39,0.15,0,1.31,"N",1,NA,NA,"VIK_TempControl_21psu","7",21.32,21.3,21.2,21.4,0.083666002653407,19.9674754033708,20.117509765625,15.999072265625,24.62205078125,1.72075764002812,6,7,"6_7",96.8,3.44483985765125,-1.15,-0.467479674796748,0.506493506493507
"VIK_gen-08","061_A2_VIK_gen-08_TempControl-7psu","VIK","gen-08",61,"A2","7psu","TempControl","TempControl_7psu",4,FALSE,0,30.9,1.81,FALSE,4,3,0.35,12.1,NA,NA,NA,NA,NA,NA,11.3,6.5,1.5,NA,NA,NA,1,2,4.6,5.5,NA,NA,NA,NA,NA,NA,NA,NA,NA,NA,0.28,0.29,0.03,0,0.6,"N",1,NA,NA,"VIK_TempControl_7psu","8",7.2,7.2,7.2,7.2,0,19.9674754033708,20.117509765625,15.999072265625,24.62205078125,1.72075764002812,8,5,"8_5",41.5,1.34304207119741,-1.21,-0.668508287292818,1.03571428571429
"VIK_gen-09","065_A3_VIK_gen-09_TempWarm-16psu","VIK","gen-09",65,"A3","16psu","TempWarm","TempWarm_16psu",4,FALSE,0,35.2,2.15,FALSE,4,3,0.4,8.9,NA,NA,NA,NA,NA,NA,13.8,5.8,11,NA,NA,NA,0,NA,NA,NA,NA,NA,NA,NA,NA,NA,NA,NA,NA,NA,1.19,0.84,0,0,2.03,"N",1,NA,NA,"VIK_TempWarm_16psu","9",16.26,16.3,16.1,16.4,0.114017542509913,25.8025284445741,26.123564453125,15.827470703125,32.34412109375,2.39952191130576,1,9,"1_9",39.5,1.12215909090909,-0.12,-0.0558139534883721,0.705882352941177
"VIK_gen-11","086_A3_VIK_gen-11_TempWarm-16psu","VIK","gen-11",86,"A3","16psu","TempWarm","TempWarm_16psu",4,FALSE,0,24.6,2.33,FALSE,4,3,0.4,12.6,NA,NA,NA,NA,NA,NA,12.6,6.7,14.8,NA,NA,NA,0,NA,NA,NA,NA,NA,NA,NA,NA,NA,NA,NA,NA,NA,1.32,0.45,0,0,1.77,"N",1,NA,NA,"VIK_TempWarm_16psu","11",16.22,16.2,16.2,16.3,0.0447213595499964,25.8025284445741,26.123564453125,15.827470703125,32.34412109375,2.39952191130576,6,10,"6_10",46.7,1.89837398373984,-0.56,-0.240343347639485,0.340909090909091
"VIK_gen-13","101_A4_VIK_gen-13_TempWarm-16psu","VIK","gen-13",101,"A4","16psu","TempWarm","TempWarm_16psu",5,FALSE,0,46.4,3.93,TRUE,4,3,0.4,NA,NA,NA,NA,NA,NA,NA,29.6,10.1,21.9,0.2,NA,NA,0,NA,NA,NA,NA,NA,NA,NA,NA,NA,NA,NA,NA,NA,1.75,0.81,0,0,2.56,"N",1,NA,NA,"VIK_TempWarm_16psu","13",16.16,16.2,16.1,16.2,0.0547722557505154,25.7714604437466,26.16646484375,16.428076171875,34.23173828125,2.47389489451105,2,13,"2_13",61.8,1.33189655172414,-1.37,-0.348600508905852,0.462857142857143
"VIK_gen-15","120_A4_VIK_gen-15_TempWarm-16psu","VIK","gen-15",120,"A4","16psu","TempWarm","TempWarm_16psu",4,FALSE,0,21.5,1.38,FALSE,3,2,0.3,15.2,NA,NA,NA,NA,NA,NA,8.1,15.1,NA,NA,NA,NA,0,NA,NA,NA,NA,NA,NA,NA,NA,NA,NA,NA,NA,NA,0.76,0.27,0,0,1.03,"N",1,NA,NA,"VIK_TempWarm_16psu","15",16.16,16.2,16.1,16.2,0.0547722557505154,25.7714604437466,26.16646484375,16.428076171875,34.23173828125,2.47389489451105,6,16,"6_16",38.4,1.78604651162791,-0.35,-0.253623188405797,0.355263157894737
"VIK_gen-19","146_B1_VIK_gen-19_TempWarm-16psu","VIK","gen-19",146,"B1","16psu","TempWarm","TempWarm_16psu",4,FALSE,0,28.8,1.94,TRUE,4,3,0.35,12.5,NA,NA,NA,NA,NA,NA,13.4,5.9,16.1,NA,NA,NA,0,NA,NA,NA,NA,NA,NA,NA,NA,NA,NA,NA,NA,NA,1.09,0.43,0,0,1.52,"N",1,NA,NA,"VIK_TempWarm_16psu","19",16.175,16.15,16,16.4,0.170782512765992,26.0011390003983,26.252265625,16.1277734375,32.08671875,2.3181131150409,13,2,"13_2",47.9,1.66319444444444,-0.42,-0.216494845360825,0.394495412844037
"VIK_gen-21","165_B2_VIK_gen-21_TempWarm-16psu","VIK","gen-21",165,"B2","16psu","TempWarm","TempWarm_16psu",4,FALSE,0,30.8,1.92,FALSE,4,4,0.4,NA,NA,NA,NA,NA,NA,NA,15.6,2,11.8,18,NA,NA,0,NA,NA,NA,NA,NA,NA,NA,NA,NA,NA,NA,NA,NA,1.24,0.5,0,0,1.74,"N",1,NA,NA,"VIK_TempWarm_16psu","21",16.22,16.1,16.1,16.5,0.178885438199983,25.8957324470566,26.123564453125,16.55677734375,31.700615234375,2.36168510535851,10,5,"10_5",47.4,1.53896103896104,-0.18,-0.09375,0.403225806451613
"VIK_gen-23","181_B2_VIK_gen-23_TempWarm-16psu","VIK","gen-23",181,"B2","16psu","TempWarm","TempWarm_16psu",4,FALSE,0,14,0.69,FALSE,3,3,0.3,NA,NA,NA,NA,NA,NA,NA,9.9,0.7,14.4,NA,NA,NA,0,NA,NA,NA,NA,NA,NA,NA,NA,NA,NA,NA,NA,NA,0.29,0.09,0,0,0.38,"N",1,NA,NA,"VIK_TempWarm_16psu","23",16.2,16.15,16.1,16.4,0.141421356237308,25.8957324470566,26.123564453125,16.55677734375,31.700615234375,2.36168510535851,14,5,"14_5",25,1.78571428571429,-0.31,-0.44927536231884,0.310344827586207
"VIK_gen-25","198_B3_VIK_gen-25_TempWarm-16psu","VIK","gen-25",198,"B3","16psu","TempWarm","TempWarm_16psu",4,FALSE,0,12.5,0.71,FALSE,0,NA,NA,NA,NA,NA,NA,NA,NA,NA,NA,NA,NA,NA,NA,NA,2,2,7.3,5.2,1,NA,NA,NA,1,1,3.5,NA,NA,NA,0.36,0,0.01,0.09,0.46,"N",1,NA,NA,"VIK_TempWarm_16psu","1",16.1666666666667,16.2,16.1,16.2,0.0577350269189613,25.8228915576884,26.0806640625,16.04197265625,32.00091796875,2.41059776241806,10,10,"10_10",18,1.44,-0.25,-0.352112676056338,0
"VIK_gen-27","209_B3_VIK_gen-27_TempWarm-16psu","VIK","gen-27",209,"B3","16psu","TempWarm","TempWarm_16psu",4,FALSE,0,13.5,0.7,TRUE,4,4,0.3,NA,NA,NA,NA,NA,NA,NA,11.7,11.6,15,2.4,NA,NA,0,NA,NA,NA,NA,NA,NA,NA,NA,NA,NA,NA,NA,NA,0.18,0.2,0,0,0.38,"N",1,NA,NA,"VIK_TempWarm_16psu","3",16.225,16.15,16.1,16.5,0.189296944860009,25.8228915576884,26.0806640625,16.04197265625,32.00091796875,2.41059776241806,13,9,"13_9",40.7,3.01481481481481,-0.32,-0.457142857142857,1.11111111111111
"VIK_gen-29","231_B4_VIK_gen-29_TempWarm-16psu","VIK","gen-29",231,"B4","16psu","TempWarm","TempWarm_16psu",5,FALSE,0,30.9,1.28,TRUE,4,4,0.3,NA,NA,NA,NA,NA,NA,NA,16.8,10.5,18.6,0.2,NA,NA,0,NA,NA,NA,NA,NA,NA,NA,NA,NA,NA,NA,NA,NA,0.58,0.38,0,0,0.96,"N",1,NA,NA,"VIK_TempWarm_16psu","5",16.275,16.2,16.2,16.5,0.15,25.5085056840722,25.7374609375,16.21357421875,31.4003125,2.46520222039827,10,15,"10_15",46.1,1.49190938511327,-0.32,-0.25,0.655172413793104
"VIK_gen-31","245_B4_VIK_gen-31_TempWarm-16psu","VIK","gen-31",245,"B4","16psu","TempWarm","TempWarm_16psu",4,FALSE,0,16.1,1.12,TRUE,0,NA,NA,NA,NA,NA,NA,NA,NA,NA,NA,NA,NA,NA,NA,NA,1,2,2.8,5.6,NA,NA,NA,NA,NA,NA,NA,NA,NA,NA,0.42,0,0.03,0,0,"N",1,NA,NA,"VIK_TempWarm_16psu","7",16.225,16.15,16.1,16.5,0.189296944860009,25.5085056840722,25.7374609375,16.21357421875,31.4003125,2.46520222039827,14,13,"14_13",8.4,0.521739130434782,-1.12,-1,0
"VIK_gen-33","261_C1_VIK_gen-33_TempControl-21psu","VIK","gen-33",261,"C1","21psu","TempControl","TempControl_21psu",5,FALSE,0,57,5.13,FALSE,4,3,0.45,10.3,NA,NA,NA,NA,NA,NA,18.7,10.9,17.8,NA,NA,NA,1,3,6.1,3.8,10.5,NA,NA,NA,NA,NA,NA,NA,NA,NA,2.8,1.08,0.15,0,4.03,"N",1,NA,NA,"VIK_TempControl_21psu","9",21.225,21.2,21.2,21.3,0.0500000000000007,20.083437929056,20.2462109375,16.084873046875,25.9090625,1.69711366532744,18,1,"18_1",78.1,1.37017543859649,-1.1,-0.214424951267056,0.385714285714286
"VIK_gen-34","265_C1_VIK_gen-34_TempControl-7psu","VIK","gen-34",265,"C1","7psu","TempControl","TempControl_7psu",4,FALSE,0,25.3,0.99,FALSE,4,4,0.2,NA,NA,NA,NA,NA,NA,NA,5.5,1.4,7.3,11,NA,NA,0,NA,NA,NA,NA,NA,NA,NA,NA,NA,NA,NA,NA,NA,0.66,0.12,0,0,0.78,"N",1,NA,NA,"VIK_TempControl_7psu","10",7.2,7.2,7.2,7.2,0,20.083437929056,20.2462109375,16.084873046875,25.9090625,1.69711366532744,19,1,"19_1",25.2,0.996047430830039,-0.21,-0.212121212121212,0.181818181818182
"VIK_gen-35","280_C1_VIK_gen-35_TempControl-21psu","VIK","gen-35",280,"C1","21psu","TempControl","TempControl_21psu",4,FALSE,0,15.2,0.84,FALSE,4,4,0.35,7.2,NA,NA,NA,NA,NA,NA,16.2,8.2,12.2,NA,NA,NA,1,3,12.4,8.8,5.6,NA,NA,NA,NA,NA,NA,NA,NA,NA,0.7,0.29,0.07,0,1.06,"Y",1,NA,NA,"VIK_TempControl_21psu","11",21.175,21.2,21,21.3,0.125830573921179,20.083437929056,20.2462109375,16.084873046875,25.9090625,1.69711366532744,22,4,"22_4",70.6,4.64473684210526,0.22,0.261904761904762,0.414285714285714
"VIK_gen-36","283_C1_VIK_gen-36_TempControl-7psu","VIK","gen-36",283,"C1","7psu","TempControl","TempControl_7psu",4,FALSE,0,11.5,0.79,FALSE,3,3,0.3,NA,NA,NA,NA,NA,NA,NA,8.5,5.3,9.3,NA,NA,NA,2,2,2.3,1.1,NA,NA,NA,NA,4,7.3,5.7,5,0.7,NA,0.83,0.12,0.01,0.07,1.03,"N",1,NA,NA,"VIK_TempControl_7psu","12",7.2,7.2,7.2,7.2,0,20.083437929056,20.2462109375,16.084873046875,25.9090625,1.69711366532744,23,3,"23_3",45.2,3.9304347826087,0.24,0.30379746835443,0.144578313253012
"VIK_gen-37","294_C2_VIK_gen-37_TempControl-21psu","VIK","gen-37",294,"C2","21psu","TempControl","TempControl_21psu",4,FALSE,0,44.7,3.83,FALSE,5,3,0.45,19.6,5.2,NA,NA,NA,NA,NA,16.7,1.1,25.1,NA,NA,NA,0,NA,NA,NA,NA,NA,NA,NA,NA,NA,NA,NA,NA,NA,3.08,1.48,0,0,4.56,"Y",1,NA,NA,"VIK_TempControl_21psu","13",21.4,21.4,21.4,21.4,0,20.0892158453973,20.16041015625,15.484267578125,26.85287109375,1.77596359359365,18,6,"18_6",67.7,1.51454138702461,0.73,0.190600522193211,0.48051948051948
"VIK_gen-38","297_C2_VIK_gen-38_TempControl-7psu","VIK","gen-38",297,"C2","7psu","TempControl","TempControl_7psu",3,FALSE,0,35.9,3.95,TRUE,3,3,0.4,NA,NA,NA,NA,NA,NA,NA,1.5,5.9,9.3,NA,NA,NA,1,1,1.3,NA,NA,NA,NA,NA,NA,NA,NA,NA,NA,NA,0,0,0,0,0,"N",1,NA,NA,"VIK_TempControl_7psu","14",7.2,7.2,7.2,7.2,0,20.0892158453973,20.16041015625,15.484267578125,26.85287109375,1.77596359359365,19,5,"19_5",18,0.501392757660167,-3.95,-1,NA
"VIK_gen-39","305_C2_VIK_gen-39_TempControl-21psu","VIK","gen-39",305,"C2","21psu","TempControl","TempControl_21psu",6,TRUE,3,24.7,1.39,TRUE,4,2,0.3,10.3,2.5,NA,NA,NA,NA,NA,4.5,10.1,NA,NA,NA,NA,2,4,12.7,4.8,14,9.9,NA,NA,2,1.2,0.2,NA,NA,NA,0.93,0.23,0.16,0.01,1.33,"N",1,NA,NA,"VIK_TempControl_21psu","15",20.7333333333333,21.4,19.4,21.4,1.15470053837925,20.0892158453973,20.16041015625,15.484267578125,26.85287109375,1.77596359359365,21,5,"21_5",70.2,2.8421052631579,-0.0599999999999998,-0.0431654676258992,0.247311827956989
"VIK_gen-41","321_C3_VIK_gen-41_TempControl-21psu","VIK","gen-41",321,"C3","21psu","TempControl","TempControl_21psu",4,FALSE,0,16.7,1.12,FALSE,5,4,0.3,9.8,NA,NA,NA,NA,NA,NA,14.5,9.7,1.1,14.3,NA,NA,1,3,7,7,2.3,NA,NA,NA,NA,NA,NA,NA,NA,NA,0.8,0.32,0.05,0,1.17,"N",1,NA,NA,"VIK_TempControl_21psu","17",21.35,21.35,21.3,21.4,0.0577350269189613,20.0545752801425,20.203310546875,13.939853515625,24.150146484375,1.76645439081661,17,9,"17_9",65.7,3.93413173652695,0.0499999999999998,0.044642857142857,0.4
"VIK_gen-42","331_C3_VIK_gen-42_TempControl-7psu","VIK","gen-42",331,"C3","7psu","TempControl","TempControl_7psu",3,FALSE,0,14.9,0.6,FALSE,4,3,0.25,8.1,NA,NA,NA,NA,NA,NA,9.4,3.1,11.1,NA,NA,NA,0,NA,NA,NA,NA,NA,NA,NA,NA,NA,NA,NA,NA,NA,0.38,0.16,0,0,0.54,"N",1,NA,NA,"VIK_TempControl_7psu","18",7.2,7.2,7.2,7.2,0,20.0545752801425,20.203310546875,13.939853515625,24.150146484375,1.76645439081661,19,11,"19_11",31.7,2.12751677852349,-0.0599999999999999,-0.0999999999999999,0.421052631578947
"VIK_gen-43","340_C3_VIK_gen-43_TempControl-21psu","VIK","gen-43",340,"C3","21psu","TempControl","TempControl_21psu",4,FALSE,0,17.5,0.83,FALSE,5,5,0.3,NA,NA,NA,NA,NA,NA,NA,15.6,8.8,17,3.1,12.3,1.7,1,2,5.8,7.7,NA,NA,NA,NA,NA,NA,NA,NA,NA,NA,0.73,0.28,0.04,0,1.05,"N",1,NA,NA,"VIK_TempControl_21psu","19",21.25,21.25,21.2,21.3,0.0577350269189634,20.0545752801425,20.203310546875,13.939853515625,24.150146484375,1.76645439081661,21,12,"21_12",72,4.11428571428571,0.22,0.265060240963856,0.383561643835616
"VIK_gen-44","352_C3_VIK_gen-44_TempControl-7psu","VIK","gen-44",352,"C3","7psu","TempControl","TempControl_7psu",4,FALSE,0,34,3.08,TRUE,5,4,0.3,10.6,NA,NA,NA,NA,NA,NA,8.9,6.5,13.4,NA,NA,NA,2,4,5,5.5,6.1,0.7,NA,NA,2,0.7,4.1,NA,NA,NA,0.68,0.39,0.09,0.01,1.17,"N",1,NA,NA,"VIK_TempControl_7psu","20",7.1,7.1,7.1,7.1,0,20.0545752801425,20.203310546875,13.939853515625,24.150146484375,1.76645439081661,24,12,"24_12",61.5,1.80882352941176,-1.91,-0.62012987012987,0.573529411764706
"VIK_gen-45","356_C4_VIK_gen-45_TempControl-21psu","VIK","gen-45",356,"C4","21psu","TempControl","TempControl_21psu",4,FALSE,0,26.7,1.92,TRUE,4,3,0.4,8.9,NA,NA,NA,NA,NA,NA,14.9,5.5,13.7,NA,NA,NA,0,NA,NA,NA,NA,NA,NA,NA,NA,NA,NA,NA,NA,NA,1.17,0.45,0,0,1.62,"N",1,NA,NA,"VIK_TempControl_21psu","21",21.25,21.5,20.5,21.5,0.5,20.2176319507076,20.2462109375,16.170673828125,27.02447265625,1.99822095675236,17,16,"17_16",43,1.61048689138577,-0.3,-0.15625,0.384615384615385
"VIK_gen-47","369_C4_VIK_gen-47_TempControl-21psu","VIK","gen-47",369,"C4","21psu","TempControl","TempControl_21psu",4,FALSE,0,13.5,0.87,FALSE,2,2,0.2,NA,NA,NA,NA,NA,NA,NA,12.4,9.1,NA,NA,NA,NA,0,NA,NA,NA,NA,NA,NA,NA,NA,NA,NA,NA,NA,NA,0.57,0.1,0,0,0.67,"N",1,NA,NA,"VIK_TempControl_21psu","23",21.15,21.35,20.5,21.4,0.435889894354067,20.2176319507076,20.2462109375,16.170673828125,27.02447265625,1.99822095675236,21,13,"21_13",21.5,1.59259259259259,-0.2,-0.229885057471264,0.175438596491228
"VIK_gen-48","383_C4_VIK_gen-48_TempControl-7psu","VIK","gen-48",383,"C4","7psu","TempControl","TempControl_7psu",4,FALSE,0,16,1.04,FALSE,5,3,0.4,13.1,NA,NA,NA,NA,NA,NA,16.7,10.8,16.2,0.6,NA,NA,0,NA,NA,NA,NA,NA,NA,NA,NA,NA,NA,NA,NA,NA,1.01,0.68,0,0,1.69,"N",1,NA,NA,"VIK_TempControl_7psu","24",7.125,7.05,7,7.4,0.189296944860009,20.2176319507076,20.2462109375,16.170673828125,27.02447265625,1.99822095675236,24,15,"24_15",57.4,3.5875,0.65,0.625,0.673267326732673
