"sample","MLG"
"HOR-Zm01",1
"HOR-Zm09",1
"HOR-Zm17",1
"HOR-Zm25",1
"HOR-Zm33",1
"HOR-Zm41",1
"HOR-Zm02",1
"HOR-Zm10",1
"HOR-Zm18",1
"HOR-Zm26",1
"HOR-Zm34",1
"HOR-Zm42",1
"HOR-Zm03",1
"HOR-Zm11",1
"HOR-Zm19",1
"HOR-Zm27",1
"HOR-Zm35",1
"HOR-Zm43",1
"HOR-Zm04",1
"HOR-Zm12",1
"HOR-Zm20",1
"HOR-Zm28",1
"HOR-Zm36",1
"HOR-Zm44",1
"HOR-Zm05",1
"HOR-Zm29",1
"HOR-Zm37",1
"HOR-Zm45",1
"HOR-Zm06",1
"HOR-Zm14",1
"HOR-Zm22",1
"HOR-Zm30",1
"HOR-Zm38",1
"HOR-Zm46",1
"HOR-Zm07",1
"HOR-Zm23",1
"HOR-Zm31",1
"HOR-Zm39",1
"HOR-Zm47",1
"HOR-Zm08",1
"HOR-Zm16",1
"HOR-Zm24",1
"HOR-Zm32",1
"HOR-Zm40",1
"HOR-Zm48",1
"HOG-Zm01",7
"HOG-Zm09",8
"HOG-Zm17",9
"HOG-Zm25",10
"HOG-Zm34",11
"HOG-Zm42",12
"VAT-Zm01",13
"VAT-Zm09",14
"VAT-Zm17",15
"VAT-Zm04",15
"VAT-Zm05",15
"VAT-Zm25",16
"VAT-Zm33",17
"VAT-Zm41",18
"KUR-Zm01",19
"KUR-Zm33",23
"HOG-Zm02",31
"HOG-Zm18",33
"HOG-Zm26",34
"HOG-Zm43",36
"VAT-Zm10",38
"VAT-Zm18",38
"VAT-Zm26",40
"VAT-Zm34",41
"VAT-Zm42",42
"KUR-Zm18",45
"KUR-Zm40",45
"HOG-Zm03",55
"HOG-Zm11",56
"HOG-Zm19",57
"HOG-Zm08",57
"HOG-Zm28",58
"HOG-Zm20",58
"HOG-Zm36",59
"HOG-Zm10",60
"HOG-Zm44",60
"VAT-Zm03",61
"VAT-Zm11",62
"VAT-Zm27",64
"VAT-Zm35",65
"VAT-Zm43",66
"KUR-Zm10",67
"KUR-Zm03",67
"KUR-Zm15",67
"KUR-Zm26",70
"KUR-Zm42",70
"KUR-Zm27",70
"KUR-Zm36",70
"KUR-Zm09",71
"KUR-Zm35",71
"KUR-Zm43",72
"HOG-Zm04",79
"HOG-Zm12",80
"HOG-Zm29",82
"HOG-Zm37",83
"HOG-Zm45",83
"VAT-Zm12",86
"VAT-Zm19",87
"VAT-Zm20",87
"VAT-Zm45",87
"VAT-Zm06",87
"VAT-Zm16",87
"VAT-Zm28",88
"VAT-Zm36",89
"VAT-Zm44",90
"KUR-Zm12",92
"KUR-Zm28",94
"KUR-Zm44",96
"HOR-Zm21",99
"HOG-Zm13",104
"HOG-Zm21",105
"HOG-Zm30",106
"HOG-Zm38",107
"HOG-Zm33",107
"HOG-Zm46",108
"HOG-Zm22",108
"VAT-Zm13",110
"VAT-Zm02",111
"VAT-Zm21",111
"VAT-Zm29",112
"VAT-Zm37",113
"KUR-Zm21",117
"KUR-Zm17",119
"KUR-Zm34",119
"KUR-Zm05",119
"KUR-Zm37",119
"KUR-Zm24",119
"HOG-Zm06",127
"HOG-Zm14",128
"HOG-Zm31",130
"HOG-Zm40",130
"HOG-Zm39",131
"HOG-Zm47",132
"VAT-Zm14",134
"VAT-Zm22",135
"VAT-Zm30",136
"VAT-Zm38",137
"VAT-Zm46",138
"KUR-Zm02",139
"KUR-Zm11",139
"KUR-Zm19",139
"KUR-Zm45",139
"KUR-Zm06",139
"KUR-Zm38",143
"KUR-Zm46",144
"HOR-Zm13",146
"HOR-Zm15",146
"HOG-Zm07",151
"HOG-Zm15",152
"HOG-Zm32",154
"HOG-Zm48",156
"VAT-Zm07",157
"VAT-Zm15",158
"VAT-Zm23",159
"VAT-Zm31",160
"VAT-Zm39",161
"VAT-Zm47",162
"KUR-Zm23",165
"KUR-Zm08",165
"KUR-Zm25",166
"KUR-Zm41",166
"KUR-Zm31",166
"KUR-Zm39",167
"KUR-Zm13",168
"KUR-Zm22",168
"KUR-Zm30",168
"KUR-Zm47",168
"HOG-Zm16",176
"HOG-Zm24",177
"HOG-Zm41",179
"VAT-Zm08",181
"VAT-Zm24",183
"VAT-Zm32",184
"VAT-Zm40",185
"VAT-Zm48",186
"KUR-Zm04",188
"KUR-Zm07",188
"KUR-Zm16",188
"KUR-Zm29",190
"KUR-Zm32",190
"KUR-Zm20",192
"KUR-Zm14",192
"KUR-Zm48",192
"VIK-Zm47",193
"BAR-Zm01",200
"BAR-Zm09",201
"BAR-Zm13",201
"BAR-Zm30",201
"BAR-Zm08",201
"BAR-Zm17",202
"BAR-Zm35",204
"BAR-Zm26",216
"BAR-Zm02",226
"BAR-Zm03",226
"BAR-Zm18",228
"BAR-Zm19",228
"BAR-Zm20",228
"HOG-Zm35",232
"HOG-Zm05",232
"HOG-Zm23",232
"KAL-Zm30",233
"KAL-Zm04",233
"KAL-Zm25",233
"KAL-Zm01",235
"KAL-Zm09",235
"KAL-Zm20",235
"KAL-Zm29",235
"KAL-Zm38",235
"KAL-Zm46",235
"KAL-Zm02",235
"KAL-Zm10",235
"KAL-Zm21",235
"KAL-Zm39",235
"KAL-Zm47",235
"KAL-Zm03",235
"KAL-Zm12",235
"KAL-Zm22",235
"KAL-Zm31",235
"KAL-Zm40",235
"KAL-Zm15",235
"KAL-Zm23",235
"KAL-Zm32",235
"KAL-Zm41",235
"KAL-Zm05",235
"KAL-Zm16",235
"KAL-Zm24",235
"KAL-Zm34",235
"KAL-Zm42",235
"KAL-Zm06",235
"KAL-Zm17",235
"KAL-Zm35",235
"KAL-Zm43",235
"KAL-Zm07",235
"KAL-Zm18",235
"KAL-Zm27",235
"KAL-Zm44",235
"KAL-Zm08",235
"KAL-Zm19",235
"KAL-Zm28",235
"KAL-Zm37",235
"KAL-Zm45",235
"BAR-Zm44",238
"BAR-Zm38",238
"BAR-Zm28",242
"BAR-Zm05",252
"BAR-Zm25",254
"BAR-Zm21",254
"BAR-Zm47",254
"BAR-Zm11",258
"BAR-Zm46",264
"BAR-Zm27",265
"BAR-Zm06",265
"BAR-Zm40",265
"BAR-Zm48",265
"BAR-Zm14",266
"BAR-Zm43",267
"BAR-Zm22",267
"BAR-Zm32",268
"BAR-Zm04",271
"BAR-Zm12",271
"BAR-Zm10",278
"BAR-Zm07",278
"BAR-Zm15",278
"BAR-Zm23",279
"BAR-Zm39",280
"BAR-Zm33",280
"BAR-Zm41",281
"VIK-Zm01",282
"VIK-Zm10",282
"VIK-Zm44",282
"BAR-Zm16",290
"BAR-Zm45",291
"BAR-Zm24",291
"BAR-Zm36",292
"BAR-Zm37",292
"BAR-Zm34",292
"BAR-Zm42",293
"VIK-Zm09",295
"VIK-Zm12",295
"VIK-Zm45",295
"VIK-Zm24",295
"VIK-Zm17",296
"VIK-Zm25",297
"VIK-Zm33",298
"VIK-Zm41",299
"VIK-Zm02",306
"VIK-Zm23",306
"VIK-Zm18",308
"VIK-Zm26",309
"VIK-Zm34",310
"VIK-Zm42",311
"VIK-Zm11",318
"VIK-Zm48",318
"VIK-Zm27",320
"VIK-Zm35",321
"VIK-Zm19",322
"VIK-Zm43",322
"VIK-Zm04",329
"VIK-Zm20",331
"VIK-Zm28",332
"VIK-Zm36",333
"VIK-Zm13",342
"VIK-Zm21",343
"VIK-Zm29",344
"VIK-Zm37",345
"VIK-Zm06",353
"VIK-Zm14",354
"VIK-Zm03",356
"VIK-Zm30",356
"VIK-Zm38",357
"VIK-Zm05",358
"VIK-Zm22",358
"VIK-Zm46",358
"VIK-Zm07",365
"VIK-Zm15",366
"VIK-Zm31",368
"VIK-Zm39",369
"BJO-Zm01",373
"BJO-Zm09",373
"BJO-Zm18",373
"BJO-Zm26",373
"BJO-Zm34",373
"BJO-Zm42",373
"BJO-Zm02",373
"BJO-Zm10",373
"BJO-Zm19",373
"BJO-Zm27",373
"BJO-Zm35",373
"BJO-Zm03",373
"BJO-Zm11",373
"BJO-Zm20",373
"BJO-Zm28",373
"BJO-Zm36",373
"BJO-Zm44",373
"BJO-Zm04",373
"BJO-Zm12",373
"BJO-Zm21",373
"BJO-Zm29",373
"BJO-Zm37",373
"BJO-Zm45",373
"BJO-Zm05",373
"BJO-Zm13",373
"BJO-Zm22",373
"BJO-Zm30",373
"BJO-Zm38",373
"BJO-Zm46",373
"BJO-Zm06",373
"BJO-Zm15",373
"BJO-Zm23",373
"BJO-Zm31",373
"BJO-Zm39",373
"BJO-Zm47",373
"BJO-Zm07",373
"BJO-Zm16",373
"BJO-Zm24",373
"BJO-Zm32",373
"BJO-Zm40",373
"BJO-Zm48",373
"BJO-Zm08",373
"BJO-Zm17",373
"BJO-Zm25",373
"BJO-Zm33",373
"BJO-Zm41",373
"VIK-Zm08",377
"VIK-Zm16",378
"VIK-Zm32",380
"VIK-Zm40",381
