"trt","pop","fit_off","method","fit","metric","pop_ord","trt_ord"
"TempControl_21psu","BAR",0,"cf","abs","surv",4,1
"TempControl_21psu","HOG",0,"cf","abs","len",3,1
"TempControl_21psu","HOG",0,"cf","rel","len",3,1
"TempControl_21psu","KUR",-0.411433483131999,"cf","rel","weigh",5,1
"TempControl_21psu","BAR",0,"cg","rel","weigh",4,1
"TempControl_21psu","HOR",0,"cf","rel","len",7,1
"TempControl_21psu","BAR",0,"cg","rel","surv",4,1
"TempControl_21psu","BAR",0,"cf","rel","len",4,1
"TempControl_21psu","BJO",0,"cf","abs","surv",8,1
"TempControl_21psu","BJO",0,"cf","rel","len",8,1
"TempControl_21psu","KUR",0.333333333333333,"cg","abs","surv",5,1
"TempControl_21psu","BAR",0,"cf","abs","weigh",4,1
"TempControl_21psu","VAT",-0.083333333333333,"cg","rel","surv",1,1
"TempControl_21psu","HOG",0,"cf","rel","weigh",3,1
"TempControl_21psu","BAR",0,"cg","abs","weigh",4,1
"TempControl_21psu","HOG",-0.75761986693641,"cg","abs","len",3,1
"TempControl_21psu","VIK",0.333333333333333,"cf","rel","surv",2,1
"TempControl_21psu","BAR",0,"cf","rel","surv",4,1
"TempControl_21psu","BAR",0,"cg","abs","surv",4,1
"TempControl_21psu","HOG",-0.267092347747658,"cg","rel","len",3,1
"TempControl_21psu","KUR",0.666666666666667,"cf","abs","surv",5,1
"TempControl_21psu","VAT",-1.46365149941267,"cf","rel","weigh",1,1
"TempControl_21psu","HOR",-0.25134705045802,"cg","abs","len",7,1
"TempControl_21psu","BAR",0,"cg","abs","len",4,1
"TempControl_21psu","KAL",0.333333333333333,"cf","abs","surv",6,1
"TempControl_21psu","BAR",0,"cg","rel","len",4,1
"TempControl_21psu","BAR",0,"cf","rel","weigh",4,1
"TempControl_21psu","BJO",-0.0499498005163899,"cg","abs","len",8,1
"TempControl_21psu","BAR",0,"cf","abs","len",4,1
"TempControl_21psu","HOR",0,"cf","abs","surv",7,1
"TempControl_21psu","KUR",0.499999999999999,"cg","rel","surv",5,1
"TempControl_21psu","BJO",0.0536552541779725,"cg","abs","weigh",8,1
"TempControl_21psu","KUR",2,"cf","rel","surv",5,1
"TempControl_21psu","KUR",0.140645124943186,"cg","abs","weigh",5,1
"TempControl_21psu","KAL",0,"cg","rel","surv",6,1
"TempControl_21psu","VIK",0.499999999999999,"cg","rel","surv",2,1
"TempControl_21psu","KAL",-0.120242703684518,"cf","rel","len",6,1
"TempControl_21psu","VAT",1.75063531615005e-05,"cg","abs","weigh",1,1
"TempControl_21psu","HOR",0.0439957828056409,"cg","abs","weigh",7,1
"TempControl_21psu","KUR",-0.35055125290014,"cf","abs","len",5,1
"TempControl_21psu","HOR",0,"cf","abs","weigh",7,1
"TempControl_21psu","KUR",0.761129774475457,"cg","rel","weigh",5,1
"TempControl_21psu","BJO",-0.0184487841237918,"cg","rel","len",8,1
"TempControl_21psu","VAT",2.07054785624119,"cf","abs","len",1,1
"TempControl_21psu","BJO",0,"cf","abs","len",8,1
"TempControl_21psu","BJO",0,"cf","abs","weigh",8,1
"TempControl_21psu","VAT",3.84530316159078,"cf","rel","len",1,1
"TempControl_21psu","VAT",0.833333333333334,"cf","abs","surv",1,1
"TempControl_21psu","BJO",-0.0394135504011185,"cg","rel","weigh",8,1
"TempControl_21psu","HOR",0,"cf","abs","len",7,1
"TempControl_21psu","VAT",0.160185035343447,"cf","abs","weigh",1,1
"TempControl_21psu","HOR",0,"cf","rel","weigh",7,1
"TempControl_21psu","HOG",-0.179411584885682,"cg","abs","weigh",3,1
"TempControl_21psu","BJO",0.333333333333333,"cg","abs","surv",8,1
"TempControl_21psu","BJO",0.499999999999999,"cg","rel","surv",8,1
"TempControl_21psu","HOR",-0.128306949838708,"cg","rel","weigh",7,1
"TempControl_21psu","VIK",0.153380505059883,"cf","abs","weigh",2,1
"TempControl_21psu","KAL",0.499999999999999,"cf","rel","surv",6,1
"TempControl_21psu","KAL",0,"cg","abs","surv",6,1
"TempControl_21psu","KAL",-2.26824414813398,"cg","rel","weigh",6,1
"TempControl_21psu","BJO",0,"cf","rel","weigh",8,1
"TempControl_21psu","VIK",-0.701622554568851,"cf","rel","weigh",2,1
"TempControl_21psu","HOG",0,"cf","rel","surv",3,1
"TempControl_21psu","HOG",0,"cf","abs","surv",3,1
"TempControl_21psu","HOR",-0.0928341540128931,"cg","rel","len",7,1
"TempControl_21psu","HOG",-3.53691328558519,"cg","rel","weigh",3,1
"TempControl_21psu","KAL",-1.59203187858662,"cf","rel","weigh",6,1
"TempControl_21psu","VAT",0.000345119592575422,"cg","rel","weigh",1,1
"TempControl_21psu","VAT",10,"cf","rel","surv",1,1
"TempControl_21psu","VIK",-0.115953251250799,"cg","abs","weigh",2,1
"TempControl_21psu","KAL",-0.3255552789979,"cf","abs","len",6,1
"TempControl_21psu","KUR",1.43361712833072,"cg","abs","len",5,1
"TempControl_21psu","VIK",0.333333333333333,"cg","abs","surv",2,1
"TempControl_21psu","VAT",-0.22753711561583,"cg","abs","len",1,1
"TempControl_21psu","VIK",-0.08728832597872,"cg","abs","len",2,1
"TempControl_21psu","VAT",-0.083333333333333,"cg","abs","surv",1,1
"TempControl_21psu","VIK",-0.0322396379136724,"cg","rel","len",2,1
"TempControl_21psu","KAL",-0.115057748003868,"cg","abs","weigh",6,1
"TempControl_21psu","HOG",-0.090909090909091,"cg","abs","surv",3,1
"TempControl_21psu","VIK",0.459131963286025,"cf","rel","len",2,1
"TempControl_21psu","VIK",0.25,"cf","abs","surv",2,1
"TempControl_21psu","HOG",-0.090909090909091,"cg","rel","surv",3,1
"TempControl_21psu","BJO",0,"cf","rel","surv",8,1
"TempControl_21psu","HOG",0,"cf","abs","weigh",3,1
"TempControl_21psu","HOR",0,"cf","rel","surv",7,1
"TempControl_21psu","HOR",0.375,"cg","rel","surv",7,1
"TempControl_21psu","KAL",-0.45461710191238,"cg","abs","len",6,1
"TempControl_21psu","VAT",-0.0802162470412926,"cg","rel","len",1,1
"TempControl_21psu","VIK",0.82447368016453,"cf","abs","len",2,1
"TempControl_21psu","KUR",-0.133776332392741,"cf","abs","weigh",5,1
"TempControl_21psu","KUR",-0.078045042113343,"cf","rel","len",5,1
"TempControl_21psu","KAL",-0.160271337084941,"cg","rel","len",6,1
"TempControl_21psu","HOR",0.25,"cg","abs","surv",7,1
"TempControl_21psu","VIK",-1.60027294321208,"cg","rel","weigh",2,1
"TempControl_21psu","KUR",0.529501472344526,"cg","rel","len",5,1
"TempControl_21psu","KAL",-0.172995818051075,"cf","abs","weigh",6,1
"TempControl_7psu","HOG",-1.97934100590372,"cf","rel","weigh",3,2
"TempControl_7psu","HOR",-0.241509223733505,"cf","abs","weigh",7,2
"TempControl_7psu","KUR",0,"cg","rel","weigh",5,2
"TempControl_7psu","KAL",-0.333333333333333,"cg","abs","surv",6,2
"TempControl_7psu","BAR",0.00406450246850878,"cf","rel","len",4,2
"TempControl_7psu","BJO",0.500000000000002,"cg","rel","surv",8,2
"TempControl_7psu","VIK",0,"cf","rel","len",2,2
"TempControl_7psu","HOR",0.500000000000002,"cg","rel","surv",7,2
"TempControl_7psu","BJO",0.27893436552146,"cf","abs","len",8,2
"TempControl_7psu","KUR",0,"cf","rel","weigh",5,2
"TempControl_7psu","HOG",-0.15518438297542,"cg","abs","len",3,2
"TempControl_7psu","BJO",0.166666666666667,"cg","abs","surv",8,2
"TempControl_7psu","BAR",0.0659874084825875,"cf","abs","weigh",4,2
"TempControl_7psu","VAT",-2.11907334842615,"cg","abs","len",1,2
"TempControl_7psu","BAR",-0.5,"cf","rel","surv",4,2
"TempControl_7psu","KUR",0,"cf","rel","surv",5,2
"TempControl_7psu","VIK",0,"cf","rel","surv",2,2
"TempControl_7psu","BAR",0.0115291502932298,"cf","abs","len",4,2
"TempControl_7psu","BAR",-0.5,"cg","rel","surv",4,2
"TempControl_7psu","KAL",-0.333333333333333,"cg","rel","surv",6,2
"TempControl_7psu","BAR",1.30087330699471,"cf","rel","weigh",4,2
"TempControl_7psu","KUR",0,"cf","abs","surv",5,2
"TempControl_7psu","VAT",0,"cf","rel","weigh",1,2
"TempControl_7psu","VAT",-0.916666666666667,"cg","abs","surv",1,2
"TempControl_7psu","KAL",0,"cf","abs","surv",6,2
"TempControl_7psu","VIK",0,"cf","abs","len",2,2
"TempControl_7psu","KAL",0,"cf","rel","weigh",6,2
"TempControl_7psu","VAT",-2.04848919277384,"cg","rel","weigh",1,2
"TempControl_7psu","HOG",-0.5,"cg","abs","surv",3,2
"TempControl_7psu","KAL",0.0499498005163899,"cg","abs","len",6,2
"TempControl_7psu","HOG",0.42342386053012,"cf","abs","len",3,2
"TempControl_7psu","BJO",-0.5,"cf","rel","surv",8,2
"TempControl_7psu","HOG",0.254713706252138,"cf","abs","weigh",3,2
"TempControl_7psu","HOG",0.203674267140693,"cf","rel","len",3,2
"TempControl_7psu","KAL",0,"cf","rel","len",6,2
"TempControl_7psu","KUR",0,"cf","abs","weigh",5,2
"TempControl_7psu","BJO",0.104959813283252,"cf","rel","len",8,2
"TempControl_7psu","KAL",0.0187955389646408,"cg","rel","len",6,2
"TempControl_7psu","HOR",-2.54968361770266,"cf","rel","weigh",7,2
"TempControl_7psu","HOR",-0.416666666666667,"cf","abs","surv",7,2
"TempControl_7psu","BJO",-0.346238632517187,"cg","rel","len",8,2
"TempControl_7psu","KAL",0,"cf","abs","len",6,2
"TempControl_7psu","KUR",0,"cg","abs","len",5,2
"TempControl_7psu","VIK",-1.67233693374859,"cg","rel","weigh",2,2
"TempControl_7psu","VIK",0,"cf","rel","weigh",2,2
"TempControl_7psu","KAL",0.0410307166185581,"cg","rel","weigh",6,2
"TempControl_7psu","BJO",-1.31260519807712,"cf","rel","weigh",8,2
"TempControl_7psu","HOG",-0.409090909090909,"cf","abs","surv",3,2
"TempControl_7psu","HOR",-2.42472841631202,"cg","abs","len",7,2
"TempControl_7psu","VAT",-0.797383078160774,"cg","rel","len",1,2
"TempControl_7psu","BJO",-0.5,"cf","abs","surv",8,2
"TempControl_7psu","HOR",-0.38921298462314,"cf","abs","len",7,2
"TempControl_7psu","BAR",0.118145898403839,"cg","rel","weigh",4,2
"TempControl_7psu","BAR",0.012332154304615,"cg","abs","weigh",4,2
"TempControl_7psu","BAR",-0.5,"cf","abs","surv",4,2
"TempControl_7psu","HOR",-1.45145120613841,"cg","rel","weigh",7,2
"TempControl_7psu","BJO",-0.137010679697035,"cg","abs","weigh",8,2
"TempControl_7psu","KAL",0.004282815869235,"cg","abs","weigh",6,2
"TempControl_7psu","BAR",-0.5,"cg","abs","surv",4,2
"TempControl_7psu","KUR",0.220766203157955,"cg","abs","weigh",5,2
"TempControl_7psu","HOG",-0.0583941094211413,"cg","rel","len",3,2
"TempControl_7psu","BJO",-1.10035449817075,"cg","rel","weigh",8,2
"TempControl_7psu","VIK",0.416666666666667,"cg","abs","surv",2,2
"TempControl_7psu","BAR",0.1905407737241,"cg","abs","len",4,2
"TempControl_7psu","HOG",0.207383763488496,"cg","rel","weigh",3,2
"TempControl_7psu","VAT",-0.213822783168258,"cg","abs","weigh",1,2
"TempControl_7psu","HOR",0.166666666666667,"cg","abs","surv",7,2
"TempControl_7psu","BJO",-0.137010679697035,"cf","abs","weigh",8,2
"TempControl_7psu","HOR",-0.454545454545455,"cf","rel","surv",7,2
"TempControl_7psu","HOG",0.021646867188483,"cg","abs","weigh",3,2
"TempControl_7psu","VAT",0,"cf","abs","len",1,2
"TempControl_7psu","BAR",0.0716983151055628,"cg","rel","len",4,2
"TempControl_7psu","HOR",-0.158465461694192,"cf","rel","len",7,2
"TempControl_7psu","KAL",0,"cf","rel","surv",6,2
"TempControl_7psu","VIK",1.25,"cg","rel","surv",2,2
"TempControl_7psu","VAT",0,"cf","rel","surv",1,2
"TempControl_7psu","VAT",0,"cf","abs","weigh",1,2
"TempControl_7psu","VIK",-2.69593038737411,"cg","abs","len",2,2
"TempControl_7psu","VIK",0,"cf","abs","weigh",2,2
"TempControl_7psu","BJO",-1.55518381622579,"cg","abs","len",8,2
"TempControl_7psu","VIK",-0.600208953402857,"cg","rel","len",2,2
"TempControl_7psu","VAT",0,"cf","rel","len",1,2
"TempControl_7psu","HOG",-0.45,"cf","rel","surv",3,2
"TempControl_7psu","KUR",0,"cg","rel","len",5,2
"TempControl_7psu","VAT",-0.916666666666667,"cg","rel","surv",1,2
"TempControl_7psu","HOR",-0.539829853121074,"cg","rel","len",7,2
"TempControl_7psu","VIK",-0.322989010488655,"cg","abs","weigh",2,2
"TempControl_7psu","HOR",-0.251168695105837,"cg","abs","weigh",7,2
"TempControl_7psu","KUR",0,"cf","abs","len",5,2
"TempControl_7psu","VIK",0,"cf","abs","surv",2,2
"TempControl_7psu","KUR",0,"cg","rel","surv",5,2
"TempControl_7psu","KAL",0,"cf","abs","weigh",6,2
"TempControl_7psu","HOG",-0.5,"cg","rel","surv",3,2
"TempControl_7psu","KUR",0,"cf","rel","len",5,2
"TempControl_7psu","VAT",0,"cf","abs","surv",1,2
"TempControl_7psu","KUR",0,"cg","abs","surv",5,2
"TempWarm_16psu","HOG",1.33579770287111,"cf","rel","weigh",3,3
"TempWarm_16psu","BJO",1.34854075945575,"cg","rel","weigh",8,3
"TempWarm_16psu","HOG",-0.43881496844359,"cg","abs","len",3,3
"TempWarm_16psu","KUR",-0.383971687499402,"cf","abs","weigh",5,3
"TempWarm_16psu","HOR",7.00000000000001,"cg","rel","surv",7,3
"TempWarm_16psu","HOG",-0.171898618119138,"cf","abs","weigh",3,3
"TempWarm_16psu","BAR",0.535865479231622,"cg","rel","weigh",4,3
"TempWarm_16psu","HOG",-0.211077658675678,"cg","rel","len",3,3
"TempWarm_16psu","KAL",0.125,"cf","rel","surv",6,3
"TempWarm_16psu","BAR",-0.416666666666667,"cf","rel","surv",4,3
"TempWarm_16psu","KAL",-0.8686579893694,"cf","abs","len",6,3
"TempWarm_16psu","BJO",-0.361409861992814,"cf","abs","weigh",8,3
"TempWarm_16psu","HOG",-0.43881496844359,"cf","abs","len",3,3
"TempWarm_16psu","KUR",0.0698613547222075,"cg","abs","weigh",5,3
"TempWarm_16psu","BJO",0.724096573692391,"cg","abs","len",8,3
"TempWarm_16psu","BAR",-1.52402296157649,"cf","abs","len",4,3
"TempWarm_16psu","VAT",1.32687457205104,"cf","rel","len",1,3
"TempWarm_16psu","BAR",-0.358333333333334,"cg","rel","surv",4,3
"TempWarm_16psu","BAR",-0.537281146645233,"cf","rel","len",4,3
"TempWarm_16psu","BJO",4.00000000000001,"cg","rel","surv",8,3
"TempWarm_16psu","BJO",-0.128343022929159,"cg","abs","weigh",8,3
"TempWarm_16psu","BAR",-0.248370032096422,"cf","abs","weigh",4,3
"TempWarm_16psu","HOR",-0.071241510178643,"cg","abs","weigh",7,3
"TempWarm_16psu","KAL",-0.24009994534747,"cg","abs","len",6,3
"TempWarm_16psu","VIK",-0.19619456876232,"cf","abs","len",2,3
"TempWarm_16psu","BJO",1.34475077971444,"cg","rel","len",8,3
"TempWarm_16psu","KUR",0.250000000000002,"cf","rel","surv",5,3
"TempWarm_16psu","KAL",-0.019186269987819,"cg","abs","weigh",6,3
"TempWarm_16psu","VAT",-0.7,"cg","rel","surv",1,3
"TempWarm_16psu","KAL",-2.36082799617672,"cf","rel","weigh",6,3
"TempWarm_16psu","BJO",-0.583333333333333,"cf","rel","surv",8,3
"TempWarm_16psu","KUR",0.083333333333334,"cf","abs","surv",5,3
"TempWarm_16psu","VIK",-0.109256607832433,"cf","rel","len",2,3
"TempWarm_16psu","BAR",-4.89635753913437,"cf","rel","weigh",4,3
"TempWarm_16psu","VAT",0.18939393939394,"cf","abs","surv",1,3
"TempWarm_16psu","KUR",-1.6682691108559,"cf","abs","len",5,3
"TempWarm_16psu","HOG",-0.266666666666666,"cf","rel","surv",3,3
"TempWarm_16psu","VIK",0.545793821210808,"cf","rel","weigh",2,3
"TempWarm_16psu","HOR",-0.272727272727273,"cf","rel","surv",7,3
"TempWarm_16psu","VAT",2.27272727272728,"cf","rel","surv",1,3
"TempWarm_16psu","KAL",0.083333333333333,"cf","abs","surv",6,3
"TempWarm_16psu","VIK",2.08769169433575,"cg","rel","weigh",2,3
"TempWarm_16psu","VIK",0.333333333333333,"cf","rel","surv",2,3
"TempWarm_16psu","VIK",0.25,"cf","abs","surv",2,3
"TempWarm_16psu","KAL",-0.11549226429503,"cg","rel","len",6,3
"TempWarm_16psu","VAT",3.40823791160705,"cg","rel","weigh",1,3
"TempWarm_16psu","BJO",-1.39497677473376,"cf","abs","len",8,3
"TempWarm_16psu","KAL",-0.320835790285582,"cf","rel","len",6,3
"TempWarm_16psu","KUR",-0.462503161829288,"cg","rel","weigh",5,3
"TempWarm_16psu","VAT",-0.636363636363636,"cg","abs","surv",1,3
"TempWarm_16psu","HOR",-0.25,"cf","abs","surv",7,3
"TempWarm_16psu","BAR",-0.325757575757576,"cg","abs","surv",4,3
"TempWarm_16psu","BAR",-0.416666666666667,"cf","abs","surv",4,3
"TempWarm_16psu","HOG",-0.211077658675678,"cf","rel","len",3,3
"TempWarm_16psu","HOR",2.541891858168,"cg","rel","len",7,3
"TempWarm_16psu","VAT",0.714470923412101,"cf","abs","len",1,3
"TempWarm_16psu","KAL",0.149093550936116,"cg","rel","weigh",6,3
"TempWarm_16psu","KAL",-0.159090909090909,"cg","abs","surv",6,3
"TempWarm_16psu","HOR",-0.54896509793252,"cf","abs","len",7,3
"TempWarm_16psu","VAT",-0.82599418150851,"cg","abs","len",1,3
"TempWarm_16psu","HOG",-0.266666666666666,"cg","rel","surv",3,3
"TempWarm_16psu","HOR",1.368711000552,"cg","abs","len",7,3
"TempWarm_16psu","KUR",2.2849224193175,"cg","abs","len",5,3
"TempWarm_16psu","KUR",4.00000000000001,"cg","rel","surv",5,3
"TempWarm_16psu","VAT",-0.438592899184703,"cg","abs","weigh",1,3
"TempWarm_16psu","KUR",4.24342735016107,"cg","rel","len",5,3
"TempWarm_16psu","HOR",-0.223507465410244,"cf","rel","len",7,3
"TempWarm_16psu","KUR",-1.18091747610598,"cf","rel","weigh",5,3
"TempWarm_16psu","BJO",-0.583333333333333,"cf","abs","surv",8,3
"TempWarm_16psu","HOR",0.583333333333334,"cg","abs","surv",7,3
"TempWarm_16psu","BAR",-0.368653264933504,"cg","rel","len",4,3
"TempWarm_16psu","HOR",0.826789682166718,"cg","rel","weigh",7,3
"TempWarm_16psu","BJO",-3.46241960507821,"cf","rel","weigh",8,3
"TempWarm_16psu","BJO",0.333333333333334,"cg","abs","surv",8,3
"TempWarm_16psu","HOG",1.33579770287111,"cg","rel","weigh",3,3
"TempWarm_16psu","VIK",0.916666666666667,"cg","abs","surv",2,3
"TempWarm_16psu","HOR",-0.294648877869966,"cf","abs","weigh",7,3
"TempWarm_16psu","VIK",-0.119315052531799,"cf","abs","weigh",2,3
"TempWarm_16psu","VIK",1.9705522089258,"cg","rel","len",2,3
"TempWarm_16psu","BAR",-0.06895844721074,"cg","abs","weigh",4,3
"TempWarm_16psu","HOG",-0.171898618119138,"cg","abs","weigh",3,3
"TempWarm_16psu","VIK",-0.209237223956799,"cg","abs","weigh",2,3
"TempWarm_16psu","BJO",-0.524913814534136,"cf","rel","len",8,3
"TempWarm_16psu","VIK",11,"cg","rel","surv",2,3
"TempWarm_16psu","VAT",4.18337296210444,"cf","rel","weigh",1,3
"TempWarm_16psu","KUR",-0.371415397708556,"cf","rel","len",5,3
"TempWarm_16psu","HOG",-0.242424242424242,"cg","abs","surv",3,3
"TempWarm_16psu","VAT",-0.397317617789881,"cg","rel","len",1,3
"TempWarm_16psu","KAL",-0.256535924920709,"cf","abs","weigh",6,3
"TempWarm_16psu","BAR",-0.76640309464008,"cg","abs","len",4,3
"TempWarm_16psu","VAT",-0.4578369550801,"cf","abs","weigh",1,3
"TempWarm_16psu","VIK",1.06106657403697,"cg","abs","len",2,3
"TempWarm_16psu","HOR",-3.11069451205934,"cf","rel","weigh",7,3
"TempWarm_16psu","HOG",-0.242424242424242,"cf","abs","surv",3,3
"TempWarm_16psu","KAL",-0.175,"cg","rel","surv",6,3
"TempWarm_16psu","KUR",0.333333333333334,"cg","abs","surv",5,3
"TempWarm_5psu","HOR",-1,"cg","rel","surv",7,4
"TempWarm_5psu","HOG",-0.75923853422036,"cf","abs","len",3,4
"TempWarm_5psu","BAR",-0.916666666666667,"cf","abs","surv",4,4
"TempWarm_5psu","KAL",-2.79705077967419,"cf","rel","weigh",6,4
"TempWarm_5psu","HOR",NA,"cf","abs","len",7,4
"TempWarm_5psu","HOG",-1.13644952778427,"cg","abs","len",3,4
"TempWarm_5psu","HOG",-0.909090909090909,"cg","rel","surv",3,4
"TempWarm_5psu","BAR",-0.744999718235481,"cg","rel","len",4,4
"TempWarm_5psu","BJO",NA,"cf","abs","len",8,4
"TempWarm_5psu","HOR",NA,"cf","rel","len",7,4
"TempWarm_5psu","KAL",-0.303937436346886,"cf","abs","weigh",6,4
"TempWarm_5psu","KAL",-0.289995149105319,"cg","abs","weigh",6,4
"TempWarm_5psu","KUR",-1,"cg","rel","surv",5,4
"TempWarm_5psu","VAT",NA,"cg","abs","weigh",1,4
"TempWarm_5psu","KUR",NA,"cf","abs","weigh",5,4
"TempWarm_5psu","BAR",-3.88936437795368,"cg","rel","weigh",4,4
"TempWarm_5psu","BAR",-1.82982184747238,"cg","abs","len",4,4
"TempWarm_5psu","KUR",NA,"cf","rel","weigh",5,4
"TempWarm_5psu","HOR",-1,"cf","rel","surv",7,4
"TempWarm_5psu","BAR",-2.21023072084488,"cf","abs","len",4,4
"TempWarm_5psu","BJO",NA,"cf","rel","weigh",8,4
"TempWarm_5psu","BAR",-0.779197771940166,"cf","rel","len",4,4
"TempWarm_5psu","BJO",NA,"cf","rel","len",8,4
"TempWarm_5psu","BAR",-6.39540030752312,"cf","rel","weigh",4,4
"TempWarm_5psu","HOG",-0.365206986325008,"cf","rel","len",3,4
"TempWarm_5psu","HOR",NA,"cg","rel","len",7,4
"TempWarm_5psu","BAR",-0.916666666666667,"cf","rel","surv",4,4
"TempWarm_5psu","BJO",NA,"cg","abs","weigh",8,4
"TempWarm_5psu","BJO",-1,"cf","abs","surv",8,4
"TempWarm_5psu","HOR",-0.75,"cg","abs","surv",7,4
"TempWarm_5psu","KUR",-0.333333333333333,"cf","abs","surv",5,4
"TempWarm_5psu","KAL",-1.33245233239049,"cf","abs","len",6,4
"TempWarm_5psu","KUR",NA,"cg","rel","weigh",5,4
"TempWarm_5psu","KUR",NA,"cg","abs","weigh",5,4
"TempWarm_5psu","BAR",-0.833333333333334,"cg","abs","surv",4,4
"TempWarm_5psu","VAT",-0.916666666666667,"cg","abs","surv",1,4
"TempWarm_5psu","HOR",-0.916666666666667,"cf","abs","surv",7,4
"TempWarm_5psu","HOR",NA,"cf","rel","weigh",7,4
"TempWarm_5psu","HOR",NA,"cg","abs","weigh",7,4
"TempWarm_5psu","BAR",-0.909090909090909,"cg","rel","surv",4,4
"TempWarm_5psu","KAL",-0.5,"cf","abs","surv",6,4
"TempWarm_5psu","VAT",NA,"cf","abs","weigh",1,4
"TempWarm_5psu","VAT",NA,"cf","rel","weigh",1,4
"TempWarm_5psu","KUR",-1,"cf","rel","surv",5,4
"TempWarm_5psu","KAL",-0.75,"cg","abs","surv",6,4
"TempWarm_5psu","BJO",-1,"cg","rel","surv",8,4
"TempWarm_5psu","KAL",-0.440164779721672,"cg","rel","len",6,4
"TempWarm_5psu","VAT",-0.0833333333333333,"cf","abs","surv",1,4
"TempWarm_5psu","BJO",NA,"cg","rel","weigh",8,4
"TempWarm_5psu","BJO",NA,"cg","abs","len",8,4
"TempWarm_5psu","VAT",-1,"cg","rel","surv",1,4
"TempWarm_5psu","VAT",NA,"cg","rel","len",1,4
"TempWarm_5psu","BJO",NA,"cg","rel","len",8,4
"TempWarm_5psu","VAT",NA,"cf","abs","len",1,4
"TempWarm_5psu","HOG",-0.825757575757576,"cf","abs","surv",3,4
"TempWarm_5psu","KAL",-0.818181818181818,"cg","rel","surv",6,4
"TempWarm_5psu","HOG",-0.462697819002245,"cg","rel","len",3,4
"TempWarm_5psu","KAL",-0.75,"cf","rel","surv",6,4
"TempWarm_5psu","BJO",-1,"cf","rel","surv",8,4
"TempWarm_5psu","HOR",NA,"cg","abs","len",7,4
"TempWarm_5psu","BAR",-0.324409679430764,"cf","abs","weigh",4,4
"TempWarm_5psu","HOR",NA,"cf","abs","weigh",7,4
"TempWarm_5psu","HOG",-0.908333333333333,"cf","rel","surv",3,4
"TempWarm_5psu","HOG",-0.592575328963308,"cg","abs","weigh",3,4
"TempWarm_5psu","VAT",-1,"cf","rel","surv",1,4
"TempWarm_5psu","HOG",-0.369167961271985,"cf","abs","weigh",3,4
"TempWarm_5psu","KAL",-3.06156373432331,"cg","rel","weigh",6,4
"TempWarm_5psu","VIK",NA,"cg","rel","len",2,4
"TempWarm_5psu","VAT",NA,"cf","rel","len",1,4
"TempWarm_5psu","VIK",-0.75,"cg","abs","surv",2,4
"TempWarm_5psu","VIK",NA,"cf","abs","len",2,4
"TempWarm_5psu","HOR",NA,"cg","rel","weigh",7,4
"TempWarm_5psu","VIK",NA,"cf","rel","len",2,4
"TempWarm_5psu","KAL",-0.492136608782832,"cf","rel","len",6,4
"TempWarm_5psu","BJO",-0.75,"cg","abs","surv",8,4
"TempWarm_5psu","HOG",-6.25599132470279,"cg","rel","weigh",3,4
"TempWarm_5psu","KUR",NA,"cf","abs","len",5,4
"TempWarm_5psu","VIK",NA,"cf","rel","weigh",2,4
"TempWarm_5psu","VIK",NA,"cg","abs","weigh",2,4
"TempWarm_5psu","BAR",-0.368405462236405,"cg","abs","weigh",4,4
"TempWarm_5psu","KUR",NA,"cf","rel","len",5,4
"TempWarm_5psu","VIK",-1,"cf","rel","surv",2,4
"TempWarm_5psu","KUR",-0.75,"cg","abs","surv",5,4
"TempWarm_5psu","BJO",NA,"cf","abs","weigh",8,4
"TempWarm_5psu","VIK",-1,"cg","rel","surv",2,4
"TempWarm_5psu","HOG",2.86874740493232,"cf","rel","weigh",3,4
"TempWarm_5psu","VAT",NA,"cg","abs","len",1,4
"TempWarm_5psu","VAT",NA,"cg","rel","weigh",1,4
"TempWarm_5psu","VIK",NA,"cg","abs","len",2,4
"TempWarm_5psu","VIK",NA,"cf","abs","weigh",2,4
"TempWarm_5psu","KAL",-1.08110528193247,"cg","abs","len",6,4
"TempWarm_5psu","VIK",-0.75,"cf","abs","surv",2,4
"TempWarm_5psu","HOG",-0.833333333333334,"cg","abs","surv",3,4
"TempWarm_5psu","KUR",NA,"cg","abs","len",5,4
"TempWarm_5psu","KUR",NA,"cg","rel","len",5,4
"TempWarm_5psu","VIK",NA,"cg","rel","weigh",2,4
