"trt","pop","fit_off","method","fit","metric","pop_ord","trt_ord","pos_fit_off","log_fit_off"
"TempControl_21psu","BAR",0,"cg","rel","surv",4,1,1.001,0.000999500333083423
"TempControl_21psu","VAT",-0.083333333333333,"cg","rel","surv",1,1,0.917666666666667,-0.0859210625076391
"TempControl_21psu","KUR",0.499999999999999,"cg","rel","surv",5,1,1.501,0.406131552651324
"TempControl_21psu","KAL",0,"cg","rel","surv",6,1,1.001,0.000999500333083423
"TempControl_21psu","VIK",0.499999999999999,"cg","rel","surv",2,1,1.501,0.406131552651324
"TempControl_21psu","BJO",0.499999999999999,"cg","rel","surv",8,1,1.501,0.406131552651324
"TempControl_21psu","HOG",-0.090909090909091,"cg","rel","surv",3,1,0.910090909090909,-0.094210784361024
"TempControl_21psu","HOR",0.375,"cg","rel","surv",7,1,1.376,0.319180739511152
"TempControl_7psu","BJO",0.500000000000002,"cg","rel","surv",8,2,1.501,0.406131552651326
"TempControl_7psu","HOR",0.500000000000002,"cg","rel","surv",7,2,1.501,0.406131552651326
"TempControl_7psu","BAR",-0.5,"cg","rel","surv",4,2,0.501,-0.691149177897272
"TempControl_7psu","KAL",-0.333333333333333,"cg","rel","surv",6,2,0.667666666666667,-0.403966231984428
"TempControl_7psu","VIK",1.25,"cg","rel","surv",2,2,2.251,0.811374561924596
"TempControl_7psu","VAT",-0.916666666666667,"cg","rel","surv",1,2,0.0843333333333333,-2.47297807892273
"TempControl_7psu","KUR",0,"cg","rel","surv",5,2,1.001,0.000999500333083423
"TempControl_7psu","HOG",-0.5,"cg","rel","surv",3,2,0.501,-0.691149177897272
"TempWarm_16psu","HOR",7.00000000000001,"cg","rel","surv",7,3,8.00100000000001,2.07956653386799
"TempWarm_16psu","BAR",-0.358333333333334,"cg","rel","surv",4,3,0.642666666666666,-0.442129092479756
"TempWarm_16psu","BJO",4.00000000000001,"cg","rel","surv",8,3,5.00100000000001,1.60963789243677
"TempWarm_16psu","VAT",-0.7,"cg","rel","surv",1,3,0.301,-1.20064501423326
"TempWarm_16psu","HOG",-0.266666666666666,"cg","rel","surv",3,3,0.734333333333334,-0.308792220847903
"TempWarm_16psu","KUR",4.00000000000001,"cg","rel","surv",5,3,5.00100000000001,1.60963789243677
"TempWarm_16psu","VIK",11,"cg","rel","surv",2,3,12.001,2.4849899796493
"TempWarm_16psu","KAL",-0.175,"cg","rel","surv",6,3,0.826,-0.191160505461159
"TempWarm_5psu","HOR",-1,"cg","rel","surv",7,4,0.001,-6.90775527898214
"TempWarm_5psu","HOG",-0.909090909090909,"cg","rel","surv",3,4,0.0919090909090908,-2.38695533276004
"TempWarm_5psu","KUR",-1,"cg","rel","surv",5,4,0.001,-6.90775527898214
"TempWarm_5psu","BAR",-0.909090909090909,"cg","rel","surv",4,4,0.0919090909090908,-2.38695533276004
"TempWarm_5psu","BJO",-1,"cg","rel","surv",8,4,0.001,-6.90775527898214
"TempWarm_5psu","VAT",-1,"cg","rel","surv",1,4,0.001,-6.90775527898214
"TempWarm_5psu","KAL",-0.818181818181818,"cg","rel","surv",6,4,0.182818181818182,-1.69926316200785
"TempWarm_5psu","VIK",-1,"cg","rel","surv",2,4,0.001,-6.90775527898214
"TempControl_21psu","VIK",0.333333333333333,"cf","rel","surv",2,1,1.33433333333333,0.288431791342327
"TempControl_21psu","BAR",0,"cf","rel","surv",4,1,1.001,0.000999500333083423
"TempControl_21psu","KUR",2,"cf","rel","surv",5,1,3.001,1.09894556645823
"TempControl_21psu","KAL",0.499999999999999,"cf","rel","surv",6,1,1.501,0.406131552651324
"TempControl_21psu","HOG",0,"cf","rel","surv",3,1,1.001,0.000999500333083423
"TempControl_21psu","VAT",10,"cf","rel","surv",1,1,11.001,2.3979861777573
"TempControl_21psu","BJO",0,"cf","rel","surv",8,1,1.001,0.000999500333083423
"TempControl_21psu","HOR",0,"cf","rel","surv",7,1,1.001,0.000999500333083423
"TempControl_7psu","BAR",-0.5,"cf","rel","surv",4,2,0.501,-0.691149177897272
"TempControl_7psu","KUR",0,"cf","rel","surv",5,2,1.001,0.000999500333083423
"TempControl_7psu","VIK",0,"cf","rel","surv",2,2,1.001,0.000999500333083423
"TempControl_7psu","BJO",-0.5,"cf","rel","surv",8,2,0.501,-0.691149177897272
"TempControl_7psu","HOR",-0.454545454545455,"cf","rel","surv",7,2,0.546454545454545,-0.604304148741346
"TempControl_7psu","KAL",0,"cf","rel","surv",6,2,1.001,0.000999500333083423
"TempControl_7psu","VAT",0,"cf","rel","surv",1,2,1.001,0.000999500333083423
"TempControl_7psu","HOG",-0.45,"cf","rel","surv",3,2,0.551,-0.596020469829223
"TempWarm_16psu","KAL",0.125,"cf","rel","surv",6,3,1.126,0.118671529717498
"TempWarm_16psu","BAR",-0.416666666666667,"cf","rel","surv",4,3,0.584333333333333,-0.537283682729013
"TempWarm_16psu","KUR",0.250000000000002,"cf","rel","surv",5,3,1.251,0.223943231484776
"TempWarm_16psu","BJO",-0.583333333333333,"cf","rel","surv",8,3,0.417666666666667,-0.873071612754178
"TempWarm_16psu","HOG",-0.266666666666666,"cf","rel","surv",3,3,0.734333333333334,-0.308792220847903
"TempWarm_16psu","HOR",-0.272727272727273,"cf","rel","surv",7,3,0.728272727272727,-0.317079675565391
"TempWarm_16psu","VAT",2.27272727272728,"cf","rel","surv",1,3,3.27372727272728,1.1859291745407
"TempWarm_16psu","VIK",0.333333333333333,"cf","rel","surv",2,3,1.33433333333333,0.288431791342327
"TempWarm_5psu","HOR",-1,"cf","rel","surv",7,4,0.001,-6.90775527898214
"TempWarm_5psu","BAR",-0.916666666666667,"cf","rel","surv",4,4,0.0843333333333333,-2.47297807892273
"TempWarm_5psu","KUR",-1,"cf","rel","surv",5,4,0.001,-6.90775527898214
"TempWarm_5psu","KAL",-0.75,"cf","rel","surv",6,4,0.251,-1.38230233985035
"TempWarm_5psu","BJO",-1,"cf","rel","surv",8,4,0.001,-6.90775527898214
"TempWarm_5psu","HOG",-0.908333333333333,"cf","rel","surv",3,4,0.0926666666666666,-2.37874645395961
"TempWarm_5psu","VAT",-1,"cf","rel","surv",1,4,0.001,-6.90775527898214
"TempWarm_5psu","VIK",-1,"cf","rel","surv",2,4,0.001,-6.90775527898214
"TempControl_21psu","HOG",-0.267092347747658,"cg","rel","len",3,1,0.531290730413116,-0.632445892669504
"TempControl_21psu","BAR",0,"cg","rel","len",4,1,0.798383078160774,-0.225166748897902
"TempControl_21psu","BJO",-0.0184487841237918,"cg","rel","len",8,1,0.779934294036982,-0.248545601260879
"TempControl_21psu","HOR",-0.0928341540128931,"cg","rel","len",7,1,0.705548924147881,-0.348779163321311
"TempControl_21psu","VIK",-0.0322396379136724,"cg","rel","len",2,1,0.766143440247102,-0.266385867964061
"TempControl_21psu","VAT",-0.0802162470412926,"cg","rel","len",1,1,0.718166831119482,-0.331053381604617
"TempControl_21psu","KAL",-0.160271337084941,"cg","rel","len",6,1,0.638111741075833,-0.449241868220959
"TempControl_21psu","KUR",0.529501472344526,"cg","rel","len",5,1,1.3278845505053,0.283587112414722
"TempControl_7psu","KAL",0.0187955389646408,"cg","rel","len",6,2,0.817178617125415,-0.201897582404728
"TempControl_7psu","BJO",-0.346238632517187,"cg","rel","len",8,2,0.452144445643587,-0.793753580193589
"TempControl_7psu","VAT",-0.797383078160774,"cg","rel","len",1,2,0.001,-6.90775527898214
"TempControl_7psu","HOG",-0.0583941094211413,"cg","rel","len",3,2,0.739988968739633,-0.301120000003638
"TempControl_7psu","BAR",0.0716983151055628,"cg","rel","len",4,2,0.870081393266337,-0.139168516231
"TempControl_7psu","VIK",-0.600208953402857,"cg","rel","len",2,2,0.198174124757917,-1.61860921677975
"TempControl_7psu","KUR",0,"cg","rel","len",5,2,0.798383078160774,-0.225166748897902
"TempControl_7psu","HOR",-0.539829853121074,"cg","rel","len",7,2,0.2585532250397,-1.35265370665475
"TempWarm_16psu","HOG",-0.211077658675678,"cg","rel","len",3,3,0.587305419485097,-0.532210288699378
"TempWarm_16psu","BJO",1.34475077971444,"cg","rel","len",8,3,2.14313385787521,0.762269177384961
"TempWarm_16psu","KAL",-0.11549226429503,"cg","rel","len",6,3,0.682890813865745,-0.381420294759185
"TempWarm_16psu","HOR",2.541891858168,"cg","rel","len",7,3,3.34027493632877,1.20605311986691
"TempWarm_16psu","KUR",4.24342735016107,"cg","rel","len",5,3,5.04181042832184,1.61776522955072
"TempWarm_16psu","BAR",-0.368653264933504,"cg","rel","len",4,3,0.42972981322727,-0.844598609115605
"TempWarm_16psu","VIK",1.9705522089258,"cg","rel","len",2,3,2.76893528708658,1.01846287341612
"TempWarm_16psu","VAT",-0.397317617789881,"cg","rel","len",1,3,0.401065460370893,-0.913630622178045
"TempWarm_5psu","BAR",-0.744999718235481,"cg","rel","len",4,4,0.0533833599252929,-2.93025619346296
"TempWarm_5psu","HOR",NA,"cg","rel","len",7,4,NA,NA
"TempWarm_5psu","KAL",-0.440164779721672,"cg","rel","len",6,4,0.358218298439102,-1.02661270624069
"TempWarm_5psu","VAT",NA,"cg","rel","len",1,4,NA,NA
"TempWarm_5psu","BJO",NA,"cg","rel","len",8,4,NA,NA
"TempWarm_5psu","HOG",-0.462697819002245,"cg","rel","len",3,4,0.335685259158529,-1.09158128671828
"TempWarm_5psu","VIK",NA,"cg","rel","len",2,4,NA,NA
"TempWarm_5psu","KUR",NA,"cg","rel","len",5,4,NA,NA
"TempControl_21psu","HOG",0,"cf","rel","len",3,1,0.780197771940166,-0.24820783766838
"TempControl_21psu","HOR",0,"cf","rel","len",7,1,0.780197771940166,-0.24820783766838
"TempControl_21psu","BAR",0,"cf","rel","len",4,1,0.780197771940166,-0.24820783766838
"TempControl_21psu","BJO",0,"cf","rel","len",8,1,0.780197771940166,-0.24820783766838
"TempControl_21psu","KAL",-0.120242703684518,"cf","rel","len",6,1,0.659955068255648,-0.415583524679639
"TempControl_21psu","VAT",3.84530316159078,"cf","rel","len",1,1,4.62550093353095,1.53158467505193
"TempControl_21psu","VIK",0.459131963286025,"cf","rel","len",2,1,1.23932973522619,0.214570697366727
"TempControl_21psu","KUR",-0.078045042113343,"cf","rel","len",5,1,0.702152729826823,-0.353604334764036
"TempControl_7psu","BAR",0.00406450246850878,"cf","rel","len",4,2,0.784262274408675,-0.243011780891111
"TempControl_7psu","VIK",0,"cf","rel","len",2,2,0.780197771940166,-0.24820783766838
"TempControl_7psu","HOG",0.203674267140693,"cf","rel","len",3,2,0.983872039080859,-0.0162594319705163
"TempControl_7psu","KAL",0,"cf","rel","len",6,2,0.780197771940166,-0.24820783766838
"TempControl_7psu","BJO",0.104959813283252,"cf","rel","len",8,2,0.885157585223418,-0.121989587426092
"TempControl_7psu","HOR",-0.158465461694192,"cf","rel","len",7,2,0.621732310245974,-0.475245648257901
"TempControl_7psu","VAT",0,"cf","rel","len",1,2,0.780197771940166,-0.24820783766838
"TempControl_7psu","KUR",0,"cf","rel","len",5,2,0.780197771940166,-0.24820783766838
"TempWarm_16psu","VAT",1.32687457205104,"cf","rel","len",1,3,2.10707234399121,0.745299469302009
"TempWarm_16psu","BAR",-0.537281146645233,"cf","rel","len",4,3,0.242916625294933,-1.41503700029801
"TempWarm_16psu","VIK",-0.109256607832433,"cf","rel","len",2,3,0.670941164107733,-0.399073829748008
"TempWarm_16psu","KAL",-0.320835790285582,"cf","rel","len",6,3,0.459361981654584,-0.777916748671927
"TempWarm_16psu","HOG",-0.211077658675678,"cf","rel","len",3,3,0.569120113264489,-0.563663771765129
"TempWarm_16psu","HOR",-0.223507465410244,"cf","rel","len",7,3,0.556690306529922,-0.585746196320916
"TempWarm_16psu","BJO",-0.524913814534136,"cf","rel","len",8,3,0.255283957406031,-1.36537879491501
"TempWarm_16psu","KUR",-0.371415397708556,"cf","rel","len",5,3,0.408782374231611,-0.894572356893952
"TempWarm_5psu","HOR",NA,"cf","rel","len",7,4,NA,NA
"TempWarm_5psu","BAR",-0.779197771940166,"cf","rel","len",4,4,0.001,-6.90775527898214
"TempWarm_5psu","BJO",NA,"cf","rel","len",8,4,NA,NA
"TempWarm_5psu","HOG",-0.365206986325008,"cf","rel","len",3,4,0.414990785615158,-0.879498962334905
"TempWarm_5psu","VAT",NA,"cf","rel","len",1,4,NA,NA
"TempWarm_5psu","VIK",NA,"cf","rel","len",2,4,NA,NA
"TempWarm_5psu","KAL",-0.492136608782832,"cf","rel","len",6,4,0.288061163157334,-1.24458244931987
"TempWarm_5psu","KUR",NA,"cf","rel","len",5,4,NA,NA
"TempControl_21psu","BAR",0,"cg","rel","weigh",4,1,6.25699132470279,1.83369945052059
"TempControl_21psu","KUR",0.761129774475457,"cg","rel","weigh",5,1,7.01812109917825,1.94849553252344
"TempControl_21psu","BJO",-0.0394135504011185,"cg","rel","weigh",8,1,6.21757777430167,1.82738040555191
"TempControl_21psu","HOR",-0.128306949838708,"cg","rel","weigh",7,1,6.12868437486408,1.81298010617384
"TempControl_21psu","KAL",-2.26824414813398,"cg","rel","weigh",6,1,3.9887471765688,1.38347719076144
"TempControl_21psu","HOG",-3.53691328558519,"cg","rel","weigh",3,1,2.7200780391176,1.00066057074839
"TempControl_21psu","VAT",0.000345119592575422,"cg","rel","weigh",1,1,6.25733644429536,1.83375460643452
"TempControl_21psu","VIK",-1.60027294321208,"cg","rel","weigh",2,1,4.65671838149071,1.5383109900847
"TempControl_7psu","KUR",0,"cg","rel","weigh",5,2,6.25699132470279,1.83369945052059
"TempControl_7psu","VAT",-2.04848919277384,"cg","rel","weigh",1,2,4.20850213192895,1.43710679624628
"TempControl_7psu","VIK",-1.67233693374859,"cg","rel","weigh",2,2,4.5846543909542,1.52271472466761
"TempControl_7psu","KAL",0.0410307166185581,"cg","rel","weigh",6,2,6.29802204132135,1.84023562240617
"TempControl_7psu","BAR",0.118145898403839,"cg","rel","weigh",4,2,6.37513722310663,1.85240561600602
"TempControl_7psu","HOR",-1.45145120613841,"cg","rel","weigh",7,2,4.80554011856437,1.56976944371464
"TempControl_7psu","BJO",-1.10035449817075,"cg","rel","weigh",8,2,5.15663682653204,1.64028458919011
"TempControl_7psu","HOG",0.207383763488496,"cg","rel","weigh",3,2,6.46437508819128,1.86630634679259
"TempWarm_16psu","BJO",1.34854075945575,"cg","rel","weigh",8,3,7.60553208415853,2.02887588830767
"TempWarm_16psu","BAR",0.535865479231622,"cg","rel","weigh",4,3,6.79285680393441,1.9158715900421
"TempWarm_16psu","VIK",2.08769169433575,"cg","rel","weigh",2,3,8.34468301903854,2.12162457185534
"TempWarm_16psu","VAT",3.40823791160705,"cg","rel","weigh",1,3,9.66522923630983,2.26853483056938
"TempWarm_16psu","KUR",-0.462503161829288,"cg","rel","weigh",5,3,5.7944881628735,1.75690714896919
"TempWarm_16psu","KAL",0.149093550936116,"cg","rel","weigh",6,3,6.4060848756389,1.85724830049646
"TempWarm_16psu","HOR",0.826789682166718,"cg","rel","weigh",7,3,7.08378100686951,1.95780780567503
"TempWarm_16psu","HOG",1.33579770287111,"cg","rel","weigh",3,3,7.5927890275739,2.02719898472377
"TempWarm_5psu","BAR",-3.88936437795368,"cg","rel","weigh",4,4,2.36762694674911,0.86188816523153
"TempWarm_5psu","KUR",NA,"cg","rel","weigh",5,4,NA,NA
"TempWarm_5psu","BJO",NA,"cg","rel","weigh",8,4,NA,NA
"TempWarm_5psu","KAL",-3.06156373432331,"cg","rel","weigh",6,4,3.19542759037948,1.1617209099796
"TempWarm_5psu","HOR",NA,"cg","rel","weigh",7,4,NA,NA
"TempWarm_5psu","HOG",-6.25599132470279,"cg","rel","weigh",3,4,0.001,-6.90775527898214
"TempWarm_5psu","VAT",NA,"cg","rel","weigh",1,4,NA,NA
"TempWarm_5psu","VIK",NA,"cg","rel","weigh",2,4,NA,NA
"TempControl_21psu","KUR",-0.411433483131999,"cf","rel","weigh",5,1,5.98496682439112,1.78925079586861
"TempControl_21psu","HOG",0,"cf","rel","weigh",3,1,6.39640030752312,1.85573538018068
"TempControl_21psu","VAT",-1.46365149941267,"cf","rel","weigh",1,1,4.93274880811045,1.5958964002396
"TempControl_21psu","BAR",0,"cf","rel","weigh",4,1,6.39640030752312,1.85573538018068
"TempControl_21psu","HOR",0,"cf","rel","weigh",7,1,6.39640030752312,1.85573538018068
"TempControl_21psu","BJO",0,"cf","rel","weigh",8,1,6.39640030752312,1.85573538018068
"TempControl_21psu","VIK",-0.701622554568851,"cf","rel","weigh",2,1,5.69477775295427,1.73954957119547
"TempControl_21psu","KAL",-1.59203187858662,"cf","rel","weigh",6,1,4.8043684289365,1.56952559339539
"TempControl_7psu","HOG",-1.97934100590372,"cf","rel","weigh",3,2,4.41705930161941,1.48547415829275
"TempControl_7psu","KUR",0,"cf","rel","weigh",5,2,6.39640030752312,1.85573538018068
"TempControl_7psu","BAR",1.30087330699471,"cf","rel","weigh",4,2,7.69727361451784,2.04086619012327
"TempControl_7psu","VAT",0,"cf","rel","weigh",1,2,6.39640030752312,1.85573538018068
"TempControl_7psu","KAL",0,"cf","rel","weigh",6,2,6.39640030752312,1.85573538018068
"TempControl_7psu","HOR",-2.54968361770266,"cf","rel","weigh",7,2,3.84671668982046,1.34721997661337
"TempControl_7psu","VIK",0,"cf","rel","weigh",2,2,6.39640030752312,1.85573538018068
"TempControl_7psu","BJO",-1.31260519807712,"cf","rel","weigh",8,2,5.083795109446,1.62605805146199
"TempWarm_16psu","HOG",1.33579770287111,"cf","rel","weigh",3,3,7.73219801039424,2.04539317022591
"TempWarm_16psu","KAL",-2.36082799617672,"cf","rel","weigh",6,3,4.0355723113464,1.39514812842894
"TempWarm_16psu","BAR",-4.89635753913437,"cf","rel","weigh",4,3,1.50004276838875,0.405493619960865
"TempWarm_16psu","VIK",0.545793821210808,"cf","rel","weigh",2,3,6.94219412873393,1.93761788142975
"TempWarm_16psu","KUR",-1.18091747610598,"cf","rel","weigh",5,3,5.21548283141714,1.65163166929013
"TempWarm_16psu","BJO",-3.46241960507821,"cf","rel","weigh",8,3,2.93398070244491,1.07636010248202
"TempWarm_16psu","VAT",4.18337296210444,"cf","rel","weigh",1,3,10.5797732696276,2.35894399610861
"TempWarm_16psu","HOR",-3.11069451205934,"cf","rel","weigh",7,3,3.28570579546378,1.18958148288121
"TempWarm_5psu","KAL",-2.79705077967419,"cf","rel","weigh",6,4,3.59934952784893,1.28075314242762
"TempWarm_5psu","KUR",NA,"cf","rel","weigh",5,4,NA,NA
"TempWarm_5psu","BJO",NA,"cf","rel","weigh",8,4,NA,NA
"TempWarm_5psu","BAR",-6.39540030752312,"cf","rel","weigh",4,4,0.001,-6.90775527898214
"TempWarm_5psu","HOR",NA,"cf","rel","weigh",7,4,NA,NA
"TempWarm_5psu","VAT",NA,"cf","rel","weigh",1,4,NA,NA
"TempWarm_5psu","VIK",NA,"cf","rel","weigh",2,4,NA,NA
"TempWarm_5psu","HOG",2.86874740493232,"cf","rel","weigh",3,4,9.26514771245544,2.22625980267072
