"go_method","fit_metric","fit_method","fit_type","cc","pearson","pearson_pval","spearman","spearman_pval","kendall","kendall_pval","r2","signif","pval_adj","signif_adj"
"lea","surv","cf","abs","mll",-0.476857164809837,0.005790393773205,-0.385005759127666,0.0295604483519294,-0.24650184901865,0.0533695755328324,0.227392755630476,FALSE,1,FALSE
"rda","surv","cf","abs","mll",0.148603752028988,0.416960311696028,0.136036600440692,0.457854716924217,0.100271938583858,0.431946510298641,0.022083075117093,FALSE,1,FALSE
"gf","surv","cf","abs","mll",-0.35289555006813,0.0475785169712369,-0.238803380121433,0.188083787482924,-0.150407907875786,0.23847874772516,0.124535269257888,FALSE,1,FALSE
"env","surv","cf","abs","mll",-0.323490694257186,0.0709112695704301,-0.314769470856656,0.0793149207539283,-0.200543877167715,0.116013125424671,0.104646229270996,FALSE,1,FALSE
"lea","surv","cf","abs","full",-0.457630993630564,0.00844929362363846,-0.363195543296142,0.0410358785000589,-0.238145854136662,0.0619812763001764,0.209426126331297,FALSE,1,FALSE
"rda","surv","cf","abs","full",0.291486619375583,0.105519193165028,0.2534051347883,0.161691052362575,0.183831887403739,0.149654554401684,0.0849644492750059,FALSE,1,FALSE
"gf","surv","cf","abs","full",-0.341268869553197,0.0559359669402968,-0.249708488037195,0.168106507892738,-0.158763902757774,0.213394159238564,0.116464441326117,FALSE,1,FALSE
"env","surv","cf","abs","full",-0.323490694257186,0.0709112695704301,-0.314769470856656,0.0793149207539283,-0.200543877167715,0.116013125424671,0.104646229270996,FALSE,1,FALSE
"lea","surv","cg","abs","mll",-0.318698950712843,0.0754382139313642,-0.277232638632196,0.124499499301707,-0.175118199228945,0.166455001783673,0.101569021185467,FALSE,1,FALSE
"rda","surv","cg","abs","mll",0.096130331279229,0.600713565687019,0.0858538741652754,0.640353515413245,0.0432644962800923,0.732462628454441,0.00924104059185431,FALSE,1,FALSE
"gf","surv","cg","abs","mll",-0.247904943450558,0.171301481605252,-0.182002859579492,0.31878377835534,-0.125673060623125,0.320711270776626,0.0614568609872246,FALSE,1,FALSE
"env","surv","cg","abs","mll",-0.280588495552779,0.119818879612635,-0.267121368655557,0.139419703332205,-0.183359055663248,0.147393628778413,0.078729903836572,FALSE,1,FALSE
"lea","surv","cg","abs","full",-0.304191822414109,0.0905152413847179,-0.27171740046312,0.132483800554163,-0.175118199228945,0.166455001783673,0.0925326648236166,FALSE,1,FALSE
"rda","surv","cg","abs","full",0.324764216595831,0.0697444195845667,0.313265528003489,0.0808386735655282,0.208081624966158,0.100146653422328,0.105471796381104,FALSE,1,FALSE
"gf","surv","cg","abs","full",-0.232172463477101,0.201013479891881,-0.171891589602853,0.346855227042005,-0.117432204188822,0.353468407857322,0.0539040527970257,FALSE,1,FALSE
"env","surv","cg","abs","full",-0.280588495552779,0.119818879612635,-0.267121368655557,0.139419703332205,-0.183359055663248,0.147393628778413,0.078729903836572,FALSE,1,FALSE
"lea","surv","cf","rel","mll",-0.263326014948091,0.145344269196595,-0.405164783338983,0.0214244904020827,-0.273350638540074,0.0330219719687543,0.0693405901484424,TRUE,1,FALSE
"rda","surv","cf","rel","mll",-0.0962815343611005,0.600138250613748,0.0451622691341762,0.806118012670892,0.0294377610735464,0.818418002126123,0.00927013385892776,FALSE,1,FALSE
"gf","surv","cf","rel","mll",-0.226931082968655,0.211659772768074,-0.279857995618338,0.120826442426739,-0.180831960880356,0.158457521184001,0.0514977164173267,FALSE,1,FALSE
"env","surv","cf","rel","mll",-0.178026174441068,0.329650825925276,-0.348526855654319,0.0505933887448243,-0.235502088588371,0.0662628340995051,0.0316933187861215,FALSE,1,FALSE
"lea","surv","cf","rel","full",-0.26455291973521,0.143409401962955,-0.397390950127362,0.0243095654344302,-0.269145244100996,0.0358152367653632,0.0699882473404243,TRUE,1,FALSE
"rda","surv","cf","rel","full",0.0322351785205837,0.860969597652873,0.207857492777377,0.253636685015939,0.159804988684966,0.212657045755501,0.00103910673425391,FALSE,1,FALSE
"gf","surv","cf","rel","full",-0.213277388810039,0.2411877347061,-0.287076555029128,0.111142306116444,-0.189242749758513,0.13997808360149,0.0454872445776287,FALSE,1,FALSE
"env","surv","cf","rel","full",-0.178026174441068,0.329650825925276,-0.348526855654319,0.0505933887448243,-0.235502088588371,0.0662628340995051,0.0316933187861215,FALSE,1,FALSE
"lea","surv","cg","rel","mll",0.171740374871412,0.347286035289632,-0.29687628406975,0.0989410564380593,-0.209920985793459,0.0968738716030267,0.0294947563609732,FALSE,1,FALSE
"rda","surv","cg","rel","mll",0.00334491601689581,0.985504113488636,0.0544120000524123,0.767402873897221,0.0246965865639364,0.845144121078094,1.11884631600854e-05,FALSE,1,FALSE
"gf","surv","cg","rel","mll",0.195122180433658,0.28453310125998,-0.225736270487711,0.214139792656392,-0.172876105947555,0.171554799316848,0.0380726652971849,FALSE,1,FALSE
"env","surv","cg","rel","mll",0.148026099770988,0.418793931481076,-0.294854216500234,0.101371580911118,-0.222269279075427,0.0787712171485044,0.0219117262134104,FALSE,1,FALSE
"lea","surv","cg","rel","full",0.176063954097972,0.335095823859586,-0.294486567851232,0.101818299429096,-0.214037083554115,0.0905021626475523,0.0309985159326126,FALSE,1,FALSE
"rda","surv","cg","rel","full",0.0998335972387021,0.586691632942358,0.29301597325522,0.103620053501222,0.197572692511491,0.118160164558699,0.00996674713761936,FALSE,1,FALSE
"gf","surv","cg","rel","full",0.192377436920577,0.291495326995958,-0.213236216421616,0.24128073590344,-0.15641171490493,0.216082229371084,0.0370090782361306,FALSE,1,FALSE
"env","surv","cg","rel","full",0.148026099770988,0.418793931481076,-0.294854216500234,0.101371580911118,-0.222269279075427,0.0787712171485044,0.0219117262134104,FALSE,1,FALSE
"lea","len","cf","abs","mll",-0.561109400417888,8.10854682277525e-18,-0.562829786728125,6.12874016521264e-18,-0.418214127926951,4.44033695183245e-16,0.314843759237322,TRUE,2.08695836736125e-14,TRUE
"rda","len","cf","abs","mll",-0.206500158322019,0.00351332953881061,-0.192358247536524,0.00662788090237167,-0.112498415030154,0.0288269007472799,0.0426423153870188,TRUE,0.907479441819057,FALSE
"gf","len","cf","abs","mll",-0.591029612978868,4.89695698056065e-20,-0.668713553279989,5.02021432408634e-27,-0.514512319618593,1.57114027368223e-23,0.349316003417951,TRUE,9.11261358735695e-22,TRUE
"env","len","cf","abs","mll",-0.512737261382373,1.14033476532086e-14,-0.638081447863412,4.96575467493242e-24,-0.486853401723573,3.09218673629074e-21,0.262899499209895,TRUE,1.57701523550828e-19,TRUE
"lea","len","cf","abs","full",-0.577704619566748,5.0838918423933e-19,-0.643244197760337,1.64057682406463e-24,-0.497352501169437,4.30610519810731e-22,0.33374262746876,TRUE,2.28223575499687e-20,TRUE
"rda","len","cf","abs","full",-0.199976602604121,0.00473259605770698,-0.250505535007795,0.00037151624046747,-0.13383529454917,0.00931093253255471,0.0399906415890865,TRUE,0.344504503704524,FALSE
"gf","len","cf","abs","full",-0.586172478075112,1.16352685030551e-19,-0.67128386970664,2.71080660616846e-27,-0.526027460946316,1.6014648142679e-24,0.343598174052718,TRUE,1.00892283298878e-22,TRUE
"env","len","cf","abs","full",-0.512737261382373,1.14033476532086e-14,-0.638081447863412,4.96575467493242e-24,-0.486853401723573,3.09218673629074e-21,0.262899499209895,TRUE,1.57701523550828e-19,TRUE
"lea","len","cg","abs","mll",0.317147447373714,5.30167523626126e-06,0.0608046909153345,0.394786957105603,0.0144601661865935,0.771479276803417,0.100582503375663,FALSE,1,FALSE
"rda","len","cg","abs","mll",0.148394591112396,0.0369386025063582,0.0634687560540124,0.374365426674208,0.0575193277200054,0.247964444266789,0.0220209546714151,FALSE,1,FALSE
"gf","len","cg","abs","mll",0.384812862110928,2.17383069757867e-08,0.178490039627253,0.0118724906767451,0.11278929625543,0.0234859515270862,0.148080938846004,TRUE,0.818645103665706,FALSE
"env","len","cg","abs","mll",0.342536310691999,7.82632060107707e-07,0.155974892253947,0.028212944915778,0.0905099290938632,0.0690729548776718,0.117331124142485,FALSE,1,FALSE
"lea","len","cg","abs","full",0.334426357729895,1.46923533061888e-06,0.0972585246512174,0.172845474793615,0.0402742406382161,0.418555106516007,0.111840988744483,FALSE,1,FALSE
"rda","len","cg","abs","full",0.182623666355962,0.0100192121536216,0.0596067139797917,0.40418389574508,0.0323479273211203,0.515869150294461,0.0333514035132937,FALSE,1,FALSE
"gf","len","cg","abs","full",0.384152681471166,2.30823975707899e-08,0.171508298237058,0.0156927248940469,0.10914747662325,0.0283587325568455,0.147573282681487,TRUE,0.907479441819057,FALSE
"env","len","cg","abs","full",0.342536310691999,7.82632060107707e-07,0.155974892253947,0.028212944915778,0.0905099290938632,0.0690729548776718,0.117331124142485,FALSE,1,FALSE
"lea","len","cf","rel","mll",-0.258682214638172,0.000233447025101272,-0.55660067937085,1.6758539288143e-17,-0.419455956893666,3.63820225803297e-16,0.0669164881701094,TRUE,1.74633708385583e-14,TRUE
"rda","len","cf","rel","mll",-0.235231046095909,0.000850016309285169,-0.169814660930307,0.0167672362545758,-0.116675476100014,0.0233898601047345,0.0553336450473755,TRUE,0.818645103665706,FALSE
"gf","len","cf","rel","mll",-0.289483841253479,3.52604273241228e-05,-0.666429178631594,8.63658695058609e-27,-0.507851600615302,5.75456518627578e-23,0.0838008943468692,TRUE,3.22255650431444e-21,TRUE
"env","len","cf","rel","mll",-0.211578999478344,0.00276901652876038,-0.644642310875018,1.21101668621448e-24,-0.52060857090974,4.71934481725437e-24,0.0447656730202567,TRUE,2.87880033852516e-22,TRUE
"lea","len","cf","rel","full",-0.275868127502084,8.3599317359373e-05,-0.641637552520076,2.32094951618672e-24,-0.490691782166147,1.51121963473499e-21,0.0761032237715062,TRUE,7.85834210062195e-20,TRUE
"rda","len","cf","rel","full",-0.175321839901842,0.0134908110239028,-0.224413742689065,0.00148076665464325,-0.135980271855314,0.008239411118721,0.0307377475465671,TRUE,0.313097622511398,FALSE
"gf","len","cf","rel","full",-0.280361626069313,6.31846727137486e-05,-0.669694602143511,3.97091166041291e-27,-0.527269289913031,1.2481961531269e-24,0.0786026413722293,TRUE,7.98845538001219e-23,TRUE
"env","len","cf","rel","full",-0.211578999478344,0.00276901652876038,-0.644642310875018,1.21101668621448e-24,-0.52060857090974,4.71934481725437e-24,0.0447656730202567,TRUE,2.87880033852516e-22,TRUE
"lea","len","cg","rel","mll",0.51512064184417,8.1922373086026e-15,0.056987592348398,0.425185286858782,0.0128534810547498,0.796276235962322,0.26534927565395,FALSE,1,FALSE
"rda","len","cg","rel","mll",0.0234045535198168,0.743447855143649,0.0538213997490268,0.451398726648251,0.0398457912697244,0.42352258788565,0.000547773125461964,FALSE,1,FALSE
"gf","len","cg","rel","mll",0.506614459107417,2.63584863043627e-14,0.16804299884783,0.0179592945554266,0.111182611123586,0.0255380916615576,0.2566582101767,TRUE,0.842757024831399,FALSE
"env","len","cg","rel","mll",0.457838993091977,1.18779254906177e-11,0.156156216059197,0.0280279271814284,0.0889032439620195,0.0741525244568381,0.209616543595476,FALSE,1,FALSE
"lea","len","cg","rel","full",0.519716260875016,4.29804475086514e-15,0.093608801904512,0.189609605435454,0.0386675555063723,0.437359766544162,0.270104991817907,FALSE,1,FALSE
"rda","len","cg","rel","full",0.046572330291601,0.514701078066987,0.0477974199968214,0.503691178617315,0.0211011313982143,0.671691282499284,0.00216898194878998,FALSE,1,FALSE
"gf","len","cg","rel","full",0.497457089200987,8.94884514117288e-14,0.164785369457777,0.0203442953223479,0.107540791491407,0.0307713822681313,0.247463555596319,TRUE,0.907479441819057,FALSE
"env","len","cg","rel","full",0.457838993091977,1.18779254906177e-11,0.156156216059197,0.0280279271814284,0.0889032439620195,0.0741525244568381,0.209616543595476,FALSE,1,FALSE
"lea","weigh","cf","abs","mll",-0.71323055078387,4.48855493779572e-32,-0.62378751852823,9.57542157936797e-23,-0.468790434934988,8.34486859491575e-20,0.508697818571462,TRUE,4.08898561150872e-18,TRUE
"rda","weigh","cf","abs","mll",-0.0661771488314095,0.35428229347981,-0.0718124608520539,0.314708310300017,-0.0533421987975393,0.299997103339459,0.00437941502745453,FALSE,1,FALSE
"gf","weigh","cf","abs","mll",-0.717774717306938,1.20869771739153e-32,-0.66649552976246,8.50213030990931e-27,-0.509996577921447,3.79522073324534e-23,0.515200544805054,TRUE,2.16327581794984e-21,TRUE
"env","weigh","cf","abs","mll",-0.675096318026284,1.07439470523797e-27,-0.650012013108693,3.71819525200185e-25,-0.503561646003013,1.31620148483888e-22,0.455755038612645,TRUE,7.23910816661382e-21,TRUE
"lea","weigh","cf","abs","full",-0.721637890972503,3.88179062434833e-33,-0.678378701342836,4.78912571383349e-28,-0.518802274230882,6.74957513705769e-24,0.520761245687242,TRUE,3.98224933086403e-22,TRUE
"rda","weigh","cf","abs","full",-0.101075152226143,0.156518148950057,-0.151177892101047,0.0335009894840716,-0.104257186432862,0.0427936440096911,0.0102161863975381,TRUE,1,FALSE
"gf","weigh","cf","abs","full",-0.718513191889631,9.74229855617839e-33,-0.680906363471074,2.5521838837484e-28,-0.521285932164312,4.1254568481747e-24,0.516261206919425,TRUE,2.55778324586831e-22,TRUE
"env","weigh","cf","abs","full",-0.675096318026284,1.07439470523797e-27,-0.650012013108693,3.71819525200185e-25,-0.503561646003013,1.31620148483888e-22,0.455755038612645,TRUE,7.23910816661382e-21,TRUE
"lea","weigh","cg","abs","mll",-0.288327428661967,3.80089686622178e-05,-0.140440737242785,0.0484436646255512,-0.102695763799743,0.0389199321941143,0.0831327061188214,TRUE,1,FALSE
"rda","weigh","cg","abs","mll",0.289306276793164,3.56699255074271e-05,0.368016295021078,9.60466167384369e-08,0.260376551133932,1.64345043589253e-07,0.0836981217919227,TRUE,6.40945669998086e-06,TRUE
"gf","weigh","cg","abs","mll",-0.188480035759231,0.0078318613228678,-0.0550576779594964,0.441056983958806,-0.0370132648694908,0.456711874234453,0.0355247238798009,FALSE,1,FALSE
"env","weigh","cg","abs","mll",-0.155853640297826,0.0283372488713898,-0.0561408103038581,0.432108128918277,-0.027599486521181,0.578910074521216,0.0242903571940842,FALSE,1,FALSE
"lea","weigh","cg","abs","full",-0.254951912264209,0.000289113157043482,-0.119078702193614,0.0947360311572254,-0.0769148480958494,0.121954121189528,0.065000477567177,FALSE,1,FALSE
"rda","weigh","cg","abs","full",0.345764819054996,6.0603022780989e-07,0.39504811726341,8.43023573115316e-09,0.260911424903723,1.55038548699728e-07,0.119553310096134,TRUE,6.20154194798911e-06,TRUE
"gf","weigh","cg","abs","full",-0.169848043452549,0.0167454529885146,-0.0564863589630751,0.429275313160377,-0.0404364569961489,0.416156989640978,0.028848357864659,FALSE,1,FALSE
"env","weigh","cg","abs","full",-0.155853640297826,0.0283372488713898,-0.0561408103038581,0.432108128918277,-0.027599486521181,0.578910074521216,0.0242903571940842,FALSE,1,FALSE
"lea","weigh","cf","rel","mll",-0.205211133789591,0.00372896195523791,-0.0581773034590434,0.415568253575993,-0.0207159650356581,0.68730765299975,0.0421116094312095,FALSE,1,FALSE
"rda","weigh","cf","rel","mll",-0.0173640654173915,0.808156187953212,-0.10180159221476,0.153546492173982,-0.0728727816376965,0.15679919957251,0.000301510767819453,FALSE,1,FALSE
"gf","weigh","cf","rel","mll",-0.191098439518392,0.00699951289108407,-0.0686592023470778,0.33648261960213,-0.0219577940023733,0.669641400536622,0.0365186135863646,FALSE,1,FALSE
"env","weigh","cf","rel","mll",-0.183039215056043,0.00984786102939243,-0.119280375831522,0.0941743139916373,-0.0803237554379877,0.118596536504144,0.0335033542483322,FALSE,1,FALSE
"lea","weigh","cf","rel","full",-0.208918022645406,0.00313898621960167,-0.090384458339278,0.205383122708562,-0.056051643815827,0.276116777685081,0.0436467401860662,FALSE,1,FALSE
"rda","weigh","cf","rel","full",-0.109677140070605,0.124007863103949,-0.193471998661779,0.00631410434980897,-0.112724202115012,0.0285073662065859,0.0120290750540672,TRUE,0.907479441819057,FALSE
"gf","weigh","cf","rel","full",-0.190971233581454,0.00703805074082198,-0.0919753056912374,0.197486279276341,-0.0413754833001019,0.421439616899705,0.0364700120556223,FALSE,1,FALSE
"env","weigh","cf","rel","full",-0.183039215056043,0.00984786102939243,-0.119280375831522,0.0941743139916373,-0.0803237554379877,0.118596536504144,0.0335033542483322,FALSE,1,FALSE
"lea","weigh","cg","rel","mll",0.493113460267242,1.5779052990866e-13,0.485141139603942,4.37736159512226e-13,0.346187089741261,3.56686145729291e-12,0.243160884696733,TRUE,1.64075627035474e-10,TRUE
"rda","weigh","cg","rel","mll",-0.138839651863786,0.0510884959835802,-0.20416673027159,0.0039123499349745,-0.127463687126269,0.0104618240406136,0.0192764489296574,TRUE,0.37662566546209,FALSE
"gf","weigh","cg","rel","mll",0.44639774374641,4.35224768140004e-11,0.453186305924826,2.02589456773672e-11,0.287489526257904,7.72337017525497e-09,0.199270945621886,TRUE,3.16658177185454e-07,TRUE
"env","weigh","cg","rel","mll",0.434277802876745,1.63565054309761e-10,0.473562762261846,1.83945672679583e-12,0.329263339685841,3.75496910378924e-11,0.188597210071453,TRUE,1.68973609670516e-09,TRUE
"lea","weigh","cg","rel","full",0.488220623188891,2.96075716159062e-13,0.457156832326974,1.28515942899462e-11,0.312232477288297,3.57901078091605e-10,0.238359376906948,TRUE,1.5389746357939e-08,TRUE
"rda","weigh","cg","rel","full",-0.11746025687051,0.0993408845703459,-0.159850882313187,0.0244778608847982,-0.0937232993575507,0.059770247250236,0.0137969119440862,FALSE,1,FALSE
"gf","weigh","cg","rel","full",0.437016675996811,1.21824475348973e-10,0.458376506128102,1.116159161085e-11,0.291131345890083,4.98910711864785e-09,0.190983575099302,TRUE,2.0954249898321e-07,TRUE
"env","weigh","cg","rel","full",0.434277802876745,1.63565054309761e-10,0.473562762261846,1.83945672679583e-12,0.329263339685841,3.75496910378924e-11,0.188597210071453,TRUE,1.68973609670516e-09,TRUE
