"pop","trt","cc","lea_offset","rda_offset","gf_offset","env_dist","pop_trt","tank_ID","length_growth","length_std_change","weight_change","weight_std_change","above_below_weight_ratio"
"BAR","TempControl-21psu","full",0.00798694155968836,2.416487443602,0.0757031686195213,3.2931,"BAR_TempControl_21psu","A1",81.4,2.23013698630137,0.14,0.0786516853932584,0.61344537815126
"BAR","TempControl-21psu","full",0.00798694155968836,2.416487443602,0.0757031686195213,3.2931,"BAR_TempControl_21psu","C1",64.2,3.29230769230769,0.1,0.0854700854700856,0.443181818181818
"BAR","TempControl-21psu","full",0.00798694155968836,2.416487443602,0.0757031686195213,3.2931,"BAR_TempControl_21psu","A1",66.8,1.80540540540541,-0.13,-0.0860927152317882,0.725
"BAR","TempControl-21psu","full",0.00798694155968836,2.416487443602,0.0757031686195213,3.2931,"BAR_TempControl_21psu","A2",62.8,1.58987341772152,-0.46,-0.258426966292135,0.471910112359551
"BAR","TempControl-21psu","full",0.00798694155968836,2.416487443602,0.0757031686195213,3.2931,"BAR_TempControl_21psu","C2",182.7,4.872,1.53,0.784615384615385,0.258064516129032
"BAR","TempControl-21psu","full",0.00798694155968836,2.416487443602,0.0757031686195213,3.2931,"BAR_TempControl_21psu","A2",75.4,2.09444444444444,0.0499999999999998,0.0312499999999999,0.611111111111111
"BAR","TempControl-21psu","full",0.00798694155968836,2.416487443602,0.0757031686195213,3.2931,"BAR_TempControl_21psu","C3",123.9,5.63181818181818,1.01,0.619631901840491,0.271794871794872
"BAR","TempControl-21psu","full",0.00798694155968836,2.416487443602,0.0757031686195213,3.2931,"BAR_TempControl_21psu","C1",142.8,2.59636363636364,-0.170000000000001,-0.0362473347547976,0.153846153846154
"BAR","TempControl-21psu","full",0.00798694155968836,2.416487443602,0.0757031686195213,3.2931,"BAR_TempControl_21psu","C3",107,2.70886075949367,-0.34,-0.108626198083067,0.33
"BAR","TempControl-21psu","full",0.00798694155968836,2.416487443602,0.0757031686195213,3.2931,"BAR_TempControl_21psu","C4",81.7,2.28851540616246,-0.55,-0.175718849840256,0.622641509433962
"BAR","TempControl-21psu","full",0.00798694155968836,2.416487443602,0.0757031686195213,3.2931,"BAR_TempControl_21psu","C4",114.8,3.19777158774373,0.38,0.219653179190751,0.481751824817518
"BAR","TempControl-21psu","full",0.00798694155968836,2.416487443602,0.0757031686195213,3.2931,"BAR_TempControl_21psu","C2",45.7,1.73106060606061,-1.5,-0.545454545454545,0.31578947368421
"BAR","TempControl-21psu","mll",0.00871630023878949,1.85015490733416,0.0490786082468778,3.2931,"BAR_TempControl_21psu","A1",81.4,2.23013698630137,0.14,0.0786516853932584,0.61344537815126
"BAR","TempControl-21psu","mll",0.00871630023878949,1.85015490733416,0.0490786082468778,3.2931,"BAR_TempControl_21psu","C1",64.2,3.29230769230769,0.1,0.0854700854700856,0.443181818181818
"BAR","TempControl-21psu","mll",0.00871630023878949,1.85015490733416,0.0490786082468778,3.2931,"BAR_TempControl_21psu","A1",66.8,1.80540540540541,-0.13,-0.0860927152317882,0.725
"BAR","TempControl-21psu","mll",0.00871630023878949,1.85015490733416,0.0490786082468778,3.2931,"BAR_TempControl_21psu","A2",62.8,1.58987341772152,-0.46,-0.258426966292135,0.471910112359551
"BAR","TempControl-21psu","mll",0.00871630023878949,1.85015490733416,0.0490786082468778,3.2931,"BAR_TempControl_21psu","C2",182.7,4.872,1.53,0.784615384615385,0.258064516129032
"BAR","TempControl-21psu","mll",0.00871630023878949,1.85015490733416,0.0490786082468778,3.2931,"BAR_TempControl_21psu","A2",75.4,2.09444444444444,0.0499999999999998,0.0312499999999999,0.611111111111111
"BAR","TempControl-21psu","mll",0.00871630023878949,1.85015490733416,0.0490786082468778,3.2931,"BAR_TempControl_21psu","C3",123.9,5.63181818181818,1.01,0.619631901840491,0.271794871794872
"BAR","TempControl-21psu","mll",0.00871630023878949,1.85015490733416,0.0490786082468778,3.2931,"BAR_TempControl_21psu","C1",142.8,2.59636363636364,-0.170000000000001,-0.0362473347547976,0.153846153846154
"BAR","TempControl-21psu","mll",0.00871630023878949,1.85015490733416,0.0490786082468778,3.2931,"BAR_TempControl_21psu","C3",107,2.70886075949367,-0.34,-0.108626198083067,0.33
"BAR","TempControl-21psu","mll",0.00871630023878949,1.85015490733416,0.0490786082468778,3.2931,"BAR_TempControl_21psu","C4",81.7,2.28851540616246,-0.55,-0.175718849840256,0.622641509433962
"BAR","TempControl-21psu","mll",0.00871630023878949,1.85015490733416,0.0490786082468778,3.2931,"BAR_TempControl_21psu","C4",114.8,3.19777158774373,0.38,0.219653179190751,0.481751824817518
"BAR","TempControl-21psu","mll",0.00871630023878949,1.85015490733416,0.0490786082468778,3.2931,"BAR_TempControl_21psu","C2",45.7,1.73106060606061,-1.5,-0.545454545454545,0.31578947368421
"BAR","TempControl-7psu","mll",0.00734592353575743,1.18858416069832,0.03646091000673,2.7722,"BAR_TempControl_7psu","C3",107.9,2.48617511520737,-0.58,-0.212454212454212,0.429577464788732
"BAR","TempControl-7psu","mll",0.00734592353575743,1.18858416069832,0.03646091000673,2.7722,"BAR_TempControl_7psu","C3",169,8.75647668393782,0.53,0.42741935483871,0.267857142857143
"BAR","TempControl-7psu","mll",0.00734592353575743,1.18858416069832,0.03646091000673,2.7722,"BAR_TempControl_7psu","A2",92.9,1.40757575757576,1.76,1.15789473684211,0.481818181818182
"BAR","TempControl-7psu","mll",0.00734592353575743,1.18858416069832,0.03646091000673,2.7722,"BAR_TempControl_7psu","A1",61.1,2.35,0.22,0.140127388535032,0.217687074829932
"BAR","TempControl-7psu","mll",0.00734592353575743,1.18858416069832,0.03646091000673,2.7722,"BAR_TempControl_7psu","C4",45.8,1.06264501160093,-1.45,-0.494880546075085,0.213114754098361
"BAR","TempControl-7psu","mll",0.00734592353575743,1.18858416069832,0.03646091000673,2.7722,"BAR_TempControl_7psu","C2",44.1,1.02558139534884,-0.82,-0.317829457364341,0.106918238993711
"BAR","TempControl-7psu","full",0.00662757668091765,1.01142729667696,0.0510150602602953,2.7722,"BAR_TempControl_7psu","C3",107.9,2.48617511520737,-0.58,-0.212454212454212,0.429577464788732
"BAR","TempControl-7psu","full",0.00662757668091765,1.01142729667696,0.0510150602602953,2.7722,"BAR_TempControl_7psu","C3",169,8.75647668393782,0.53,0.42741935483871,0.267857142857143
"BAR","TempControl-7psu","full",0.00662757668091765,1.01142729667696,0.0510150602602953,2.7722,"BAR_TempControl_7psu","A2",92.9,1.40757575757576,1.76,1.15789473684211,0.481818181818182
"BAR","TempControl-7psu","full",0.00662757668091765,1.01142729667696,0.0510150602602953,2.7722,"BAR_TempControl_7psu","A1",61.1,2.35,0.22,0.140127388535032,0.217687074829932
"BAR","TempControl-7psu","full",0.00662757668091765,1.01142729667696,0.0510150602602953,2.7722,"BAR_TempControl_7psu","C4",45.8,1.06264501160093,-1.45,-0.494880546075085,0.213114754098361
"BAR","TempControl-7psu","full",0.00662757668091765,1.01142729667696,0.0510150602602953,2.7722,"BAR_TempControl_7psu","C2",44.1,1.02558139534884,-0.82,-0.317829457364341,0.106918238993711
"BAR","TempWarm-16psu","full",0.0346272952586907,1.47194028052005,0.130291719636577,5.7974,"BAR_TempWarm_16psu","B4",32.1,0.8025,-0.25,-0.151515151515152,0
"BAR","TempWarm-16psu","full",0.0346272952586907,1.47194028052005,0.130291719636577,5.7974,"BAR_TempWarm_16psu","A3",44.1,1.19189189189189,0.17,0.0880829015544042,0.627906976744186
"BAR","TempWarm-16psu","full",0.0346272952586907,1.47194028052005,0.130291719636577,5.7974,"BAR_TempWarm_16psu","B3",74,2.19584569732938,0.14,0.097902097902098,0.339130434782609
"BAR","TempWarm-16psu","full",0.0346272952586907,1.47194028052005,0.130291719636577,5.7974,"BAR_TempWarm_16psu","A4",8.8,0.266666666666667,-0.98,-0.420600858369099,0
"BAR","TempWarm-16psu","full",0.0346272952586907,1.47194028052005,0.130291719636577,5.7974,"BAR_TempWarm_16psu","A4",29.3,0.837142857142857,-0.73,-0.437125748502994,0.220779220779221
"BAR","TempWarm-16psu","full",0.0346272952586907,1.47194028052005,0.130291719636577,5.7974,"BAR_TempWarm_16psu","B2",80.5,2.0379746835443,-0.53,-0.253588516746411,0.420560747663551
"BAR","TempWarm-16psu","full",0.0346272952586907,1.47194028052005,0.130291719636577,5.7974,"BAR_TempWarm_16psu","B3",70.7,1.85564304461942,-0.69,-0.306666666666667,0.479591836734694
"BAR","TempWarm-16psu","mll",0.0430151243295878,0.870765122925002,0.0849818641213911,5.7974,"BAR_TempWarm_16psu","B4",32.1,0.8025,-0.25,-0.151515151515152,0
"BAR","TempWarm-16psu","mll",0.0430151243295878,0.870765122925002,0.0849818641213911,5.7974,"BAR_TempWarm_16psu","A3",44.1,1.19189189189189,0.17,0.0880829015544042,0.627906976744186
"BAR","TempWarm-16psu","mll",0.0430151243295878,0.870765122925002,0.0849818641213911,5.7974,"BAR_TempWarm_16psu","B3",74,2.19584569732938,0.14,0.097902097902098,0.339130434782609
"BAR","TempWarm-16psu","mll",0.0430151243295878,0.870765122925002,0.0849818641213911,5.7974,"BAR_TempWarm_16psu","A4",8.8,0.266666666666667,-0.98,-0.420600858369099,0
"BAR","TempWarm-16psu","mll",0.0430151243295878,0.870765122925002,0.0849818641213911,5.7974,"BAR_TempWarm_16psu","A4",29.3,0.837142857142857,-0.73,-0.437125748502994,0.220779220779221
"BAR","TempWarm-16psu","mll",0.0430151243295878,0.870765122925002,0.0849818641213911,5.7974,"BAR_TempWarm_16psu","B2",80.5,2.0379746835443,-0.53,-0.253588516746411,0.420560747663551
"BAR","TempWarm-16psu","mll",0.0430151243295878,0.870765122925002,0.0849818641213911,5.7974,"BAR_TempWarm_16psu","B3",70.7,1.85564304461942,-0.69,-0.306666666666667,0.479591836734694
"BAR","TempWarm-5psu","full",0.0367128182833948,1.37444126188955,0.12517842947807,6.0353,"BAR_TempWarm_5psu","A3",23.8,0.626315789473684,-0.52,-0.273684210526316,0.104
"BAR","TempWarm-5psu","mll",0.045128261543404,1.80987170781091,0.0828482138992323,6.0353,"BAR_TempWarm_5psu","A3",23.8,0.626315789473684,-0.52,-0.273684210526316,0.104
"BJO","TempControl-21psu","mll",0.0181832590308294,3.26586181047783,0.0599209950928221,4.9783,"BJO_TempControl_21psu","A1",54.3,2.03370786516854,0.7,0.260223048327138,0.24901185770751
"BJO","TempControl-21psu","mll",0.0181832590308294,3.26586181047783,0.0599209950928221,4.9783,"BJO_TempControl_21psu","C2",113.9,3.10354223433243,-0.83,-0.249249249249249,0.427710843373494
"BJO","TempControl-21psu","mll",0.0181832590308294,3.26586181047783,0.0599209950928221,4.9783,"BJO_TempControl_21psu","A1",138.2,3.37073170731707,0.76,0.218390804597701,0.518518518518518
"BJO","TempControl-21psu","mll",0.0181832590308294,3.26586181047783,0.0599209950928221,4.9783,"BJO_TempControl_21psu","A2",63.1,1.65183246073298,-0.0299999999999998,-0.0112359550561797,0.356020942408377
"BJO","TempControl-21psu","mll",0.0181832590308294,3.26586181047783,0.0599209950928221,4.9783,"BJO_TempControl_21psu","C1",104.3,2.59452736318408,-1.73,-0.392290249433107,0.285714285714286
"BJO","TempControl-21psu","mll",0.0181832590308294,3.26586181047783,0.0599209950928221,4.9783,"BJO_TempControl_21psu","A2",68.8,2.02352941176471,-0.27,-0.10188679245283,0.425925925925926
"BJO","TempControl-21psu","mll",0.0181832590308294,3.26586181047783,0.0599209950928221,4.9783,"BJO_TempControl_21psu","C3",107,3.05714285714286,0.55,0.210727969348659,0.339055793991416
"BJO","TempControl-21psu","mll",0.0181832590308294,3.26586181047783,0.0599209950928221,4.9783,"BJO_TempControl_21psu","C4",93.7,2.46578947368421,-0.17,-0.0643939393939394,0.393063583815029
"BJO","TempControl-21psu","mll",0.0181832590308294,3.26586181047783,0.0599209950928221,4.9783,"BJO_TempControl_21psu","C2",175.4,4.17619047619048,0.7,0.210843373493976,0.628318584070796
"BJO","TempControl-21psu","mll",0.0181832590308294,3.26586181047783,0.0599209950928221,4.9783,"BJO_TempControl_21psu","C4",96,2.78260869565217,2.18,0.981981981981982,0.347972972972973
"BJO","TempControl-21psu","mll",0.0181832590308294,3.26586181047783,0.0599209950928221,4.9783,"BJO_TempControl_21psu","C3",115.7,2.85679012345679,0.93,0.290625,0.819383259911894
"BJO","TempControl-21psu","mll",0.0181832590308294,3.26586181047783,0.0599209950928221,4.9783,"BJO_TempControl_21psu","C1",68.3,1.77402597402597,-0.26,-0.101167315175097,0.305084745762712
"BJO","TempControl-21psu","full",0.0183023148797625,3.93335268489373,0.0928084373319246,4.9783,"BJO_TempControl_21psu","A1",54.3,2.03370786516854,0.7,0.260223048327138,0.24901185770751
"BJO","TempControl-21psu","full",0.0183023148797625,3.93335268489373,0.0928084373319246,4.9783,"BJO_TempControl_21psu","C2",113.9,3.10354223433243,-0.83,-0.249249249249249,0.427710843373494
"BJO","TempControl-21psu","full",0.0183023148797625,3.93335268489373,0.0928084373319246,4.9783,"BJO_TempControl_21psu","A1",138.2,3.37073170731707,0.76,0.218390804597701,0.518518518518518
"BJO","TempControl-21psu","full",0.0183023148797625,3.93335268489373,0.0928084373319246,4.9783,"BJO_TempControl_21psu","A2",63.1,1.65183246073298,-0.0299999999999998,-0.0112359550561797,0.356020942408377
"BJO","TempControl-21psu","full",0.0183023148797625,3.93335268489373,0.0928084373319246,4.9783,"BJO_TempControl_21psu","C1",104.3,2.59452736318408,-1.73,-0.392290249433107,0.285714285714286
"BJO","TempControl-21psu","full",0.0183023148797625,3.93335268489373,0.0928084373319246,4.9783,"BJO_TempControl_21psu","A2",68.8,2.02352941176471,-0.27,-0.10188679245283,0.425925925925926
"BJO","TempControl-21psu","full",0.0183023148797625,3.93335268489373,0.0928084373319246,4.9783,"BJO_TempControl_21psu","C3",107,3.05714285714286,0.55,0.210727969348659,0.339055793991416
"BJO","TempControl-21psu","full",0.0183023148797625,3.93335268489373,0.0928084373319246,4.9783,"BJO_TempControl_21psu","C4",93.7,2.46578947368421,-0.17,-0.0643939393939394,0.393063583815029
"BJO","TempControl-21psu","full",0.0183023148797625,3.93335268489373,0.0928084373319246,4.9783,"BJO_TempControl_21psu","C2",175.4,4.17619047619048,0.7,0.210843373493976,0.628318584070796
"BJO","TempControl-21psu","full",0.0183023148797625,3.93335268489373,0.0928084373319246,4.9783,"BJO_TempControl_21psu","C4",96,2.78260869565217,2.18,0.981981981981982,0.347972972972973
"BJO","TempControl-21psu","full",0.0183023148797625,3.93335268489373,0.0928084373319246,4.9783,"BJO_TempControl_21psu","C3",115.7,2.85679012345679,0.93,0.290625,0.819383259911894
"BJO","TempControl-21psu","full",0.0183023148797625,3.93335268489373,0.0928084373319246,4.9783,"BJO_TempControl_21psu","C1",68.3,1.77402597402597,-0.26,-0.101167315175097,0.305084745762712
"BJO","TempControl-7psu","full",0.00860988699958254,0.524898138495719,0.0558247223670392,2.7082,"BJO_TempControl_7psu","C2",147.1,3.60539215686274,-0.44,-0.131736526946108,0.0476190476190476
"BJO","TempControl-7psu","full",0.00860988699958254,0.524898138495719,0.0558247223670392,2.7082,"BJO_TempControl_7psu","A2",35.9,0.844705882352941,-0.53,-0.16012084592145,0.130081300813008
"BJO","TempControl-7psu","full",0.00860988699958254,0.524898138495719,0.0558247223670392,2.7082,"BJO_TempControl_7psu","A1",153.7,3.53333333333333,1.2,0.40133779264214,0.713675213675214
"BJO","TempControl-7psu","full",0.00860988699958254,0.524898138495719,0.0558247223670392,2.7082,"BJO_TempControl_7psu","A2",123.9,3.59130434782609,-0.4,-0.118694362017804,0.313725490196078
"BJO","TempControl-7psu","full",0.00860988699958254,0.524898138495719,0.0558247223670392,2.7082,"BJO_TempControl_7psu","C4",59,2.10714285714286,-1.25,-0.420875420875421,0
"BJO","TempControl-7psu","full",0.00860988699958254,0.524898138495719,0.0558247223670392,2.7082,"BJO_TempControl_7psu","C2",131.1,3.93693693693694,0.56,0.234309623430962,0.525139664804469
"BJO","TempControl-7psu","mll",0.0106037999923931,0.345922510862077,0.0376171887951399,2.7082,"BJO_TempControl_7psu","C2",147.1,3.60539215686274,-0.44,-0.131736526946108,0.0476190476190476
"BJO","TempControl-7psu","mll",0.0106037999923931,0.345922510862077,0.0376171887951399,2.7082,"BJO_TempControl_7psu","A2",35.9,0.844705882352941,-0.53,-0.16012084592145,0.130081300813008
"BJO","TempControl-7psu","mll",0.0106037999923931,0.345922510862077,0.0376171887951399,2.7082,"BJO_TempControl_7psu","A1",153.7,3.53333333333333,1.2,0.40133779264214,0.713675213675214
"BJO","TempControl-7psu","mll",0.0106037999923931,0.345922510862077,0.0376171887951399,2.7082,"BJO_TempControl_7psu","A2",123.9,3.59130434782609,-0.4,-0.118694362017804,0.313725490196078
"BJO","TempControl-7psu","mll",0.0106037999923931,0.345922510862077,0.0376171887951399,2.7082,"BJO_TempControl_7psu","C4",59,2.10714285714286,-1.25,-0.420875420875421,0
"BJO","TempControl-7psu","mll",0.0106037999923931,0.345922510862077,0.0376171887951399,2.7082,"BJO_TempControl_7psu","C2",131.1,3.93693693693694,0.56,0.234309623430962,0.525139664804469
"BJO","TempWarm-16psu","mll",0.0581775014038377,2.19853544993975,0.0912322032381791,6.8452,"BJO_TempWarm_16psu","B4",24.9,1.02469135802469,-0.5,-0.344827586206897,0.397058823529412
"BJO","TempWarm-16psu","mll",0.0581775014038377,2.19853544993975,0.0912322032381791,6.8452,"BJO_TempWarm_16psu","B4",30.6,1.275,-0.35,-0.181347150259067,0.316666666666667
"BJO","TempWarm-16psu","mll",0.0581775014038377,2.19853544993975,0.0912322032381791,6.8452,"BJO_TempWarm_16psu","A3",67.9,1.85013623978202,-0.93,-0.313131313131313,0.170588235294118
"BJO","TempWarm-16psu","mll",0.0581775014038377,2.19853544993975,0.0912322032381791,6.8452,"BJO_TempWarm_16psu","A4",44.6,1.35151515151515,-0.91,-0.273273273273273,0.28042328042328
"BJO","TempWarm-16psu","mll",0.0581775014038377,2.19853544993975,0.0912322032381791,6.8452,"BJO_TempWarm_16psu","B1",24.1,0.811447811447812,-0.39,-0.172566371681416,0.198717948717949
"BJO","TempWarm-16psu","full",0.0489373784267413,2.98306108699892,0.142411432083045,6.8452,"BJO_TempWarm_16psu","B4",24.9,1.02469135802469,-0.5,-0.344827586206897,0.397058823529412
"BJO","TempWarm-16psu","full",0.0489373784267413,2.98306108699892,0.142411432083045,6.8452,"BJO_TempWarm_16psu","B4",30.6,1.275,-0.35,-0.181347150259067,0.316666666666667
"BJO","TempWarm-16psu","full",0.0489373784267413,2.98306108699892,0.142411432083045,6.8452,"BJO_TempWarm_16psu","A3",67.9,1.85013623978202,-0.93,-0.313131313131313,0.170588235294118
"BJO","TempWarm-16psu","full",0.0489373784267413,2.98306108699892,0.142411432083045,6.8452,"BJO_TempWarm_16psu","A4",44.6,1.35151515151515,-0.91,-0.273273273273273,0.28042328042328
"BJO","TempWarm-16psu","full",0.0489373784267413,2.98306108699892,0.142411432083045,6.8452,"BJO_TempWarm_16psu","B1",24.1,0.811447811447812,-0.39,-0.172566371681416,0.198717948717949
"HOG","TempControl-21psu","mll",0.00911460320275041,1.64589774079523,0.0483599278168645,3.2186,"HOG_TempControl_21psu","A1",90.9,2.424,0.529999999999999,0.151862464183381,0.376712328767123
"HOG","TempControl-21psu","mll",0.00911460320275041,1.64589774079523,0.0483599278168645,3.2186,"HOG_TempControl_21psu","C2",95.6,2.50918635170604,0.0100000000000002,0.00395256916996057,0.539393939393939
"HOG","TempControl-21psu","mll",0.00911460320275041,1.64589774079523,0.0483599278168645,3.2186,"HOG_TempControl_21psu","A1",97.5,2.34939759036145,0.66,0.297297297297297,0.523809523809524
"HOG","TempControl-21psu","mll",0.00911460320275041,1.64589774079523,0.0483599278168645,3.2186,"HOG_TempControl_21psu","C1",19.6,0.310126582278481,-2.92,-0.536764705882353,0.0815450643776824
"HOG","TempControl-21psu","mll",0.00911460320275041,1.64589774079523,0.0483599278168645,3.2186,"HOG_TempControl_21psu","A2",87.65,4.07674418604651,-0.0900000000000003,-0.0257879656160459,0.114391143911439
"HOG","TempControl-21psu","mll",0.00911460320275041,1.64589774079523,0.0483599278168645,3.2186,"HOG_TempControl_21psu","C4",84.8,1.50088495575221,-2.03,-0.356140350877193,0.5
"HOG","TempControl-21psu","mll",0.00911460320275041,1.64589774079523,0.0483599278168645,3.2186,"HOG_TempControl_21psu","A2",100,2,-0.49,-0.139204545454546,0.578125
"HOG","TempControl-21psu","mll",0.00911460320275041,1.64589774079523,0.0483599278168645,3.2186,"HOG_TempControl_21psu","C3",100.7,2.03434343434343,0.13,0.0362116991643455,0.54356846473029
"HOG","TempControl-21psu","mll",0.00911460320275041,1.64589774079523,0.0483599278168645,3.2186,"HOG_TempControl_21psu","C3",46,1.19791666666667,-2.03,-0.622699386503067,0.32258064516129
"HOG","TempControl-21psu","mll",0.00911460320275041,1.64589774079523,0.0483599278168645,3.2186,"HOG_TempControl_21psu","C2",89.5,2.38666666666667,-0.26,-0.0955882352941177,0.473053892215569
"HOG","TempControl-21psu","full",0.00819072364121176,2.16142300049655,0.0749036582149313,3.2186,"HOG_TempControl_21psu","A1",90.9,2.424,0.529999999999999,0.151862464183381,0.376712328767123
"HOG","TempControl-21psu","full",0.00819072364121176,2.16142300049655,0.0749036582149313,3.2186,"HOG_TempControl_21psu","C2",95.6,2.50918635170604,0.0100000000000002,0.00395256916996057,0.539393939393939
"HOG","TempControl-21psu","full",0.00819072364121176,2.16142300049655,0.0749036582149313,3.2186,"HOG_TempControl_21psu","A1",97.5,2.34939759036145,0.66,0.297297297297297,0.523809523809524
"HOG","TempControl-21psu","full",0.00819072364121176,2.16142300049655,0.0749036582149313,3.2186,"HOG_TempControl_21psu","C1",19.6,0.310126582278481,-2.92,-0.536764705882353,0.0815450643776824
"HOG","TempControl-21psu","full",0.00819072364121176,2.16142300049655,0.0749036582149313,3.2186,"HOG_TempControl_21psu","A2",87.65,4.07674418604651,-0.0900000000000003,-0.0257879656160459,0.114391143911439
"HOG","TempControl-21psu","full",0.00819072364121176,2.16142300049655,0.0749036582149313,3.2186,"HOG_TempControl_21psu","C4",84.8,1.50088495575221,-2.03,-0.356140350877193,0.5
"HOG","TempControl-21psu","full",0.00819072364121176,2.16142300049655,0.0749036582149313,3.2186,"HOG_TempControl_21psu","A2",100,2,-0.49,-0.139204545454546,0.578125
"HOG","TempControl-21psu","full",0.00819072364121176,2.16142300049655,0.0749036582149313,3.2186,"HOG_TempControl_21psu","C3",100.7,2.03434343434343,0.13,0.0362116991643455,0.54356846473029
"HOG","TempControl-21psu","full",0.00819072364121176,2.16142300049655,0.0749036582149313,3.2186,"HOG_TempControl_21psu","C3",46,1.19791666666667,-2.03,-0.622699386503067,0.32258064516129
"HOG","TempControl-21psu","full",0.00819072364121176,2.16142300049655,0.0749036582149313,3.2186,"HOG_TempControl_21psu","C2",89.5,2.38666666666667,-0.26,-0.0955882352941177,0.473053892215569
"HOG","TempControl-7psu","mll",0.00853679856324015,1.40036534312938,0.0370764159429167,2.8197,"HOG_TempControl_7psu","A1",70.2,2.1144578313253,0.15,0.0510204081632653,0.314893617021277
"HOG","TempControl-7psu","mll",0.00853679856324015,1.40036534312938,0.0370764159429167,2.8197,"HOG_TempControl_7psu","C4",91.7,2.30402010050251,-0.2,-0.0714285714285713,0.460674157303371
"HOG","TempControl-7psu","mll",0.00853679856324015,1.40036534312938,0.0370764159429167,2.8197,"HOG_TempControl_7psu","A1",117.7,3.52395209580838,0.59,0.124472573839662,0.296103896103896
"HOG","TempControl-7psu","mll",0.00853679856324015,1.40036534312938,0.0370764159429167,2.8197,"HOG_TempControl_7psu","C1",43.6,2.61077844311377,-0.16,-0.173913043478261,0.357142857142857
"HOG","TempControl-7psu","mll",0.00853679856324015,1.40036534312938,0.0370764159429167,2.8197,"HOG_TempControl_7psu","A2",42.7,1.54710144927536,1.83,0.867298578199052,0.931372549019608
"HOG","TempControl-7psu","mll",0.00853679856324015,1.40036534312938,0.0370764159429167,2.8197,"HOG_TempControl_7psu","C4",84.5,2.91379310344828,-0.0900000000000003,-0.0412844036697249,0.6328125
"HOG","TempControl-7psu","full",0.00766430037064356,1.27226445721745,0.0510938890253881,2.8197,"HOG_TempControl_7psu","A1",70.2,2.1144578313253,0.15,0.0510204081632653,0.314893617021277
"HOG","TempControl-7psu","full",0.00766430037064356,1.27226445721745,0.0510938890253881,2.8197,"HOG_TempControl_7psu","C4",91.7,2.30402010050251,-0.2,-0.0714285714285713,0.460674157303371
"HOG","TempControl-7psu","full",0.00766430037064356,1.27226445721745,0.0510938890253881,2.8197,"HOG_TempControl_7psu","A1",117.7,3.52395209580838,0.59,0.124472573839662,0.296103896103896
"HOG","TempControl-7psu","full",0.00766430037064356,1.27226445721745,0.0510938890253881,2.8197,"HOG_TempControl_7psu","C1",43.6,2.61077844311377,-0.16,-0.173913043478261,0.357142857142857
"HOG","TempControl-7psu","full",0.00766430037064356,1.27226445721745,0.0510938890253881,2.8197,"HOG_TempControl_7psu","A2",42.7,1.54710144927536,1.83,0.867298578199052,0.931372549019608
"HOG","TempControl-7psu","full",0.00766430037064356,1.27226445721745,0.0510938890253881,2.8197,"HOG_TempControl_7psu","C4",84.5,2.91379310344828,-0.0900000000000003,-0.0412844036697249,0.6328125
"HOG","TempWarm-16psu","mll",0.0452748544082271,0.730242927373158,0.0848391483017739,5.7683,"HOG_TempWarm_16psu","B1",86.1,2.05,-0.89,-0.254285714285714,0.5
"HOG","TempWarm-16psu","mll",0.0452748544082271,0.730242927373158,0.0848391483017739,5.7683,"HOG_TempWarm_16psu","B2",42,0.857142857142857,-0.82,-0.308270676691729,0.268965517241379
"HOG","TempWarm-16psu","mll",0.0452748544082271,0.730242927373158,0.0848391483017739,5.7683,"HOG_TempWarm_16psu","B2",38.8,2,0.0700000000000001,0.0370370370370371,0.180722891566265
"HOG","TempWarm-16psu","mll",0.0452748544082271,0.730242927373158,0.0848391483017739,5.7683,"HOG_TempWarm_16psu","B3",30.7,0.841095890410959,-0.82,-0.294964028776978,0.173652694610778
"HOG","TempWarm-16psu","mll",0.0452748544082271,0.730242927373158,0.0848391483017739,5.7683,"HOG_TempWarm_16psu","A3",36.3,0.968,-0.8,-0.263157894736842,0.178947368421053
"HOG","TempWarm-16psu","mll",0.0452748544082271,0.730242927373158,0.0848391483017739,5.7683,"HOG_TempWarm_16psu","A3",72.1,1.65366972477064,-3.02,-0.598019801980198,0.284810126582278
"HOG","TempWarm-16psu","mll",0.0452748544082271,0.730242927373158,0.0848391483017739,5.7683,"HOG_TempWarm_16psu","A4",71.8,2.29392971246006,-1.67,-0.419597989949749,0.434782608695652
"HOG","TempWarm-16psu","mll",0.0452748544082271,0.730242927373158,0.0848391483017739,5.7683,"HOG_TempWarm_16psu","A4",80.1,2.45705521472393,-0.71,-0.303418803418803,0.680412371134021
"HOG","TempWarm-16psu","full",0.036427182928542,1.22631888167187,0.129357790771983,5.7683,"HOG_TempWarm_16psu","B1",86.1,2.05,-0.89,-0.254285714285714,0.5
"HOG","TempWarm-16psu","full",0.036427182928542,1.22631888167187,0.129357790771983,5.7683,"HOG_TempWarm_16psu","B2",42,0.857142857142857,-0.82,-0.308270676691729,0.268965517241379
"HOG","TempWarm-16psu","full",0.036427182928542,1.22631888167187,0.129357790771983,5.7683,"HOG_TempWarm_16psu","B2",38.8,2,0.0700000000000001,0.0370370370370371,0.180722891566265
"HOG","TempWarm-16psu","full",0.036427182928542,1.22631888167187,0.129357790771983,5.7683,"HOG_TempWarm_16psu","B3",30.7,0.841095890410959,-0.82,-0.294964028776978,0.173652694610778
"HOG","TempWarm-16psu","full",0.036427182928542,1.22631888167187,0.129357790771983,5.7683,"HOG_TempWarm_16psu","A3",36.3,0.968,-0.8,-0.263157894736842,0.178947368421053
"HOG","TempWarm-16psu","full",0.036427182928542,1.22631888167187,0.129357790771983,5.7683,"HOG_TempWarm_16psu","A3",72.1,1.65366972477064,-3.02,-0.598019801980198,0.284810126582278
"HOG","TempWarm-16psu","full",0.036427182928542,1.22631888167187,0.129357790771983,5.7683,"HOG_TempWarm_16psu","A4",71.8,2.29392971246006,-1.67,-0.419597989949749,0.434782608695652
"HOG","TempWarm-16psu","full",0.036427182928542,1.22631888167187,0.129357790771983,5.7683,"HOG_TempWarm_16psu","A4",80.1,2.45705521472393,-0.71,-0.303418803418803,0.680412371134021
"HOG","TempWarm-5psu","full",0.0392173680316203,1.63589650016005,0.124558798435792,6.0562,"HOG_TempWarm_5psu","A4",67.7,1.31968810916179,-2.32,-0.497854077253219,0.708029197080292
"HOG","TempWarm-5psu","mll",0.0480627625037906,2.02005161272179,0.0831672720430263,6.0562,"HOG_TempWarm_5psu","A4",67.7,1.31968810916179,-2.32,-0.497854077253219,0.708029197080292
"HOR","TempControl-21psu","mll",0.012309100498949,3.26372171715906,0.054211245591984,4.4518,"HOR_TempControl_21psu","A1",151.1,3.51395348837209,0.02,0.00743494423791822,0.805555555555556
"HOR","TempControl-21psu","mll",0.012309100498949,3.26372171715906,0.054211245591984,4.4518,"HOR_TempControl_21psu","C1",104.1,3.01739130434783,0.69,0.268482490272374,0.613861386138614
"HOR","TempControl-21psu","mll",0.012309100498949,3.26372171715906,0.054211245591984,4.4518,"HOR_TempControl_21psu","A1",92.8,2.94603174603175,0.82,0.274247491638796,0.385454545454545
"HOR","TempControl-21psu","mll",0.012309100498949,3.26372171715906,0.054211245591984,4.4518,"HOR_TempControl_21psu","A2",62.8,1.41123595505618,0,0,0.939393939393939
"HOR","TempControl-21psu","mll",0.012309100498949,3.26372171715906,0.054211245591984,4.4518,"HOR_TempControl_21psu","C2",39.3,1.12931034482759,0.0499999999999998,0.0252525252525252,0.691666666666667
"HOR","TempControl-21psu","mll",0.012309100498949,3.26372171715906,0.054211245591984,4.4518,"HOR_TempControl_21psu","A2",105.7,2.87228260869565,-0.21,-0.0823529411764706,1.07476635514019
"HOR","TempControl-21psu","mll",0.012309100498949,3.26372171715906,0.054211245591984,4.4518,"HOR_TempControl_21psu","C3",94.9,2.51058201058201,0.35,0.174129353233831,0.616438356164384
"HOR","TempControl-21psu","mll",0.012309100498949,3.26372171715906,0.054211245591984,4.4518,"HOR_TempControl_21psu","C4",80.4,3.1284046692607,0.24,0.126984126984127,0.566176470588235
"HOR","TempControl-21psu","mll",0.012309100498949,3.26372171715906,0.054211245591984,4.4518,"HOR_TempControl_21psu","C3",64.2,1.69393139841689,0.15,0.0777202072538861,0.518248175182482
"HOR","TempControl-21psu","mll",0.012309100498949,3.26372171715906,0.054211245591984,4.4518,"HOR_TempControl_21psu","C4",77.5,2.72887323943662,0.41,0.230337078651685,0.489795918367347
"HOR","TempControl-21psu","mll",0.012309100498949,3.26372171715906,0.054211245591984,4.4518,"HOR_TempControl_21psu","C1",59.9,2.06551724137931,-0.12,-0.0603015075376884,0.385185185185185
"HOR","TempControl-21psu","full",0.0130561837819121,3.91811161457199,0.0822463901090242,4.4518,"HOR_TempControl_21psu","A1",151.1,3.51395348837209,0.02,0.00743494423791822,0.805555555555556
"HOR","TempControl-21psu","full",0.0130561837819121,3.91811161457199,0.0822463901090242,4.4518,"HOR_TempControl_21psu","C1",104.1,3.01739130434783,0.69,0.268482490272374,0.613861386138614
"HOR","TempControl-21psu","full",0.0130561837819121,3.91811161457199,0.0822463901090242,4.4518,"HOR_TempControl_21psu","A1",92.8,2.94603174603175,0.82,0.274247491638796,0.385454545454545
"HOR","TempControl-21psu","full",0.0130561837819121,3.91811161457199,0.0822463901090242,4.4518,"HOR_TempControl_21psu","A2",62.8,1.41123595505618,0,0,0.939393939393939
"HOR","TempControl-21psu","full",0.0130561837819121,3.91811161457199,0.0822463901090242,4.4518,"HOR_TempControl_21psu","C2",39.3,1.12931034482759,0.0499999999999998,0.0252525252525252,0.691666666666667
"HOR","TempControl-21psu","full",0.0130561837819121,3.91811161457199,0.0822463901090242,4.4518,"HOR_TempControl_21psu","A2",105.7,2.87228260869565,-0.21,-0.0823529411764706,1.07476635514019
"HOR","TempControl-21psu","full",0.0130561837819121,3.91811161457199,0.0822463901090242,4.4518,"HOR_TempControl_21psu","C3",94.9,2.51058201058201,0.35,0.174129353233831,0.616438356164384
"HOR","TempControl-21psu","full",0.0130561837819121,3.91811161457199,0.0822463901090242,4.4518,"HOR_TempControl_21psu","C4",80.4,3.1284046692607,0.24,0.126984126984127,0.566176470588235
"HOR","TempControl-21psu","full",0.0130561837819121,3.91811161457199,0.0822463901090242,4.4518,"HOR_TempControl_21psu","C3",64.2,1.69393139841689,0.15,0.0777202072538861,0.518248175182482
"HOR","TempControl-21psu","full",0.0130561837819121,3.91811161457199,0.0822463901090242,4.4518,"HOR_TempControl_21psu","C4",77.5,2.72887323943662,0.41,0.230337078651685,0.489795918367347
"HOR","TempControl-21psu","full",0.0130561837819121,3.91811161457199,0.0822463901090242,4.4518,"HOR_TempControl_21psu","C1",59.9,2.06551724137931,-0.12,-0.0603015075376884,0.385185185185185
"HOR","TempControl-7psu","mll",0.00500484470606123,0.2778420894863,0.0306280848445055,2.246,"HOR_TempControl_7psu","C3",60.3,1.57853403141361,-0.45,-0.199115044247788,0.4140625
"HOR","TempControl-7psu","mll",0.00500484470606123,0.2778420894863,0.0306280848445055,2.246,"HOR_TempControl_7psu","C1",106.5,2.32532751091703,-0.58,-0.243697478991597,0.401785714285714
"HOR","TempControl-7psu","mll",0.00500484470606123,0.2778420894863,0.0306280848445055,2.246,"HOR_TempControl_7psu","A2",33.7,1.00597014925373,-0.51,-0.301775147928994,0.216494845360825
"HOR","TempControl-7psu","mll",0.00500484470606123,0.2778420894863,0.0306280848445055,2.246,"HOR_TempControl_7psu","A1",90.7,2.47138964577657,0.56,0.254545454545454,0.559322033898305
"HOR","TempControl-7psu","mll",0.00500484470606123,0.2778420894863,0.0306280848445055,2.246,"HOR_TempControl_7psu","C3",105.2,2.84324324324324,-0.47,-0.229268292682927,0.310679611650485
"HOR","TempControl-7psu","mll",0.00500484470606123,0.2778420894863,0.0306280848445055,2.246,"HOR_TempControl_7psu","C2",104.5,2.17708333333333,-0.41,-0.161417322834646,0.888888888888889
"HOR","TempControl-7psu","full",0.00399932483018119,0.496378346506273,0.042634624078671,2.246,"HOR_TempControl_7psu","C3",60.3,1.57853403141361,-0.45,-0.199115044247788,0.4140625
"HOR","TempControl-7psu","full",0.00399932483018119,0.496378346506273,0.042634624078671,2.246,"HOR_TempControl_7psu","C1",106.5,2.32532751091703,-0.58,-0.243697478991597,0.401785714285714
"HOR","TempControl-7psu","full",0.00399932483018119,0.496378346506273,0.042634624078671,2.246,"HOR_TempControl_7psu","A2",33.7,1.00597014925373,-0.51,-0.301775147928994,0.216494845360825
"HOR","TempControl-7psu","full",0.00399932483018119,0.496378346506273,0.042634624078671,2.246,"HOR_TempControl_7psu","A1",90.7,2.47138964577657,0.56,0.254545454545454,0.559322033898305
"HOR","TempControl-7psu","full",0.00399932483018119,0.496378346506273,0.042634624078671,2.246,"HOR_TempControl_7psu","C3",105.2,2.84324324324324,-0.47,-0.229268292682927,0.310679611650485
"HOR","TempControl-7psu","full",0.00399932483018119,0.496378346506273,0.042634624078671,2.246,"HOR_TempControl_7psu","C2",104.5,2.17708333333333,-0.41,-0.161417322834646,0.888888888888889
"HOR","TempWarm-16psu","mll",0.043431764767535,2.17618333976248,0.0840643264739334,6.2752,"HOR_TempWarm_16psu","B3",53.7,1.98154981549816,-0.72,-0.31578947368421,0.405405405405405
"HOR","TempWarm-16psu","mll",0.043431764767535,2.17618333976248,0.0840643264739334,6.2752,"HOR_TempWarm_16psu","B3",45.5,1.1318407960199,-0.86,-0.333333333333333,0
"HOR","TempWarm-16psu","mll",0.043431764767535,2.17618333976248,0.0840643264739334,6.2752,"HOR_TempWarm_16psu","A3",59.8,1.86875,0.0399999999999998,0.0248447204968943,0.527777777777778
"HOR","TempWarm-16psu","mll",0.043431764767535,2.17618333976248,0.0840643264739334,6.2752,"HOR_TempWarm_16psu","A3",128.4,2.91818181818182,-0.0499999999999998,-0.0204918032786885,0.545454545454546
"HOR","TempWarm-16psu","mll",0.043431764767535,2.17618333976248,0.0840643264739334,6.2752,"HOR_TempWarm_16psu","A4",48.8,2.07659574468085,-0.42,-0.308823529411765,0.160493827160494
"HOR","TempWarm-16psu","mll",0.043431764767535,2.17618333976248,0.0840643264739334,6.2752,"HOR_TempWarm_16psu","B1",64.5,2.015625,-1.03,-0.396153846153846,0.138461538461538
"HOR","TempWarm-16psu","mll",0.043431764767535,2.17618333976248,0.0840643264739334,6.2752,"HOR_TempWarm_16psu","B1",64,1.82857142857143,-0.96,-0.419213973799127,0.511363636363636
"HOR","TempWarm-16psu","mll",0.043431764767535,2.17618333976248,0.0840643264739334,6.2752,"HOR_TempWarm_16psu","B2",80,1.43626570915619,0.59,0.169540229885058,0.641129032258065
"HOR","TempWarm-16psu","full",0.0365895365187742,2.9616460767793,0.129374025983507,6.2752,"HOR_TempWarm_16psu","B3",53.7,1.98154981549816,-0.72,-0.31578947368421,0.405405405405405
"HOR","TempWarm-16psu","full",0.0365895365187742,2.9616460767793,0.129374025983507,6.2752,"HOR_TempWarm_16psu","B3",45.5,1.1318407960199,-0.86,-0.333333333333333,0
"HOR","TempWarm-16psu","full",0.0365895365187742,2.9616460767793,0.129374025983507,6.2752,"HOR_TempWarm_16psu","A3",59.8,1.86875,0.0399999999999998,0.0248447204968943,0.527777777777778
"HOR","TempWarm-16psu","full",0.0365895365187742,2.9616460767793,0.129374025983507,6.2752,"HOR_TempWarm_16psu","A3",128.4,2.91818181818182,-0.0499999999999998,-0.0204918032786885,0.545454545454546
"HOR","TempWarm-16psu","full",0.0365895365187742,2.9616460767793,0.129374025983507,6.2752,"HOR_TempWarm_16psu","A4",48.8,2.07659574468085,-0.42,-0.308823529411765,0.160493827160494
"HOR","TempWarm-16psu","full",0.0365895365187742,2.9616460767793,0.129374025983507,6.2752,"HOR_TempWarm_16psu","B1",64.5,2.015625,-1.03,-0.396153846153846,0.138461538461538
"HOR","TempWarm-16psu","full",0.0365895365187742,2.9616460767793,0.129374025983507,6.2752,"HOR_TempWarm_16psu","B1",64,1.82857142857143,-0.96,-0.419213973799127,0.511363636363636
"HOR","TempWarm-16psu","full",0.0365895365187742,2.9616460767793,0.129374025983507,6.2752,"HOR_TempWarm_16psu","B2",80,1.43626570915619,0.59,0.169540229885058,0.641129032258065
"KAL","TempControl-21psu","full",0.00994482695244589,3.43303523955674,0.0775834372250432,3.9871,"KAL_TempControl_21psu","A1",169.3,2.98589065255732,1.25,0.358166189111748,0.52411575562701
"KAL","TempControl-21psu","full",0.00994482695244589,3.43303523955674,0.0775834372250432,3.9871,"KAL_TempControl_21psu","A1",99.8,1.92664092664093,-0.0800000000000001,-0.028673835125448,0.921985815602837
"KAL","TempControl-21psu","full",0.00994482695244589,3.43303523955674,0.0775834372250432,3.9871,"KAL_TempControl_21psu","A2",244.8,3.54269175108538,0.0199999999999996,0.00429184549356214,1.21782178217822
"KAL","TempControl-21psu","full",0.00994482695244589,3.43303523955674,0.0775834372250432,3.9871,"KAL_TempControl_21psu","C1",100.3,1.61254019292605,-0.17,-0.0598591549295774,0.992537313432836
"KAL","TempControl-21psu","full",0.00994482695244589,3.43303523955674,0.0775834372250432,3.9871,"KAL_TempControl_21psu","A2",130.3,2.09485530546624,-0.58,-0.179566563467492,0.79054054054054
"KAL","TempControl-21psu","full",0.00994482695244589,3.43303523955674,0.0775834372250432,3.9871,"KAL_TempControl_21psu","C1",121.6,1.79086892488954,-1.26,-0.281879194630872,0.945454545454546
"KAL","TempControl-21psu","full",0.00994482695244589,3.43303523955674,0.0775834372250432,3.9871,"KAL_TempControl_21psu","C2",84.4,1.75833333333333,-0.79,-0.250793650793651,0.447852760736196
"KAL","TempControl-21psu","full",0.00994482695244589,3.43303523955674,0.0775834372250432,3.9871,"KAL_TempControl_21psu","C2",45.1,3.5234375,-0.26,-0.262626262626263,0.697674418604651
"KAL","TempControl-21psu","full",0.00994482695244589,3.43303523955674,0.0775834372250432,3.9871,"KAL_TempControl_21psu","C3",86.8,1.57246376811594,-0.36,-0.0774193548387097,0.339041095890411
"KAL","TempControl-21psu","full",0.00994482695244589,3.43303523955674,0.0775834372250432,3.9871,"KAL_TempControl_21psu","C3",133.5,3.03409090909091,0.49,0.270718232044199,0.666666666666667
"KAL","TempControl-21psu","full",0.00994482695244589,3.43303523955674,0.0775834372250432,3.9871,"KAL_TempControl_21psu","C4",169.6,2.67930489731438,-0.25,-0.0606796116504854,0.653846153846154
"KAL","TempControl-21psu","full",0.00994482695244589,3.43303523955674,0.0775834372250432,3.9871,"KAL_TempControl_21psu","C4",166.2,2.06203473945409,-1,-0.203665987780041,0.707423580786026
"KAL","TempControl-21psu","mll",0.00888266794960439,2.93478273197384,0.0519939833917116,3.9871,"KAL_TempControl_21psu","A1",169.3,2.98589065255732,1.25,0.358166189111748,0.52411575562701
"KAL","TempControl-21psu","mll",0.00888266794960439,2.93478273197384,0.0519939833917116,3.9871,"KAL_TempControl_21psu","A1",99.8,1.92664092664093,-0.0800000000000001,-0.028673835125448,0.921985815602837
"KAL","TempControl-21psu","mll",0.00888266794960439,2.93478273197384,0.0519939833917116,3.9871,"KAL_TempControl_21psu","A2",244.8,3.54269175108538,0.0199999999999996,0.00429184549356214,1.21782178217822
"KAL","TempControl-21psu","mll",0.00888266794960439,2.93478273197384,0.0519939833917116,3.9871,"KAL_TempControl_21psu","C1",100.3,1.61254019292605,-0.17,-0.0598591549295774,0.992537313432836
"KAL","TempControl-21psu","mll",0.00888266794960439,2.93478273197384,0.0519939833917116,3.9871,"KAL_TempControl_21psu","A2",130.3,2.09485530546624,-0.58,-0.179566563467492,0.79054054054054
"KAL","TempControl-21psu","mll",0.00888266794960439,2.93478273197384,0.0519939833917116,3.9871,"KAL_TempControl_21psu","C1",121.6,1.79086892488954,-1.26,-0.281879194630872,0.945454545454546
"KAL","TempControl-21psu","mll",0.00888266794960439,2.93478273197384,0.0519939833917116,3.9871,"KAL_TempControl_21psu","C2",84.4,1.75833333333333,-0.79,-0.250793650793651,0.447852760736196
"KAL","TempControl-21psu","mll",0.00888266794960439,2.93478273197384,0.0519939833917116,3.9871,"KAL_TempControl_21psu","C2",45.1,3.5234375,-0.26,-0.262626262626263,0.697674418604651
"KAL","TempControl-21psu","mll",0.00888266794960439,2.93478273197384,0.0519939833917116,3.9871,"KAL_TempControl_21psu","C3",86.8,1.57246376811594,-0.36,-0.0774193548387097,0.339041095890411
"KAL","TempControl-21psu","mll",0.00888266794960439,2.93478273197384,0.0519939833917116,3.9871,"KAL_TempControl_21psu","C3",133.5,3.03409090909091,0.49,0.270718232044199,0.666666666666667
"KAL","TempControl-21psu","mll",0.00888266794960439,2.93478273197384,0.0519939833917116,3.9871,"KAL_TempControl_21psu","C4",169.6,2.67930489731438,-0.25,-0.0606796116504854,0.653846153846154
"KAL","TempControl-21psu","mll",0.00888266794960439,2.93478273197384,0.0519939833917116,3.9871,"KAL_TempControl_21psu","C4",166.2,2.06203473945409,-1,-0.203665987780041,0.707423580786026
"KAL","TempControl-7psu","mll",0.00257395160581669,0.151778614193923,0.0268338847263667,1.2321,"KAL_TempControl_7psu","C2",98,2.10752688172043,0.19,0.0875576036866359,0.503184713375796
"KAL","TempControl-7psu","mll",0.00257395160581669,0.151778614193923,0.0268338847263667,1.2321,"KAL_TempControl_7psu","C1",143.6,2.84356435643564,-0.66,-0.199395770392749,0.539877300613497
"KAL","TempControl-7psu","mll",0.00257395160581669,0.151778614193923,0.0268338847263667,1.2321,"KAL_TempControl_7psu","C3",139.9,3.10888888888889,0.97,0.487437185929648,1.14492753623188
"KAL","TempControl-7psu","mll",0.00257395160581669,0.151778614193923,0.0268338847263667,1.2321,"KAL_TempControl_7psu","C2",138.6,2.36923076923077,0.890000000000001,0.193899782135076,0.421052631578947
"KAL","TempControl-7psu","mll",0.00257395160581669,0.151778614193923,0.0268338847263667,1.2321,"KAL_TempControl_7psu","C4",159.9,3.22379032258064,-0.14,-0.0444444444444445,0.545945945945946
"KAL","TempControl-7psu","mll",0.00257395160581669,0.151778614193923,0.0268338847263667,1.2321,"KAL_TempControl_7psu","C3",119,2.86746987951807,0.42,0.165354330708661,0.356807511737089
"KAL","TempControl-7psu","mll",0.00257395160581669,0.151778614193923,0.0268338847263667,1.2321,"KAL_TempControl_7psu","C4",137.4,2.69411764705882,0.0999999999999996,0.031446540880503,0.631840796019901
"KAL","TempControl-7psu","mll",0.00257395160581669,0.151778614193923,0.0268338847263667,1.2321,"KAL_TempControl_7psu","A2",160.9,2.44528875379939,0.55,0.14745308310992,0.461224489795918
"KAL","TempControl-7psu","full",0.00207720689029909,0.0874772162800667,0.0336601636251709,1.2321,"KAL_TempControl_7psu","C2",98,2.10752688172043,0.19,0.0875576036866359,0.503184713375796
"KAL","TempControl-7psu","full",0.00207720689029909,0.0874772162800667,0.0336601636251709,1.2321,"KAL_TempControl_7psu","C1",143.6,2.84356435643564,-0.66,-0.199395770392749,0.539877300613497
"KAL","TempControl-7psu","full",0.00207720689029909,0.0874772162800667,0.0336601636251709,1.2321,"KAL_TempControl_7psu","C3",139.9,3.10888888888889,0.97,0.487437185929648,1.14492753623188
"KAL","TempControl-7psu","full",0.00207720689029909,0.0874772162800667,0.0336601636251709,1.2321,"KAL_TempControl_7psu","C2",138.6,2.36923076923077,0.890000000000001,0.193899782135076,0.421052631578947
"KAL","TempControl-7psu","full",0.00207720689029909,0.0874772162800667,0.0336601636251709,1.2321,"KAL_TempControl_7psu","C4",159.9,3.22379032258064,-0.14,-0.0444444444444445,0.545945945945946
"KAL","TempControl-7psu","full",0.00207720689029909,0.0874772162800667,0.0336601636251709,1.2321,"KAL_TempControl_7psu","C3",119,2.86746987951807,0.42,0.165354330708661,0.356807511737089
"KAL","TempControl-7psu","full",0.00207720689029909,0.0874772162800667,0.0336601636251709,1.2321,"KAL_TempControl_7psu","C4",137.4,2.69411764705882,0.0999999999999996,0.031446540880503,0.631840796019901
"KAL","TempControl-7psu","full",0.00207720689029909,0.0874772162800667,0.0336601636251709,1.2321,"KAL_TempControl_7psu","A2",160.9,2.44528875379939,0.55,0.14745308310992,0.461224489795918
"KAL","TempWarm-16psu","full",0.0300286587267551,2.48213744717505,0.120034575652212,5.3493,"KAL_TempWarm_16psu","A4",104.2,2.93521126760563,-0.03,-0.02,1.19402985074627
"KAL","TempWarm-16psu","full",0.0300286587267551,2.48213744717505,0.120034575652212,5.3493,"KAL_TempWarm_16psu","B3",93.3,1.77714285714286,-0.66,-0.229965156794425,0.753968253968254
"KAL","TempWarm-16psu","full",0.0300286587267551,2.48213744717505,0.120034575652212,5.3493,"KAL_TempWarm_16psu","A3",120.3,2.06346483704974,-0.25,-0.0865051903114187,1.12903225806452
"KAL","TempWarm-16psu","full",0.0300286587267551,2.48213744717505,0.120034575652212,5.3493,"KAL_TempWarm_16psu","B2",32.2,0.7,-0.3,-0.143540669856459,0.52991452991453
"KAL","TempWarm-16psu","full",0.0300286587267551,2.48213744717505,0.120034575652212,5.3493,"KAL_TempWarm_16psu","B4",107.2,2.39285714285714,-0.21,-0.0937500000000002,0.915094339622641
"KAL","TempWarm-16psu","full",0.0300286587267551,2.48213744717505,0.120034575652212,5.3493,"KAL_TempWarm_16psu","B1",131.9,1.78726287262873,-1.33,-0.310747663551402,0.705202312138728
"KAL","TempWarm-16psu","full",0.0300286587267551,2.48213744717505,0.120034575652212,5.3493,"KAL_TempWarm_16psu","B1",128.3,1.57230392156863,-1.01,-0.263020833333333,1.39830508474576
"KAL","TempWarm-16psu","full",0.0300286587267551,2.48213744717505,0.120034575652212,5.3493,"KAL_TempWarm_16psu","B4",106.5,1.52797704447633,-1.5,-0.348027842227378,0.812903225806452
"KAL","TempWarm-16psu","full",0.0300286587267551,2.48213744717505,0.120034575652212,5.3493,"KAL_TempWarm_16psu","B3",105.8,1.79322033898305,0.56,0.164705882352941,0.429602888086643
"KAL","TempWarm-16psu","mll",0.0354382473421728,1.8564534288442,0.0802544635043475,5.3493,"KAL_TempWarm_16psu","A4",104.2,2.93521126760563,-0.03,-0.02,1.19402985074627
"KAL","TempWarm-16psu","mll",0.0354382473421728,1.8564534288442,0.0802544635043475,5.3493,"KAL_TempWarm_16psu","B3",93.3,1.77714285714286,-0.66,-0.229965156794425,0.753968253968254
"KAL","TempWarm-16psu","mll",0.0354382473421728,1.8564534288442,0.0802544635043475,5.3493,"KAL_TempWarm_16psu","A3",120.3,2.06346483704974,-0.25,-0.0865051903114187,1.12903225806452
"KAL","TempWarm-16psu","mll",0.0354382473421728,1.8564534288442,0.0802544635043475,5.3493,"KAL_TempWarm_16psu","B2",32.2,0.7,-0.3,-0.143540669856459,0.52991452991453
"KAL","TempWarm-16psu","mll",0.0354382473421728,1.8564534288442,0.0802544635043475,5.3493,"KAL_TempWarm_16psu","B4",107.2,2.39285714285714,-0.21,-0.0937500000000002,0.915094339622641
"KAL","TempWarm-16psu","mll",0.0354382473421728,1.8564534288442,0.0802544635043475,5.3493,"KAL_TempWarm_16psu","B1",131.9,1.78726287262873,-1.33,-0.310747663551402,0.705202312138728
"KAL","TempWarm-16psu","mll",0.0354382473421728,1.8564534288442,0.0802544635043475,5.3493,"KAL_TempWarm_16psu","B1",128.3,1.57230392156863,-1.01,-0.263020833333333,1.39830508474576
"KAL","TempWarm-16psu","mll",0.0354382473421728,1.8564534288442,0.0802544635043475,5.3493,"KAL_TempWarm_16psu","B4",106.5,1.52797704447633,-1.5,-0.348027842227378,0.812903225806452
"KAL","TempWarm-16psu","mll",0.0354382473421728,1.8564534288442,0.0802544635043475,5.3493,"KAL_TempWarm_16psu","B3",105.8,1.79322033898305,0.56,0.164705882352941,0.429602888086643
"KAL","TempWarm-5psu","mll",0.0338300459996461,0.7712756896348,0.0744780182986624,4.7555,"KAL_TempWarm_5psu","A4",62.9,0.798223350253807,-2.25,-0.579896907216495,0.495412844036697
"KAL","TempWarm-5psu","mll",0.0338300459996461,0.7712756896348,0.0744780182986624,4.7555,"KAL_TempWarm_5psu","B3",68.9,1.95184135977337,0.32,0.189349112426035,0.763157894736842
"KAL","TempWarm-5psu","full",0.0271953438837387,0.398411958368648,0.109375031083921,4.7555,"KAL_TempWarm_5psu","A4",62.9,0.798223350253807,-2.25,-0.579896907216495,0.495412844036697
"KAL","TempWarm-5psu","full",0.0271953438837387,0.398411958368648,0.109375031083921,4.7555,"KAL_TempWarm_5psu","B3",68.9,1.95184135977337,0.32,0.189349112426035,0.763157894736842
"KUR","TempControl-21psu","full",0.0106292029067329,3.24806259688291,0.0819319947767753,3.9378,"KUR_TempControl_21psu","A1",84.4,5.44516129032258,0.36,0.378947368421053,0.362637362637363
"KUR","TempControl-21psu","full",0.0106292029067329,3.24806259688291,0.0819319947767753,3.9378,"KUR_TempControl_21psu","A1",39.9,2.59090909090909,0.04,0.0338983050847458,0.186274509803922
"KUR","TempControl-21psu","full",0.0106292029067329,3.24806259688291,0.0819319947767753,3.9378,"KUR_TempControl_21psu","A2",38.3,1.92462311557789,-0.36,-0.23841059602649,0.173469387755102
"KUR","TempControl-21psu","full",0.0106292029067329,3.24806259688291,0.0819319947767753,3.9378,"KUR_TempControl_21psu","A2",77.4,3.15918367346939,0.24,0.170212765957447,0.267716535433071
"KUR","TempControl-21psu","full",0.0106292029067329,3.24806259688291,0.0819319947767753,3.9378,"KUR_TempControl_21psu","C4",63.4,2.84304932735426,0.02,0.0143884892086331,0.46875
"KUR","TempControl-21psu","full",0.0106292029067329,3.24806259688291,0.0819319947767753,3.9378,"KUR_TempControl_21psu","C4",132.3,7.47457627118644,0.2,0.143884892086331,0.342592592592593
"KUR","TempControl-21psu","full",0.0106292029067329,3.24806259688291,0.0819319947767753,3.9378,"KUR_TempControl_21psu","C1",75.5,2.69642857142857,0.32,0.222222222222222,0.6
"KUR","TempControl-21psu","full",0.0106292029067329,3.24806259688291,0.0819319947767753,3.9378,"KUR_TempControl_21psu","C2",55.8,3.55414012738854,0.12,0.103448275862069,0.242718446601942
"KUR","TempControl-21psu","full",0.0106292029067329,3.24806259688291,0.0819319947767753,3.9378,"KUR_TempControl_21psu","C1",148.1,6.17083333333333,0.55,0.533980582524272,0.375
"KUR","TempControl-21psu","full",0.0106292029067329,3.24806259688291,0.0819319947767753,3.9378,"KUR_TempControl_21psu","C3",44.3,3.0551724137931,0,0,0.278688524590164
"KUR","TempControl-21psu","full",0.0106292029067329,3.24806259688291,0.0819319947767753,3.9378,"KUR_TempControl_21psu","C3",153.1,4.43768115942029,0.48,0.417391304347826,0.397959183673469
"KUR","TempControl-21psu","full",0.0106292029067329,3.24806259688291,0.0819319947767753,3.9378,"KUR_TempControl_21psu","C2",104,6.34146341463415,0.47,0.516483516483516,0.40625
"KUR","TempControl-21psu","mll",0.0101466007458098,2.72349363814396,0.0535413706865548,3.9378,"KUR_TempControl_21psu","A1",84.4,5.44516129032258,0.36,0.378947368421053,0.362637362637363
"KUR","TempControl-21psu","mll",0.0101466007458098,2.72349363814396,0.0535413706865548,3.9378,"KUR_TempControl_21psu","A1",39.9,2.59090909090909,0.04,0.0338983050847458,0.186274509803922
"KUR","TempControl-21psu","mll",0.0101466007458098,2.72349363814396,0.0535413706865548,3.9378,"KUR_TempControl_21psu","A2",38.3,1.92462311557789,-0.36,-0.23841059602649,0.173469387755102
"KUR","TempControl-21psu","mll",0.0101466007458098,2.72349363814396,0.0535413706865548,3.9378,"KUR_TempControl_21psu","A2",77.4,3.15918367346939,0.24,0.170212765957447,0.267716535433071
"KUR","TempControl-21psu","mll",0.0101466007458098,2.72349363814396,0.0535413706865548,3.9378,"KUR_TempControl_21psu","C4",63.4,2.84304932735426,0.02,0.0143884892086331,0.46875
"KUR","TempControl-21psu","mll",0.0101466007458098,2.72349363814396,0.0535413706865548,3.9378,"KUR_TempControl_21psu","C4",132.3,7.47457627118644,0.2,0.143884892086331,0.342592592592593
"KUR","TempControl-21psu","mll",0.0101466007458098,2.72349363814396,0.0535413706865548,3.9378,"KUR_TempControl_21psu","C1",75.5,2.69642857142857,0.32,0.222222222222222,0.6
"KUR","TempControl-21psu","mll",0.0101466007458098,2.72349363814396,0.0535413706865548,3.9378,"KUR_TempControl_21psu","C2",55.8,3.55414012738854,0.12,0.103448275862069,0.242718446601942
"KUR","TempControl-21psu","mll",0.0101466007458098,2.72349363814396,0.0535413706865548,3.9378,"KUR_TempControl_21psu","C1",148.1,6.17083333333333,0.55,0.533980582524272,0.375
"KUR","TempControl-21psu","mll",0.0101466007458098,2.72349363814396,0.0535413706865548,3.9378,"KUR_TempControl_21psu","C3",44.3,3.0551724137931,0,0,0.278688524590164
"KUR","TempControl-21psu","mll",0.0101466007458098,2.72349363814396,0.0535413706865548,3.9378,"KUR_TempControl_21psu","C3",153.1,4.43768115942029,0.48,0.417391304347826,0.397959183673469
"KUR","TempControl-21psu","mll",0.0101466007458098,2.72349363814396,0.0535413706865548,3.9378,"KUR_TempControl_21psu","C2",104,6.34146341463415,0.47,0.516483516483516,0.40625
"KUR","TempControl-7psu","mll",0.00489546564716927,0.333591858219086,0.0325305541759595,1.8042,"KUR_TempControl_7psu","C4",21.3,1.61363636363636,-0.37,-0.544117647058824,0.476190476190476
"KUR","TempControl-7psu","mll",0.00489546564716927,0.333591858219086,0.0325305541759595,1.8042,"KUR_TempControl_7psu","C2",64.9,4.10759493670886,1.09,1.29761904761905,0.191358024691358
"KUR","TempControl-7psu","mll",0.00489546564716927,0.333591858219086,0.0325305541759595,1.8042,"KUR_TempControl_7psu","A2",58.4,3.29943502824859,0.2,0.240963855421687,0.514705882352941
"KUR","TempControl-7psu","mll",0.00489546564716927,0.333591858219086,0.0325305541759595,1.8042,"KUR_TempControl_7psu","C4",132.4,8.94594594594595,0.3,0.306122448979592,0.379310344827586
"KUR","TempControl-7psu","full",0.0039312205209114,0.194293917747448,0.0446089042446935,1.8042,"KUR_TempControl_7psu","C4",21.3,1.61363636363636,-0.37,-0.544117647058824,0.476190476190476
"KUR","TempControl-7psu","full",0.0039312205209114,0.194293917747448,0.0446089042446935,1.8042,"KUR_TempControl_7psu","C2",64.9,4.10759493670886,1.09,1.29761904761905,0.191358024691358
"KUR","TempControl-7psu","full",0.0039312205209114,0.194293917747448,0.0446089042446935,1.8042,"KUR_TempControl_7psu","A2",58.4,3.29943502824859,0.2,0.240963855421687,0.514705882352941
"KUR","TempControl-7psu","full",0.0039312205209114,0.194293917747448,0.0446089042446935,1.8042,"KUR_TempControl_7psu","C4",132.4,8.94594594594595,0.3,0.306122448979592,0.379310344827586
"KUR","TempWarm-16psu","full",0.0352397632450556,2.29767573760886,0.130108285986464,5.774,"KUR_TempWarm_16psu","B1",39.5,1.74008810572687,-0.43,-0.296551724137931,0.228915662650602
"KUR","TempWarm-16psu","full",0.0352397632450556,2.29767573760886,0.130108285986464,5.774,"KUR_TempWarm_16psu","B2",50.8,3.68115942028985,0.0599999999999999,0.074074074074074,0.202898550724638
"KUR","TempWarm-16psu","full",0.0352397632450556,2.29767573760886,0.130108285986464,5.774,"KUR_TempWarm_16psu","A3",70.2,2.31683168316832,-0.12,-0.0759493670886077,0.30188679245283
"KUR","TempWarm-16psu","full",0.0352397632450556,2.29767573760886,0.130108285986464,5.774,"KUR_TempWarm_16psu","A3",88.6,3.85217391304348,0.76,0.477987421383648,0.382352941176471
"KUR","TempWarm-16psu","full",0.0352397632450556,2.29767573760886,0.130108285986464,5.774,"KUR_TempWarm_16psu","A4",37.9,2.52666666666667,-0.45,-0.473684210526316,0.324324324324324
"KUR","TempWarm-16psu","mll",0.042274130136084,1.65822392265339,0.0851243329895743,5.774,"KUR_TempWarm_16psu","B1",39.5,1.74008810572687,-0.43,-0.296551724137931,0.228915662650602
"KUR","TempWarm-16psu","mll",0.042274130136084,1.65822392265339,0.0851243329895743,5.774,"KUR_TempWarm_16psu","B2",50.8,3.68115942028985,0.0599999999999999,0.074074074074074,0.202898550724638
"KUR","TempWarm-16psu","mll",0.042274130136084,1.65822392265339,0.0851243329895743,5.774,"KUR_TempWarm_16psu","A3",70.2,2.31683168316832,-0.12,-0.0759493670886077,0.30188679245283
"KUR","TempWarm-16psu","mll",0.042274130136084,1.65822392265339,0.0851243329895743,5.774,"KUR_TempWarm_16psu","A3",88.6,3.85217391304348,0.76,0.477987421383648,0.382352941176471
"KUR","TempWarm-16psu","mll",0.042274130136084,1.65822392265339,0.0851243329895743,5.774,"KUR_TempWarm_16psu","A4",37.9,2.52666666666667,-0.45,-0.473684210526316,0.324324324324324
"VAT","TempControl-21psu","full",0.00865817083691104,1.38554045987025,0.0648669175175783,3.4861,"VAT_TempControl_21psu","A1",110,1.88679245283019,0.42,0.0719178082191781,0.576826196473552
"VAT","TempControl-21psu","full",0.00865817083691104,1.38554045987025,0.0648669175175783,3.4861,"VAT_TempControl_21psu","A1",163,3.39583333333333,2.2,0.390763765541741,0.52760736196319
"VAT","TempControl-21psu","full",0.00865817083691104,1.38554045987025,0.0648669175175783,3.4861,"VAT_TempControl_21psu","A2",94.9,1.87920792079208,0.409999999999999,0.0796116504854367,0.558823529411765
"VAT","TempControl-21psu","full",0.00865817083691104,1.38554045987025,0.0648669175175783,3.4861,"VAT_TempControl_21psu","A2",72.8,2.06232294617564,-0.0100000000000007,-0.0023866348448689,0.466666666666667
"VAT","TempControl-21psu","full",0.00865817083691104,1.38554045987025,0.0648669175175783,3.4861,"VAT_TempControl_21psu","C2",185.3,3.49622641509434,1.05,0.153733528550512,0.329044117647059
"VAT","TempControl-21psu","full",0.00865817083691104,1.38554045987025,0.0648669175175783,3.4861,"VAT_TempControl_21psu","C4",103.6,1.48,-3.06,-0.319415448851775,0.586374695863747
"VAT","TempControl-21psu","full",0.00865817083691104,1.38554045987025,0.0648669175175783,3.4861,"VAT_TempControl_21psu","C2",131.9,2.52198852772467,0.79,0.107046070460705,0.397887323943662
"VAT","TempControl-21psu","full",0.00865817083691104,1.38554045987025,0.0648669175175783,3.4861,"VAT_TempControl_21psu","C1",175.7,3.93064876957494,2.83,0.531954887218045,0.117391304347826
"VAT","TempControl-21psu","full",0.00865817083691104,1.38554045987025,0.0648669175175783,3.4861,"VAT_TempControl_21psu","C3",151.4,2.73285198555957,-1.14,-0.187192118226601,0.332378223495702
"VAT","TempControl-21psu","full",0.00865817083691104,1.38554045987025,0.0648669175175783,3.4861,"VAT_TempControl_21psu","C4",124.4,3.28232189973615,-0.0499999999999998,-0.0112359550561797,0.347972972972973
"VAT","TempControl-21psu","full",0.00865817083691104,1.38554045987025,0.0648669175175783,3.4861,"VAT_TempControl_21psu","C3",111.7,2.03090909090909,-1.84,-0.256624825662483,0.248717948717949
"VAT","TempControl-21psu","mll",0.010110404669256,0.814563568338807,0.043362328201887,3.4861,"VAT_TempControl_21psu","A1",110,1.88679245283019,0.42,0.0719178082191781,0.576826196473552
"VAT","TempControl-21psu","mll",0.010110404669256,0.814563568338807,0.043362328201887,3.4861,"VAT_TempControl_21psu","A1",163,3.39583333333333,2.2,0.390763765541741,0.52760736196319
"VAT","TempControl-21psu","mll",0.010110404669256,0.814563568338807,0.043362328201887,3.4861,"VAT_TempControl_21psu","A2",94.9,1.87920792079208,0.409999999999999,0.0796116504854367,0.558823529411765
"VAT","TempControl-21psu","mll",0.010110404669256,0.814563568338807,0.043362328201887,3.4861,"VAT_TempControl_21psu","A2",72.8,2.06232294617564,-0.0100000000000007,-0.0023866348448689,0.466666666666667
"VAT","TempControl-21psu","mll",0.010110404669256,0.814563568338807,0.043362328201887,3.4861,"VAT_TempControl_21psu","C2",185.3,3.49622641509434,1.05,0.153733528550512,0.329044117647059
"VAT","TempControl-21psu","mll",0.010110404669256,0.814563568338807,0.043362328201887,3.4861,"VAT_TempControl_21psu","C4",103.6,1.48,-3.06,-0.319415448851775,0.586374695863747
"VAT","TempControl-21psu","mll",0.010110404669256,0.814563568338807,0.043362328201887,3.4861,"VAT_TempControl_21psu","C2",131.9,2.52198852772467,0.79,0.107046070460705,0.397887323943662
"VAT","TempControl-21psu","mll",0.010110404669256,0.814563568338807,0.043362328201887,3.4861,"VAT_TempControl_21psu","C1",175.7,3.93064876957494,2.83,0.531954887218045,0.117391304347826
"VAT","TempControl-21psu","mll",0.010110404669256,0.814563568338807,0.043362328201887,3.4861,"VAT_TempControl_21psu","C3",151.4,2.73285198555957,-1.14,-0.187192118226601,0.332378223495702
"VAT","TempControl-21psu","mll",0.010110404669256,0.814563568338807,0.043362328201887,3.4861,"VAT_TempControl_21psu","C4",124.4,3.28232189973615,-0.0499999999999998,-0.0112359550561797,0.347972972972973
"VAT","TempControl-21psu","mll",0.010110404669256,0.814563568338807,0.043362328201887,3.4861,"VAT_TempControl_21psu","C3",111.7,2.03090909090909,-1.84,-0.256624825662483,0.248717948717949
"VAT","TempControl-7psu","mll",0.0136808216134053,2.23098962194305,0.048850145099321,4.5587,"VAT_TempControl_7psu","C2",19.6,0.538461538461539,-0.51,-0.109442060085837,0.0751295336787565
"VAT","TempControl-7psu","full",0.0136677351124229,2.03659970493134,0.0713196542449804,4.5587,"VAT_TempControl_7psu","C2",19.6,0.538461538461539,-0.51,-0.109442060085837,0.0751295336787565
"VAT","TempWarm-16psu","full",0.0390429467766799,0.451017347977424,0.132830775587862,6.6275,"VAT_TempWarm_16psu","B1",73.9,1.44901960784314,-1.77,-0.28921568627451,0.599264705882353
"VAT","TempWarm-16psu","full",0.0390429467766799,0.451017347977424,0.132830775587862,6.6275,"VAT_TempWarm_16psu","B2",61.2,1.632,-1.7,-0.412621359223301,0.779411764705882
"VAT","TempWarm-16psu","full",0.0390429467766799,0.451017347977424,0.132830775587862,6.6275,"VAT_TempWarm_16psu","B3",30.5,0.677777777777778,-4.99,-1,0
"VAT","TempWarm-16psu","mll",0.048622400893911,0.601423316368426,0.0862955321936636,6.6275,"VAT_TempWarm_16psu","B1",73.9,1.44901960784314,-1.77,-0.28921568627451,0.599264705882353
"VAT","TempWarm-16psu","mll",0.048622400893911,0.601423316368426,0.0862955321936636,6.6275,"VAT_TempWarm_16psu","B2",61.2,1.632,-1.7,-0.412621359223301,0.779411764705882
"VAT","TempWarm-16psu","mll",0.048622400893911,0.601423316368426,0.0862955321936636,6.6275,"VAT_TempWarm_16psu","B3",30.5,0.677777777777778,-4.99,-1,0
"VIK","TempControl-21psu","full",0.00529093522425913,1.12059428006735,0.0534623957198638,2.4044,"VIK_TempControl_21psu","A1",193.1,3.23450586264657,-1.55,-0.270979020979021,1.10497237569061
"VIK","TempControl-21psu","full",0.00529093522425913,1.12059428006735,0.0534623957198638,2.4044,"VIK_TempControl_21psu","C3",72,4.11428571428571,0.22,0.265060240963856,0.383561643835616
"VIK","TempControl-21psu","full",0.00529093522425913,1.12059428006735,0.0534623957198638,2.4044,"VIK_TempControl_21psu","A1",73.2,1.83,0.04,0.0140845070422535,0.303317535545024
"VIK","TempControl-21psu","full",0.00529093522425913,1.12059428006735,0.0534623957198638,2.4044,"VIK_TempControl_21psu","A2",57.9,1.30995475113122,-0.84,-0.176842105263158,0.281967213114754
"VIK","TempControl-21psu","full",0.00529093522425913,1.12059428006735,0.0534623957198638,2.4044,"VIK_TempControl_21psu","C4",21.5,1.59259259259259,-0.2,-0.229885057471264,0.175438596491228
"VIK","TempControl-21psu","full",0.00529093522425913,1.12059428006735,0.0534623957198638,2.4044,"VIK_TempControl_21psu","A2",96.8,3.44483985765125,-1.15,-0.467479674796748,0.506493506493507
"VIK","TempControl-21psu","full",0.00529093522425913,1.12059428006735,0.0534623957198638,2.4044,"VIK_TempControl_21psu","C1",78.1,1.37017543859649,-1.1,-0.214424951267056,0.385714285714286
"VIK","TempControl-21psu","full",0.00529093522425913,1.12059428006735,0.0534623957198638,2.4044,"VIK_TempControl_21psu","C1",70.6,4.64473684210526,0.22,0.261904761904762,0.414285714285714
"VIK","TempControl-21psu","full",0.00529093522425913,1.12059428006735,0.0534623957198638,2.4044,"VIK_TempControl_21psu","C3",65.7,3.93413173652695,0.0499999999999998,0.044642857142857,0.4
"VIK","TempControl-21psu","full",0.00529093522425913,1.12059428006735,0.0534623957198638,2.4044,"VIK_TempControl_21psu","C2",67.7,1.51454138702461,0.73,0.190600522193211,0.48051948051948
"VIK","TempControl-21psu","full",0.00529093522425913,1.12059428006735,0.0534623957198638,2.4044,"VIK_TempControl_21psu","C2",70.2,2.8421052631579,-0.0599999999999998,-0.0431654676258992,0.247311827956989
"VIK","TempControl-21psu","full",0.00529093522425913,1.12059428006735,0.0534623957198638,2.4044,"VIK_TempControl_21psu","C4",43,1.61048689138577,-0.3,-0.15625,0.384615384615385
"VIK","TempControl-21psu","mll",0.00624979451824577,0.803166844691957,0.0388485636807072,2.4044,"VIK_TempControl_21psu","A1",193.1,3.23450586264657,-1.55,-0.270979020979021,1.10497237569061
"VIK","TempControl-21psu","mll",0.00624979451824577,0.803166844691957,0.0388485636807072,2.4044,"VIK_TempControl_21psu","C3",72,4.11428571428571,0.22,0.265060240963856,0.383561643835616
"VIK","TempControl-21psu","mll",0.00624979451824577,0.803166844691957,0.0388485636807072,2.4044,"VIK_TempControl_21psu","A1",73.2,1.83,0.04,0.0140845070422535,0.303317535545024
"VIK","TempControl-21psu","mll",0.00624979451824577,0.803166844691957,0.0388485636807072,2.4044,"VIK_TempControl_21psu","A2",57.9,1.30995475113122,-0.84,-0.176842105263158,0.281967213114754
"VIK","TempControl-21psu","mll",0.00624979451824577,0.803166844691957,0.0388485636807072,2.4044,"VIK_TempControl_21psu","C4",21.5,1.59259259259259,-0.2,-0.229885057471264,0.175438596491228
"VIK","TempControl-21psu","mll",0.00624979451824577,0.803166844691957,0.0388485636807072,2.4044,"VIK_TempControl_21psu","A2",96.8,3.44483985765125,-1.15,-0.467479674796748,0.506493506493507
"VIK","TempControl-21psu","mll",0.00624979451824577,0.803166844691957,0.0388485636807072,2.4044,"VIK_TempControl_21psu","C1",78.1,1.37017543859649,-1.1,-0.214424951267056,0.385714285714286
"VIK","TempControl-21psu","mll",0.00624979451824577,0.803166844691957,0.0388485636807072,2.4044,"VIK_TempControl_21psu","C1",70.6,4.64473684210526,0.22,0.261904761904762,0.414285714285714
"VIK","TempControl-21psu","mll",0.00624979451824577,0.803166844691957,0.0388485636807072,2.4044,"VIK_TempControl_21psu","C3",65.7,3.93413173652695,0.0499999999999998,0.044642857142857,0.4
"VIK","TempControl-21psu","mll",0.00624979451824577,0.803166844691957,0.0388485636807072,2.4044,"VIK_TempControl_21psu","C2",67.7,1.51454138702461,0.73,0.190600522193211,0.48051948051948
"VIK","TempControl-21psu","mll",0.00624979451824577,0.803166844691957,0.0388485636807072,2.4044,"VIK_TempControl_21psu","C2",70.2,2.8421052631579,-0.0599999999999998,-0.0431654676258992,0.247311827956989
"VIK","TempControl-21psu","mll",0.00624979451824577,0.803166844691957,0.0388485636807072,2.4044,"VIK_TempControl_21psu","C4",43,1.61048689138577,-0.3,-0.15625,0.384615384615385
"VIK","TempControl-7psu","full",0.00899849955586203,2.31495201494668,0.0604427054956303,3.1674,"VIK_TempControl_7psu","A2",41.5,1.34304207119741,-1.21,-0.668508287292818,1.03571428571429
"VIK","TempControl-7psu","full",0.00899849955586203,2.31495201494668,0.0604427054956303,3.1674,"VIK_TempControl_7psu","C3",31.7,2.12751677852349,-0.0599999999999999,-0.0999999999999999,0.421052631578947
"VIK","TempControl-7psu","full",0.00899849955586203,2.31495201494668,0.0604427054956303,3.1674,"VIK_TempControl_7psu","C2",18,0.501392757660167,-3.95,-1,NA
"VIK","TempControl-7psu","full",0.00899849955586203,2.31495201494668,0.0604427054956303,3.1674,"VIK_TempControl_7psu","C3",61.5,1.80882352941176,-1.91,-0.62012987012987,0.573529411764706
"VIK","TempControl-7psu","full",0.00899849955586203,2.31495201494668,0.0604427054956303,3.1674,"VIK_TempControl_7psu","C1",45.2,3.9304347826087,0.24,0.30379746835443,0.144578313253012
"VIK","TempControl-7psu","full",0.00899849955586203,2.31495201494668,0.0604427054956303,3.1674,"VIK_TempControl_7psu","A2",43,0.92274678111588,-0.9,-0.201342281879195,0
"VIK","TempControl-7psu","full",0.00899849955586203,2.31495201494668,0.0604427054956303,3.1674,"VIK_TempControl_7psu","A1",23.6,0.944,-0.21,-0.0941704035874439,0.174418604651163
"VIK","TempControl-7psu","full",0.00899849955586203,2.31495201494668,0.0604427054956303,3.1674,"VIK_TempControl_7psu","C1",25.2,0.996047430830039,-0.21,-0.212121212121212,0.181818181818182
"VIK","TempControl-7psu","full",0.00899849955586203,2.31495201494668,0.0604427054956303,3.1674,"VIK_TempControl_7psu","C4",57.4,3.5875,0.65,0.625,0.673267326732673
"VIK","TempControl-7psu","mll",0.00937079354091767,2.24669101595342,0.0417944880358398,3.1674,"VIK_TempControl_7psu","A2",41.5,1.34304207119741,-1.21,-0.668508287292818,1.03571428571429
"VIK","TempControl-7psu","mll",0.00937079354091767,2.24669101595342,0.0417944880358398,3.1674,"VIK_TempControl_7psu","C3",31.7,2.12751677852349,-0.0599999999999999,-0.0999999999999999,0.421052631578947
"VIK","TempControl-7psu","mll",0.00937079354091767,2.24669101595342,0.0417944880358398,3.1674,"VIK_TempControl_7psu","C2",18,0.501392757660167,-3.95,-1,NA
"VIK","TempControl-7psu","mll",0.00937079354091767,2.24669101595342,0.0417944880358398,3.1674,"VIK_TempControl_7psu","C3",61.5,1.80882352941176,-1.91,-0.62012987012987,0.573529411764706
"VIK","TempControl-7psu","mll",0.00937079354091767,2.24669101595342,0.0417944880358398,3.1674,"VIK_TempControl_7psu","C1",45.2,3.9304347826087,0.24,0.30379746835443,0.144578313253012
"VIK","TempControl-7psu","mll",0.00937079354091767,2.24669101595342,0.0417944880358398,3.1674,"VIK_TempControl_7psu","A2",43,0.92274678111588,-0.9,-0.201342281879195,0
"VIK","TempControl-7psu","mll",0.00937079354091767,2.24669101595342,0.0417944880358398,3.1674,"VIK_TempControl_7psu","A1",23.6,0.944,-0.21,-0.0941704035874439,0.174418604651163
"VIK","TempControl-7psu","mll",0.00937079354091767,2.24669101595342,0.0417944880358398,3.1674,"VIK_TempControl_7psu","C1",25.2,0.996047430830039,-0.21,-0.212121212121212,0.181818181818182
"VIK","TempControl-7psu","mll",0.00937079354091767,2.24669101595342,0.0417944880358398,3.1674,"VIK_TempControl_7psu","C4",57.4,3.5875,0.65,0.625,0.673267326732673
"VIK","TempWarm-16psu","full",0.0338159972935556,0.306945743344824,0.120379379309693,5.394,"VIK_TempWarm_16psu","A3",39.5,1.12215909090909,-0.12,-0.0558139534883721,0.705882352941177
"VIK","TempWarm-16psu","full",0.0338159972935556,0.306945743344824,0.120379379309693,5.394,"VIK_TempWarm_16psu","A3",46.7,1.89837398373984,-0.56,-0.240343347639485,0.340909090909091
"VIK","TempWarm-16psu","full",0.0338159972935556,0.306945743344824,0.120379379309693,5.394,"VIK_TempWarm_16psu","A4",61.8,1.33189655172414,-1.37,-0.348600508905852,0.462857142857143
"VIK","TempWarm-16psu","full",0.0338159972935556,0.306945743344824,0.120379379309693,5.394,"VIK_TempWarm_16psu","B1",47.9,1.66319444444444,-0.42,-0.216494845360825,0.394495412844037
"VIK","TempWarm-16psu","full",0.0338159972935556,0.306945743344824,0.120379379309693,5.394,"VIK_TempWarm_16psu","B2",47.4,1.53896103896104,-0.18,-0.09375,0.403225806451613
"VIK","TempWarm-16psu","full",0.0338159972935556,0.306945743344824,0.120379379309693,5.394,"VIK_TempWarm_16psu","B2",25,1.78571428571429,-0.31,-0.44927536231884,0.310344827586207
"VIK","TempWarm-16psu","full",0.0338159972935556,0.306945743344824,0.120379379309693,5.394,"VIK_TempWarm_16psu","A4",38.4,1.78604651162791,-0.35,-0.253623188405797,0.355263157894737
"VIK","TempWarm-16psu","full",0.0338159972935556,0.306945743344824,0.120379379309693,5.394,"VIK_TempWarm_16psu","B3",40.7,3.01481481481481,-0.32,-0.457142857142857,1.11111111111111
"VIK","TempWarm-16psu","full",0.0338159972935556,0.306945743344824,0.120379379309693,5.394,"VIK_TempWarm_16psu","B4",46.1,1.49190938511327,-0.32,-0.25,0.655172413793104
"VIK","TempWarm-16psu","full",0.0338159972935556,0.306945743344824,0.120379379309693,5.394,"VIK_TempWarm_16psu","B4",8.4,0.521739130434782,-1.12,-1,0
"VIK","TempWarm-16psu","full",0.0338159972935556,0.306945743344824,0.120379379309693,5.394,"VIK_TempWarm_16psu","B3",18,1.44,-0.25,-0.352112676056338,0
"VIK","TempWarm-16psu","mll",0.0422436225169404,0.618669159166709,0.0814095548178281,5.394,"VIK_TempWarm_16psu","A3",39.5,1.12215909090909,-0.12,-0.0558139534883721,0.705882352941177
"VIK","TempWarm-16psu","mll",0.0422436225169404,0.618669159166709,0.0814095548178281,5.394,"VIK_TempWarm_16psu","A3",46.7,1.89837398373984,-0.56,-0.240343347639485,0.340909090909091
"VIK","TempWarm-16psu","mll",0.0422436225169404,0.618669159166709,0.0814095548178281,5.394,"VIK_TempWarm_16psu","A4",61.8,1.33189655172414,-1.37,-0.348600508905852,0.462857142857143
"VIK","TempWarm-16psu","mll",0.0422436225169404,0.618669159166709,0.0814095548178281,5.394,"VIK_TempWarm_16psu","B1",47.9,1.66319444444444,-0.42,-0.216494845360825,0.394495412844037
"VIK","TempWarm-16psu","mll",0.0422436225169404,0.618669159166709,0.0814095548178281,5.394,"VIK_TempWarm_16psu","B2",47.4,1.53896103896104,-0.18,-0.09375,0.403225806451613
"VIK","TempWarm-16psu","mll",0.0422436225169404,0.618669159166709,0.0814095548178281,5.394,"VIK_TempWarm_16psu","B2",25,1.78571428571429,-0.31,-0.44927536231884,0.310344827586207
"VIK","TempWarm-16psu","mll",0.0422436225169404,0.618669159166709,0.0814095548178281,5.394,"VIK_TempWarm_16psu","A4",38.4,1.78604651162791,-0.35,-0.253623188405797,0.355263157894737
"VIK","TempWarm-16psu","mll",0.0422436225169404,0.618669159166709,0.0814095548178281,5.394,"VIK_TempWarm_16psu","B3",40.7,3.01481481481481,-0.32,-0.457142857142857,1.11111111111111
"VIK","TempWarm-16psu","mll",0.0422436225169404,0.618669159166709,0.0814095548178281,5.394,"VIK_TempWarm_16psu","B4",46.1,1.49190938511327,-0.32,-0.25,0.655172413793104
"VIK","TempWarm-16psu","mll",0.0422436225169404,0.618669159166709,0.0814095548178281,5.394,"VIK_TempWarm_16psu","B4",8.4,0.521739130434782,-1.12,-1,0
"VIK","TempWarm-16psu","mll",0.0422436225169404,0.618669159166709,0.0814095548178281,5.394,"VIK_TempWarm_16psu","B3",18,1.44,-0.25,-0.352112676056338,0
