"pop","trt","cc","lea_offset","rda_offset","gf_offset","env_dist","trt_pop","surv","order","coast","trt_name"
"BAR","TempControl-21psu","full",0.00798694155968836,2.416487443602,0.0757031686195213,3.2931,"TempControl_21psu-BAR",1,4,"West","Current W Coast"
"BAR","TempControl-21psu","mll",0.00871630023878949,1.85015490733416,0.0490786082468778,3.2931,"TempControl_21psu-BAR",1,4,"West","Current W Coast"
"BAR","TempControl-7psu","full",0.00662757668091765,1.01142729667696,0.0510150602602953,2.7722,"TempControl_7psu-BAR",0.5,4,"West","Current E Coast"
"BAR","TempControl-7psu","mll",0.00734592353575743,1.18858416069832,0.03646091000673,2.7722,"TempControl_7psu-BAR",0.5,4,"West","Current E Coast"
"BAR","TempWarm-16psu","full",0.0346272952586907,1.47194028052005,0.130291719636577,5.7974,"TempWarm_16psu-BAR",0.583333333333333,4,"West","Future W Coast"
"BAR","TempWarm-16psu","mll",0.0430151243295878,0.870765122925002,0.0849818641213911,5.7974,"TempWarm_16psu-BAR",0.583333333333333,4,"West","Future W Coast"
"BAR","TempWarm-5psu","full",0.0367128182833948,1.37444126188955,0.12517842947807,6.0353,"TempWarm_5psu-BAR",0.0833333333333333,4,"West","Future E Coast"
"BAR","TempWarm-5psu","mll",0.045128261543404,1.80987170781091,0.0828482138992323,6.0353,"TempWarm_5psu-BAR",0.0833333333333333,4,"West","Future E Coast"
"BJO","TempControl-21psu","full",0.0183023148797625,3.93335268489373,0.0928084373319246,4.9783,"TempControl_21psu-BJO",1,8,"East","Current W Coast"
"BJO","TempControl-21psu","mll",0.0181832590308294,3.26586181047783,0.0599209950928221,4.9783,"TempControl_21psu-BJO",1,8,"East","Current W Coast"
"BJO","TempControl-7psu","full",0.00860988699958254,0.524898138495719,0.0558247223670392,2.7082,"TempControl_7psu-BJO",0.5,8,"East","Current E Coast"
"BJO","TempControl-7psu","mll",0.0106037999923931,0.345922510862077,0.0376171887951399,2.7082,"TempControl_7psu-BJO",0.5,8,"East","Current E Coast"
"BJO","TempWarm-16psu","full",0.0489373784267413,2.98306108699892,0.142411432083045,6.8452,"TempWarm_16psu-BJO",0.416666666666667,8,"East","Future W Coast"
"BJO","TempWarm-16psu","mll",0.0581775014038377,2.19853544993975,0.0912322032381791,6.8452,"TempWarm_16psu-BJO",0.416666666666667,8,"East","Future W Coast"
"BJO","TempWarm-5psu","full",0.044704486669777,0.292786962232414,0.131853848853331,6.2003,"TempWarm_5psu-BJO",0,8,"East","Future E Coast"
"BJO","TempWarm-5psu","mll",0.0556021382761411,0.619919736780753,0.0854047849783409,6.2003,"TempWarm_5psu-BJO",0,8,"East","Future E Coast"
"HOG","TempControl-21psu","full",0.00819072364121176,2.16142300049655,0.0749036582149313,3.2186,"TempControl_21psu-HOG",0.909090909090909,3,"West","Current W Coast"
"HOG","TempControl-21psu","mll",0.00911460320275041,1.64589774079523,0.0483599278168645,3.2186,"TempControl_21psu-HOG",0.909090909090909,3,"West","Current W Coast"
"HOG","TempControl-7psu","full",0.00766430037064356,1.27226445721745,0.0510938890253881,2.8197,"TempControl_7psu-HOG",0.5,3,"West","Current E Coast"
"HOG","TempControl-7psu","mll",0.00853679856324015,1.40036534312938,0.0370764159429167,2.8197,"TempControl_7psu-HOG",0.5,3,"West","Current E Coast"
"HOG","TempWarm-16psu","full",0.036427182928542,1.22631888167187,0.129357790771983,5.7683,"TempWarm_16psu-HOG",0.666666666666667,3,"West","Future W Coast"
"HOG","TempWarm-16psu","mll",0.0452748544082271,0.730242927373158,0.0848391483017739,5.7683,"TempWarm_16psu-HOG",0.666666666666667,3,"West","Future W Coast"
"HOG","TempWarm-5psu","full",0.0392173680316203,1.63589650016005,0.124558798435792,6.0562,"TempWarm_5psu-HOG",0.0833333333333333,3,"West","Future E Coast"
"HOG","TempWarm-5psu","mll",0.0480627625037906,2.02005161272179,0.0831672720430263,6.0562,"TempWarm_5psu-HOG",0.0833333333333333,3,"West","Future E Coast"
"HOR","TempControl-21psu","full",0.0130561837819121,3.91811161457199,0.0822463901090242,4.4518,"TempControl_21psu-HOR",0.916666666666667,7,"East","Current W Coast"
"HOR","TempControl-21psu","mll",0.012309100498949,3.26372171715906,0.054211245591984,4.4518,"TempControl_21psu-HOR",0.916666666666667,7,"East","Current W Coast"
"HOR","TempControl-7psu","full",0.00399932483018119,0.496378346506273,0.042634624078671,2.246,"TempControl_7psu-HOR",0.5,7,"East","Current E Coast"
"HOR","TempControl-7psu","mll",0.00500484470606123,0.2778420894863,0.0306280848445055,2.246,"TempControl_7psu-HOR",0.5,7,"East","Current E Coast"
"HOR","TempWarm-16psu","full",0.0365895365187742,2.9616460767793,0.129374025983507,6.2752,"TempWarm_16psu-HOR",0.666666666666667,7,"East","Future W Coast"
"HOR","TempWarm-16psu","mll",0.043431764767535,2.17618333976248,0.0840643264739334,6.2752,"TempWarm_16psu-HOR",0.666666666666667,7,"East","Future W Coast"
"HOR","TempWarm-5psu","full",0.032825014483351,0.183184383495568,0.119382749229989,5.7503,"TempWarm_5psu-HOR",0,7,"East","Future E Coast"
"HOR","TempWarm-5psu","mll",0.041036903987833,0.514345252928241,0.078500530096678,5.7503,"TempWarm_5psu-HOR",0,7,"East","Future E Coast"
"KAL","TempControl-21psu","full",0.00994482695244589,3.43303523955674,0.0775834372250432,3.9871,"TempControl_21psu-KAL",1,6,"East","Current W Coast"
"KAL","TempControl-21psu","mll",0.00888266794960439,2.93478273197384,0.0519939833917116,3.9871,"TempControl_21psu-KAL",1,6,"East","Current W Coast"
"KAL","TempControl-7psu","full",0.00207720689029909,0.0874772162800667,0.0336601636251709,1.2321,"TempControl_7psu-KAL",0.666666666666667,6,"East","Current E Coast"
"KAL","TempControl-7psu","mll",0.00257395160581669,0.151778614193923,0.0268338847263667,1.2321,"TempControl_7psu-KAL",0.666666666666667,6,"East","Current E Coast"
"KAL","TempWarm-16psu","full",0.0300286587267551,2.48213744717505,0.120034575652212,5.3493,"TempWarm_16psu-KAL",0.75,6,"East","Future W Coast"
"KAL","TempWarm-16psu","mll",0.0354382473421728,1.8564534288442,0.0802544635043475,5.3493,"TempWarm_16psu-KAL",0.75,6,"East","Future W Coast"
"KAL","TempWarm-5psu","full",0.0271953438837387,0.398411958368648,0.109375031083921,4.7555,"TempWarm_5psu-KAL",0.166666666666667,6,"East","Future E Coast"
"KAL","TempWarm-5psu","mll",0.0338300459996461,0.7712756896348,0.0744780182986624,4.7555,"TempWarm_5psu-KAL",0.166666666666667,6,"East","Future E Coast"
"KUR","TempControl-21psu","full",0.0106292029067329,3.24806259688291,0.0819319947767753,3.9378,"TempControl_21psu-KUR",1,5,"East","Current W Coast"
"KUR","TempControl-21psu","mll",0.0101466007458098,2.72349363814396,0.0535413706865548,3.9378,"TempControl_21psu-KUR",1,5,"East","Current W Coast"
"KUR","TempControl-7psu","full",0.0039312205209114,0.194293917747448,0.0446089042446935,1.8042,"TempControl_7psu-KUR",0.333333333333333,5,"East","Current E Coast"
"KUR","TempControl-7psu","mll",0.00489546564716927,0.333591858219086,0.0325305541759595,1.8042,"TempControl_7psu-KUR",0.333333333333333,5,"East","Current E Coast"
"KUR","TempWarm-16psu","full",0.0352397632450556,2.29767573760886,0.130108285986464,5.774,"TempWarm_16psu-KUR",0.416666666666667,5,"East","Future W Coast"
"KUR","TempWarm-16psu","mll",0.042274130136084,1.65822392265339,0.0851243329895743,5.774,"TempWarm_16psu-KUR",0.416666666666667,5,"East","Future W Coast"
"KUR","TempWarm-5psu","full",0.0333844248962364,0.563963827870758,0.120819888114614,5.3861,"TempWarm_5psu-KUR",0,5,"East","Future E Coast"
"KUR","TempWarm-5psu","mll",0.0415566924012771,0.972385585758758,0.0804330321585454,5.3861,"TempWarm_5psu-KUR",0,5,"East","Future E Coast"
"VAT","TempControl-21psu","full",0.00865817083691104,1.38554045987025,0.0648669175175783,3.4861,"TempControl_21psu-VAT",0.916666666666667,2,"West","Current W Coast"
"VAT","TempControl-21psu","mll",0.010110404669256,0.814563568338807,0.043362328201887,3.4861,"TempControl_21psu-VAT",0.916666666666667,2,"West","Current W Coast"
"VAT","TempControl-7psu","full",0.0136677351124229,2.03659970493134,0.0713196542449804,4.5587,"TempControl_7psu-VAT",0.0833333333333333,2,"West","Current E Coast"
"VAT","TempControl-7psu","mll",0.0136808216134053,2.23098962194305,0.048850145099321,4.5587,"TempControl_7psu-VAT",0.0833333333333333,2,"West","Current E Coast"
"VAT","TempWarm-16psu","full",0.0390429467766799,0.451017347977424,0.132830775587862,6.6275,"TempWarm_16psu-VAT",0.272727272727273,2,"West","Future W Coast"
"VAT","TempWarm-16psu","mll",0.048622400893911,0.601423316368426,0.0862955321936636,6.6275,"TempWarm_16psu-VAT",0.272727272727273,2,"West","Future W Coast"
"VAT","TempWarm-5psu","full",0.0460723733885967,2.3914681384273,0.138793715153451,7.4833,"TempWarm_5psu-VAT",0,2,"West","Future E Coast"
"VAT","TempWarm-5psu","mll",0.0545789993883267,2.83555452243515,0.0901408957468414,7.4833,"TempWarm_5psu-VAT",0,2,"West","Future E Coast"
"VIK","TempControl-21psu","full",0.00529093522425913,1.12059428006735,0.0534623957198638,2.4044,"TempControl_21psu-VIK",1,1,"West","Current W Coast"
"VIK","TempControl-21psu","mll",0.00624979451824577,0.803166844691957,0.0388485636807072,2.4044,"TempControl_21psu-VIK",1,1,"West","Current W Coast"
"VIK","TempControl-7psu","full",0.00899849955586203,2.31495201494668,0.0604427054956303,3.1674,"TempControl_7psu-VIK",0.75,1,"West","Current E Coast"
"VIK","TempControl-7psu","mll",0.00937079354091767,2.24669101595342,0.0417944880358398,3.1674,"TempControl_7psu-VIK",0.75,1,"West","Current E Coast"
"VIK","TempWarm-16psu","full",0.0338159972935556,0.306945743344824,0.120379379309693,5.394,"TempWarm_16psu-VIK",1,1,"West","Future W Coast"
"VIK","TempWarm-16psu","mll",0.0422436225169404,0.618669159166709,0.0814095548178281,5.394,"TempWarm_16psu-VIK",1,1,"West","Future W Coast"
"VIK","TempWarm-5psu","full",0.0401457792601161,2.67420816391772,0.127421510466323,6.1427,"TempWarm_5psu-VIK",0,1,"West","Future E Coast"
"VIK","TempWarm-5psu","mll",0.0481495219406945,2.85196850533072,0.0850223786465684,6.1427,"TempWarm_5psu-VIK",0,1,"West","Future E Coast"
