"trt","pop","cc","trt_pop","surv","order","coast","trt_name","method","offset","trt_ord","pop_ord","metric","cf_abs","cg_rel","cg_abs","cf_rel"
"TempControl-21psu","BAR","full","TempControl_21psu-BAR",1,4,"West","Current W Coast","lea",0.00798694155968836,1,4,"surv",0,0,0,0
"TempControl-21psu","BAR","full","TempControl_21psu-BAR",1,4,"West","Current W Coast","rda",2.416487443602,1,4,"surv",0,0,0,0
"TempControl-21psu","BAR","full","TempControl_21psu-BAR",1,4,"West","Current W Coast","gf",0.0757031686195213,1,4,"surv",0,0,0,0
"TempControl-21psu","BAR","full","TempControl_21psu-BAR",1,4,"West","Current W Coast","env",3.2931,1,4,"surv",0,0,0,0
"TempControl-21psu","BAR","mll","TempControl_21psu-BAR",1,4,"West","Current W Coast","lea",0.00871630023878949,1,4,"surv",0,0,0,0
"TempControl-21psu","BAR","mll","TempControl_21psu-BAR",1,4,"West","Current W Coast","rda",1.85015490733416,1,4,"surv",0,0,0,0
"TempControl-21psu","BAR","mll","TempControl_21psu-BAR",1,4,"West","Current W Coast","gf",0.0490786082468778,1,4,"surv",0,0,0,0
"TempControl-21psu","BAR","mll","TempControl_21psu-BAR",1,4,"West","Current W Coast","env",3.2931,1,4,"surv",0,0,0,0
"TempControl-21psu","BJO","full","TempControl_21psu-BJO",1,8,"East","Current W Coast","lea",0.0183023148797625,1,8,"surv",0,0.499999999999999,0.333333333333333,0
"TempControl-21psu","BJO","full","TempControl_21psu-BJO",1,8,"East","Current W Coast","rda",3.93335268489373,1,8,"surv",0,0.499999999999999,0.333333333333333,0
"TempControl-21psu","BJO","full","TempControl_21psu-BJO",1,8,"East","Current W Coast","gf",0.0928084373319246,1,8,"surv",0,0.499999999999999,0.333333333333333,0
"TempControl-21psu","BJO","full","TempControl_21psu-BJO",1,8,"East","Current W Coast","env",4.9783,1,8,"surv",0,0.499999999999999,0.333333333333333,0
"TempControl-21psu","BJO","mll","TempControl_21psu-BJO",1,8,"East","Current W Coast","lea",0.0181832590308294,1,8,"surv",0,0.499999999999999,0.333333333333333,0
"TempControl-21psu","BJO","mll","TempControl_21psu-BJO",1,8,"East","Current W Coast","rda",3.26586181047783,1,8,"surv",0,0.499999999999999,0.333333333333333,0
"TempControl-21psu","BJO","mll","TempControl_21psu-BJO",1,8,"East","Current W Coast","gf",0.0599209950928221,1,8,"surv",0,0.499999999999999,0.333333333333333,0
"TempControl-21psu","BJO","mll","TempControl_21psu-BJO",1,8,"East","Current W Coast","env",4.9783,1,8,"surv",0,0.499999999999999,0.333333333333333,0
"TempControl-21psu","HOG","full","TempControl_21psu-HOG",0.909090909090909,3,"West","Current W Coast","lea",0.00819072364121176,1,3,"surv",0,-0.090909090909091,-0.090909090909091,0
"TempControl-21psu","HOG","full","TempControl_21psu-HOG",0.909090909090909,3,"West","Current W Coast","rda",2.16142300049655,1,3,"surv",0,-0.090909090909091,-0.090909090909091,0
"TempControl-21psu","HOG","full","TempControl_21psu-HOG",0.909090909090909,3,"West","Current W Coast","gf",0.0749036582149313,1,3,"surv",0,-0.090909090909091,-0.090909090909091,0
"TempControl-21psu","HOG","full","TempControl_21psu-HOG",0.909090909090909,3,"West","Current W Coast","env",3.2186,1,3,"surv",0,-0.090909090909091,-0.090909090909091,0
"TempControl-21psu","HOG","mll","TempControl_21psu-HOG",0.909090909090909,3,"West","Current W Coast","lea",0.00911460320275041,1,3,"surv",0,-0.090909090909091,-0.090909090909091,0
"TempControl-21psu","HOG","mll","TempControl_21psu-HOG",0.909090909090909,3,"West","Current W Coast","rda",1.64589774079523,1,3,"surv",0,-0.090909090909091,-0.090909090909091,0
"TempControl-21psu","HOG","mll","TempControl_21psu-HOG",0.909090909090909,3,"West","Current W Coast","gf",0.0483599278168645,1,3,"surv",0,-0.090909090909091,-0.090909090909091,0
"TempControl-21psu","HOG","mll","TempControl_21psu-HOG",0.909090909090909,3,"West","Current W Coast","env",3.2186,1,3,"surv",0,-0.090909090909091,-0.090909090909091,0
"TempControl-21psu","HOR","full","TempControl_21psu-HOR",0.916666666666667,7,"East","Current W Coast","lea",0.0130561837819121,1,7,"surv",0,0.375,0.25,0
"TempControl-21psu","HOR","full","TempControl_21psu-HOR",0.916666666666667,7,"East","Current W Coast","rda",3.91811161457199,1,7,"surv",0,0.375,0.25,0
"TempControl-21psu","HOR","full","TempControl_21psu-HOR",0.916666666666667,7,"East","Current W Coast","gf",0.0822463901090242,1,7,"surv",0,0.375,0.25,0
"TempControl-21psu","HOR","full","TempControl_21psu-HOR",0.916666666666667,7,"East","Current W Coast","env",4.4518,1,7,"surv",0,0.375,0.25,0
"TempControl-21psu","HOR","mll","TempControl_21psu-HOR",0.916666666666667,7,"East","Current W Coast","lea",0.012309100498949,1,7,"surv",0,0.375,0.25,0
"TempControl-21psu","HOR","mll","TempControl_21psu-HOR",0.916666666666667,7,"East","Current W Coast","rda",3.26372171715906,1,7,"surv",0,0.375,0.25,0
"TempControl-21psu","HOR","mll","TempControl_21psu-HOR",0.916666666666667,7,"East","Current W Coast","gf",0.054211245591984,1,7,"surv",0,0.375,0.25,0
"TempControl-21psu","HOR","mll","TempControl_21psu-HOR",0.916666666666667,7,"East","Current W Coast","env",4.4518,1,7,"surv",0,0.375,0.25,0
"TempControl-21psu","KAL","full","TempControl_21psu-KAL",1,6,"East","Current W Coast","lea",0.00994482695244589,1,6,"surv",0.333333333333333,0,0,0.499999999999999
"TempControl-21psu","KAL","full","TempControl_21psu-KAL",1,6,"East","Current W Coast","rda",3.43303523955674,1,6,"surv",0.333333333333333,0,0,0.499999999999999
"TempControl-21psu","KAL","full","TempControl_21psu-KAL",1,6,"East","Current W Coast","gf",0.0775834372250432,1,6,"surv",0.333333333333333,0,0,0.499999999999999
"TempControl-21psu","KAL","full","TempControl_21psu-KAL",1,6,"East","Current W Coast","env",3.9871,1,6,"surv",0.333333333333333,0,0,0.499999999999999
"TempControl-21psu","KAL","mll","TempControl_21psu-KAL",1,6,"East","Current W Coast","lea",0.00888266794960439,1,6,"surv",0.333333333333333,0,0,0.499999999999999
"TempControl-21psu","KAL","mll","TempControl_21psu-KAL",1,6,"East","Current W Coast","rda",2.93478273197384,1,6,"surv",0.333333333333333,0,0,0.499999999999999
"TempControl-21psu","KAL","mll","TempControl_21psu-KAL",1,6,"East","Current W Coast","gf",0.0519939833917116,1,6,"surv",0.333333333333333,0,0,0.499999999999999
"TempControl-21psu","KAL","mll","TempControl_21psu-KAL",1,6,"East","Current W Coast","env",3.9871,1,6,"surv",0.333333333333333,0,0,0.499999999999999
"TempControl-21psu","KUR","full","TempControl_21psu-KUR",1,5,"East","Current W Coast","lea",0.0106292029067329,1,5,"surv",0.666666666666667,0.499999999999999,0.333333333333333,2
"TempControl-21psu","KUR","full","TempControl_21psu-KUR",1,5,"East","Current W Coast","rda",3.24806259688291,1,5,"surv",0.666666666666667,0.499999999999999,0.333333333333333,2
"TempControl-21psu","KUR","full","TempControl_21psu-KUR",1,5,"East","Current W Coast","gf",0.0819319947767753,1,5,"surv",0.666666666666667,0.499999999999999,0.333333333333333,2
"TempControl-21psu","KUR","full","TempControl_21psu-KUR",1,5,"East","Current W Coast","env",3.9378,1,5,"surv",0.666666666666667,0.499999999999999,0.333333333333333,2
"TempControl-21psu","KUR","mll","TempControl_21psu-KUR",1,5,"East","Current W Coast","lea",0.0101466007458098,1,5,"surv",0.666666666666667,0.499999999999999,0.333333333333333,2
"TempControl-21psu","KUR","mll","TempControl_21psu-KUR",1,5,"East","Current W Coast","rda",2.72349363814396,1,5,"surv",0.666666666666667,0.499999999999999,0.333333333333333,2
"TempControl-21psu","KUR","mll","TempControl_21psu-KUR",1,5,"East","Current W Coast","gf",0.0535413706865548,1,5,"surv",0.666666666666667,0.499999999999999,0.333333333333333,2
"TempControl-21psu","KUR","mll","TempControl_21psu-KUR",1,5,"East","Current W Coast","env",3.9378,1,5,"surv",0.666666666666667,0.499999999999999,0.333333333333333,2
"TempControl-21psu","VAT","full","TempControl_21psu-VAT",0.916666666666667,2,"West","Current W Coast","lea",0.00865817083691104,1,1,"surv",0.833333333333334,-0.083333333333333,-0.083333333333333,10
"TempControl-21psu","VAT","full","TempControl_21psu-VAT",0.916666666666667,2,"West","Current W Coast","rda",1.38554045987025,1,1,"surv",0.833333333333334,-0.083333333333333,-0.083333333333333,10
"TempControl-21psu","VAT","full","TempControl_21psu-VAT",0.916666666666667,2,"West","Current W Coast","gf",0.0648669175175783,1,1,"surv",0.833333333333334,-0.083333333333333,-0.083333333333333,10
"TempControl-21psu","VAT","full","TempControl_21psu-VAT",0.916666666666667,2,"West","Current W Coast","env",3.4861,1,1,"surv",0.833333333333334,-0.083333333333333,-0.083333333333333,10
"TempControl-21psu","VAT","mll","TempControl_21psu-VAT",0.916666666666667,2,"West","Current W Coast","lea",0.010110404669256,1,1,"surv",0.833333333333334,-0.083333333333333,-0.083333333333333,10
"TempControl-21psu","VAT","mll","TempControl_21psu-VAT",0.916666666666667,2,"West","Current W Coast","rda",0.814563568338807,1,1,"surv",0.833333333333334,-0.083333333333333,-0.083333333333333,10
"TempControl-21psu","VAT","mll","TempControl_21psu-VAT",0.916666666666667,2,"West","Current W Coast","gf",0.043362328201887,1,1,"surv",0.833333333333334,-0.083333333333333,-0.083333333333333,10
"TempControl-21psu","VAT","mll","TempControl_21psu-VAT",0.916666666666667,2,"West","Current W Coast","env",3.4861,1,1,"surv",0.833333333333334,-0.083333333333333,-0.083333333333333,10
"TempControl-21psu","VIK","full","TempControl_21psu-VIK",1,1,"West","Current W Coast","lea",0.00529093522425913,1,2,"surv",0.25,0.499999999999999,0.333333333333333,0.333333333333333
"TempControl-21psu","VIK","full","TempControl_21psu-VIK",1,1,"West","Current W Coast","rda",1.12059428006735,1,2,"surv",0.25,0.499999999999999,0.333333333333333,0.333333333333333
"TempControl-21psu","VIK","full","TempControl_21psu-VIK",1,1,"West","Current W Coast","gf",0.0534623957198638,1,2,"surv",0.25,0.499999999999999,0.333333333333333,0.333333333333333
"TempControl-21psu","VIK","full","TempControl_21psu-VIK",1,1,"West","Current W Coast","env",2.4044,1,2,"surv",0.25,0.499999999999999,0.333333333333333,0.333333333333333
"TempControl-21psu","VIK","mll","TempControl_21psu-VIK",1,1,"West","Current W Coast","lea",0.00624979451824577,1,2,"surv",0.25,0.499999999999999,0.333333333333333,0.333333333333333
"TempControl-21psu","VIK","mll","TempControl_21psu-VIK",1,1,"West","Current W Coast","rda",0.803166844691957,1,2,"surv",0.25,0.499999999999999,0.333333333333333,0.333333333333333
"TempControl-21psu","VIK","mll","TempControl_21psu-VIK",1,1,"West","Current W Coast","gf",0.0388485636807072,1,2,"surv",0.25,0.499999999999999,0.333333333333333,0.333333333333333
"TempControl-21psu","VIK","mll","TempControl_21psu-VIK",1,1,"West","Current W Coast","env",2.4044,1,2,"surv",0.25,0.499999999999999,0.333333333333333,0.333333333333333
"TempControl-7psu","BAR","full","TempControl_7psu-BAR",0.5,4,"West","Current E Coast","lea",0.00662757668091765,2,4,"surv",-0.5,-0.5,-0.5,-0.5
"TempControl-7psu","BAR","full","TempControl_7psu-BAR",0.5,4,"West","Current E Coast","rda",1.01142729667696,2,4,"surv",-0.5,-0.5,-0.5,-0.5
"TempControl-7psu","BAR","full","TempControl_7psu-BAR",0.5,4,"West","Current E Coast","gf",0.0510150602602953,2,4,"surv",-0.5,-0.5,-0.5,-0.5
"TempControl-7psu","BAR","full","TempControl_7psu-BAR",0.5,4,"West","Current E Coast","env",2.7722,2,4,"surv",-0.5,-0.5,-0.5,-0.5
"TempControl-7psu","BAR","mll","TempControl_7psu-BAR",0.5,4,"West","Current E Coast","lea",0.00734592353575743,2,4,"surv",-0.5,-0.5,-0.5,-0.5
"TempControl-7psu","BAR","mll","TempControl_7psu-BAR",0.5,4,"West","Current E Coast","rda",1.18858416069832,2,4,"surv",-0.5,-0.5,-0.5,-0.5
"TempControl-7psu","BAR","mll","TempControl_7psu-BAR",0.5,4,"West","Current E Coast","gf",0.03646091000673,2,4,"surv",-0.5,-0.5,-0.5,-0.5
"TempControl-7psu","BAR","mll","TempControl_7psu-BAR",0.5,4,"West","Current E Coast","env",2.7722,2,4,"surv",-0.5,-0.5,-0.5,-0.5
"TempControl-7psu","BJO","full","TempControl_7psu-BJO",0.5,8,"East","Current E Coast","lea",0.00860988699958254,2,8,"surv",-0.5,0.500000000000002,0.166666666666667,-0.5
"TempControl-7psu","BJO","full","TempControl_7psu-BJO",0.5,8,"East","Current E Coast","rda",0.524898138495719,2,8,"surv",-0.5,0.500000000000002,0.166666666666667,-0.5
"TempControl-7psu","BJO","full","TempControl_7psu-BJO",0.5,8,"East","Current E Coast","gf",0.0558247223670392,2,8,"surv",-0.5,0.500000000000002,0.166666666666667,-0.5
"TempControl-7psu","BJO","full","TempControl_7psu-BJO",0.5,8,"East","Current E Coast","env",2.7082,2,8,"surv",-0.5,0.500000000000002,0.166666666666667,-0.5
"TempControl-7psu","BJO","mll","TempControl_7psu-BJO",0.5,8,"East","Current E Coast","lea",0.0106037999923931,2,8,"surv",-0.5,0.500000000000002,0.166666666666667,-0.5
"TempControl-7psu","BJO","mll","TempControl_7psu-BJO",0.5,8,"East","Current E Coast","rda",0.345922510862077,2,8,"surv",-0.5,0.500000000000002,0.166666666666667,-0.5
"TempControl-7psu","BJO","mll","TempControl_7psu-BJO",0.5,8,"East","Current E Coast","gf",0.0376171887951399,2,8,"surv",-0.5,0.500000000000002,0.166666666666667,-0.5
"TempControl-7psu","BJO","mll","TempControl_7psu-BJO",0.5,8,"East","Current E Coast","env",2.7082,2,8,"surv",-0.5,0.500000000000002,0.166666666666667,-0.5
"TempControl-7psu","HOG","full","TempControl_7psu-HOG",0.5,3,"West","Current E Coast","lea",0.00766430037064356,2,3,"surv",-0.409090909090909,-0.5,-0.5,-0.45
"TempControl-7psu","HOG","full","TempControl_7psu-HOG",0.5,3,"West","Current E Coast","rda",1.27226445721745,2,3,"surv",-0.409090909090909,-0.5,-0.5,-0.45
"TempControl-7psu","HOG","full","TempControl_7psu-HOG",0.5,3,"West","Current E Coast","gf",0.0510938890253881,2,3,"surv",-0.409090909090909,-0.5,-0.5,-0.45
"TempControl-7psu","HOG","full","TempControl_7psu-HOG",0.5,3,"West","Current E Coast","env",2.8197,2,3,"surv",-0.409090909090909,-0.5,-0.5,-0.45
"TempControl-7psu","HOG","mll","TempControl_7psu-HOG",0.5,3,"West","Current E Coast","lea",0.00853679856324015,2,3,"surv",-0.409090909090909,-0.5,-0.5,-0.45
"TempControl-7psu","HOG","mll","TempControl_7psu-HOG",0.5,3,"West","Current E Coast","rda",1.40036534312938,2,3,"surv",-0.409090909090909,-0.5,-0.5,-0.45
"TempControl-7psu","HOG","mll","TempControl_7psu-HOG",0.5,3,"West","Current E Coast","gf",0.0370764159429167,2,3,"surv",-0.409090909090909,-0.5,-0.5,-0.45
"TempControl-7psu","HOG","mll","TempControl_7psu-HOG",0.5,3,"West","Current E Coast","env",2.8197,2,3,"surv",-0.409090909090909,-0.5,-0.5,-0.45
"TempControl-7psu","HOR","full","TempControl_7psu-HOR",0.5,7,"East","Current E Coast","lea",0.00399932483018119,2,7,"surv",-0.416666666666667,0.500000000000002,0.166666666666667,-0.454545454545455
"TempControl-7psu","HOR","full","TempControl_7psu-HOR",0.5,7,"East","Current E Coast","rda",0.496378346506273,2,7,"surv",-0.416666666666667,0.500000000000002,0.166666666666667,-0.454545454545455
"TempControl-7psu","HOR","full","TempControl_7psu-HOR",0.5,7,"East","Current E Coast","gf",0.042634624078671,2,7,"surv",-0.416666666666667,0.500000000000002,0.166666666666667,-0.454545454545455
"TempControl-7psu","HOR","full","TempControl_7psu-HOR",0.5,7,"East","Current E Coast","env",2.246,2,7,"surv",-0.416666666666667,0.500000000000002,0.166666666666667,-0.454545454545455
"TempControl-7psu","HOR","mll","TempControl_7psu-HOR",0.5,7,"East","Current E Coast","lea",0.00500484470606123,2,7,"surv",-0.416666666666667,0.500000000000002,0.166666666666667,-0.454545454545455
"TempControl-7psu","HOR","mll","TempControl_7psu-HOR",0.5,7,"East","Current E Coast","rda",0.2778420894863,2,7,"surv",-0.416666666666667,0.500000000000002,0.166666666666667,-0.454545454545455
"TempControl-7psu","HOR","mll","TempControl_7psu-HOR",0.5,7,"East","Current E Coast","gf",0.0306280848445055,2,7,"surv",-0.416666666666667,0.500000000000002,0.166666666666667,-0.454545454545455
"TempControl-7psu","HOR","mll","TempControl_7psu-HOR",0.5,7,"East","Current E Coast","env",2.246,2,7,"surv",-0.416666666666667,0.500000000000002,0.166666666666667,-0.454545454545455
"TempControl-7psu","KAL","full","TempControl_7psu-KAL",0.666666666666667,6,"East","Current E Coast","lea",0.00207720689029909,2,6,"surv",0,-0.333333333333333,-0.333333333333333,0
"TempControl-7psu","KAL","full","TempControl_7psu-KAL",0.666666666666667,6,"East","Current E Coast","rda",0.0874772162800667,2,6,"surv",0,-0.333333333333333,-0.333333333333333,0
"TempControl-7psu","KAL","full","TempControl_7psu-KAL",0.666666666666667,6,"East","Current E Coast","gf",0.0336601636251709,2,6,"surv",0,-0.333333333333333,-0.333333333333333,0
"TempControl-7psu","KAL","full","TempControl_7psu-KAL",0.666666666666667,6,"East","Current E Coast","env",1.2321,2,6,"surv",0,-0.333333333333333,-0.333333333333333,0
"TempControl-7psu","KAL","mll","TempControl_7psu-KAL",0.666666666666667,6,"East","Current E Coast","lea",0.00257395160581669,2,6,"surv",0,-0.333333333333333,-0.333333333333333,0
"TempControl-7psu","KAL","mll","TempControl_7psu-KAL",0.666666666666667,6,"East","Current E Coast","rda",0.151778614193923,2,6,"surv",0,-0.333333333333333,-0.333333333333333,0
"TempControl-7psu","KAL","mll","TempControl_7psu-KAL",0.666666666666667,6,"East","Current E Coast","gf",0.0268338847263667,2,6,"surv",0,-0.333333333333333,-0.333333333333333,0
"TempControl-7psu","KAL","mll","TempControl_7psu-KAL",0.666666666666667,6,"East","Current E Coast","env",1.2321,2,6,"surv",0,-0.333333333333333,-0.333333333333333,0
"TempControl-7psu","KUR","full","TempControl_7psu-KUR",0.333333333333333,5,"East","Current E Coast","lea",0.0039312205209114,2,5,"surv",0,0,0,0
"TempControl-7psu","KUR","full","TempControl_7psu-KUR",0.333333333333333,5,"East","Current E Coast","rda",0.194293917747448,2,5,"surv",0,0,0,0
"TempControl-7psu","KUR","full","TempControl_7psu-KUR",0.333333333333333,5,"East","Current E Coast","gf",0.0446089042446935,2,5,"surv",0,0,0,0
"TempControl-7psu","KUR","full","TempControl_7psu-KUR",0.333333333333333,5,"East","Current E Coast","env",1.8042,2,5,"surv",0,0,0,0
"TempControl-7psu","KUR","mll","TempControl_7psu-KUR",0.333333333333333,5,"East","Current E Coast","lea",0.00489546564716927,2,5,"surv",0,0,0,0
"TempControl-7psu","KUR","mll","TempControl_7psu-KUR",0.333333333333333,5,"East","Current E Coast","rda",0.333591858219086,2,5,"surv",0,0,0,0
"TempControl-7psu","KUR","mll","TempControl_7psu-KUR",0.333333333333333,5,"East","Current E Coast","gf",0.0325305541759595,2,5,"surv",0,0,0,0
"TempControl-7psu","KUR","mll","TempControl_7psu-KUR",0.333333333333333,5,"East","Current E Coast","env",1.8042,2,5,"surv",0,0,0,0
"TempControl-7psu","VAT","full","TempControl_7psu-VAT",0.0833333333333333,2,"West","Current E Coast","lea",0.0136677351124229,2,1,"surv",0,-0.916666666666667,-0.916666666666667,0
"TempControl-7psu","VAT","full","TempControl_7psu-VAT",0.0833333333333333,2,"West","Current E Coast","rda",2.03659970493134,2,1,"surv",0,-0.916666666666667,-0.916666666666667,0
"TempControl-7psu","VAT","full","TempControl_7psu-VAT",0.0833333333333333,2,"West","Current E Coast","gf",0.0713196542449804,2,1,"surv",0,-0.916666666666667,-0.916666666666667,0
"TempControl-7psu","VAT","full","TempControl_7psu-VAT",0.0833333333333333,2,"West","Current E Coast","env",4.5587,2,1,"surv",0,-0.916666666666667,-0.916666666666667,0
"TempControl-7psu","VAT","mll","TempControl_7psu-VAT",0.0833333333333333,2,"West","Current E Coast","lea",0.0136808216134053,2,1,"surv",0,-0.916666666666667,-0.916666666666667,0
"TempControl-7psu","VAT","mll","TempControl_7psu-VAT",0.0833333333333333,2,"West","Current E Coast","rda",2.23098962194305,2,1,"surv",0,-0.916666666666667,-0.916666666666667,0
"TempControl-7psu","VAT","mll","TempControl_7psu-VAT",0.0833333333333333,2,"West","Current E Coast","gf",0.048850145099321,2,1,"surv",0,-0.916666666666667,-0.916666666666667,0
"TempControl-7psu","VAT","mll","TempControl_7psu-VAT",0.0833333333333333,2,"West","Current E Coast","env",4.5587,2,1,"surv",0,-0.916666666666667,-0.916666666666667,0
"TempControl-7psu","VIK","full","TempControl_7psu-VIK",0.75,1,"West","Current E Coast","lea",0.00899849955586203,2,2,"surv",0,1.25,0.416666666666667,0
"TempControl-7psu","VIK","full","TempControl_7psu-VIK",0.75,1,"West","Current E Coast","rda",2.31495201494668,2,2,"surv",0,1.25,0.416666666666667,0
"TempControl-7psu","VIK","full","TempControl_7psu-VIK",0.75,1,"West","Current E Coast","gf",0.0604427054956303,2,2,"surv",0,1.25,0.416666666666667,0
"TempControl-7psu","VIK","full","TempControl_7psu-VIK",0.75,1,"West","Current E Coast","env",3.1674,2,2,"surv",0,1.25,0.416666666666667,0
"TempControl-7psu","VIK","mll","TempControl_7psu-VIK",0.75,1,"West","Current E Coast","lea",0.00937079354091767,2,2,"surv",0,1.25,0.416666666666667,0
"TempControl-7psu","VIK","mll","TempControl_7psu-VIK",0.75,1,"West","Current E Coast","rda",2.24669101595342,2,2,"surv",0,1.25,0.416666666666667,0
"TempControl-7psu","VIK","mll","TempControl_7psu-VIK",0.75,1,"West","Current E Coast","gf",0.0417944880358398,2,2,"surv",0,1.25,0.416666666666667,0
"TempControl-7psu","VIK","mll","TempControl_7psu-VIK",0.75,1,"West","Current E Coast","env",3.1674,2,2,"surv",0,1.25,0.416666666666667,0
"TempWarm-16psu","BAR","full","TempWarm_16psu-BAR",0.583333333333333,4,"West","Future W Coast","lea",0.0346272952586907,3,4,"surv",-0.416666666666667,-0.358333333333334,-0.325757575757576,-0.416666666666667
"TempWarm-16psu","BAR","full","TempWarm_16psu-BAR",0.583333333333333,4,"West","Future W Coast","rda",1.47194028052005,3,4,"surv",-0.416666666666667,-0.358333333333334,-0.325757575757576,-0.416666666666667
"TempWarm-16psu","BAR","full","TempWarm_16psu-BAR",0.583333333333333,4,"West","Future W Coast","gf",0.130291719636577,3,4,"surv",-0.416666666666667,-0.358333333333334,-0.325757575757576,-0.416666666666667
"TempWarm-16psu","BAR","full","TempWarm_16psu-BAR",0.583333333333333,4,"West","Future W Coast","env",5.7974,3,4,"surv",-0.416666666666667,-0.358333333333334,-0.325757575757576,-0.416666666666667
"TempWarm-16psu","BAR","mll","TempWarm_16psu-BAR",0.583333333333333,4,"West","Future W Coast","lea",0.0430151243295878,3,4,"surv",-0.416666666666667,-0.358333333333334,-0.325757575757576,-0.416666666666667
"TempWarm-16psu","BAR","mll","TempWarm_16psu-BAR",0.583333333333333,4,"West","Future W Coast","rda",0.870765122925002,3,4,"surv",-0.416666666666667,-0.358333333333334,-0.325757575757576,-0.416666666666667
"TempWarm-16psu","BAR","mll","TempWarm_16psu-BAR",0.583333333333333,4,"West","Future W Coast","gf",0.0849818641213911,3,4,"surv",-0.416666666666667,-0.358333333333334,-0.325757575757576,-0.416666666666667
"TempWarm-16psu","BAR","mll","TempWarm_16psu-BAR",0.583333333333333,4,"West","Future W Coast","env",5.7974,3,4,"surv",-0.416666666666667,-0.358333333333334,-0.325757575757576,-0.416666666666667
"TempWarm-16psu","BJO","full","TempWarm_16psu-BJO",0.416666666666667,8,"East","Future W Coast","lea",0.0489373784267413,3,8,"surv",-0.583333333333333,4.00000000000001,0.333333333333334,-0.583333333333333
"TempWarm-16psu","BJO","full","TempWarm_16psu-BJO",0.416666666666667,8,"East","Future W Coast","rda",2.98306108699892,3,8,"surv",-0.583333333333333,4.00000000000001,0.333333333333334,-0.583333333333333
"TempWarm-16psu","BJO","full","TempWarm_16psu-BJO",0.416666666666667,8,"East","Future W Coast","gf",0.142411432083045,3,8,"surv",-0.583333333333333,4.00000000000001,0.333333333333334,-0.583333333333333
"TempWarm-16psu","BJO","full","TempWarm_16psu-BJO",0.416666666666667,8,"East","Future W Coast","env",6.8452,3,8,"surv",-0.583333333333333,4.00000000000001,0.333333333333334,-0.583333333333333
"TempWarm-16psu","BJO","mll","TempWarm_16psu-BJO",0.416666666666667,8,"East","Future W Coast","lea",0.0581775014038377,3,8,"surv",-0.583333333333333,4.00000000000001,0.333333333333334,-0.583333333333333
"TempWarm-16psu","BJO","mll","TempWarm_16psu-BJO",0.416666666666667,8,"East","Future W Coast","rda",2.19853544993975,3,8,"surv",-0.583333333333333,4.00000000000001,0.333333333333334,-0.583333333333333
"TempWarm-16psu","BJO","mll","TempWarm_16psu-BJO",0.416666666666667,8,"East","Future W Coast","gf",0.0912322032381791,3,8,"surv",-0.583333333333333,4.00000000000001,0.333333333333334,-0.583333333333333
"TempWarm-16psu","BJO","mll","TempWarm_16psu-BJO",0.416666666666667,8,"East","Future W Coast","env",6.8452,3,8,"surv",-0.583333333333333,4.00000000000001,0.333333333333334,-0.583333333333333
"TempWarm-16psu","HOG","full","TempWarm_16psu-HOG",0.666666666666667,3,"West","Future W Coast","lea",0.036427182928542,3,3,"surv",-0.242424242424242,-0.266666666666666,-0.242424242424242,-0.266666666666666
"TempWarm-16psu","HOG","full","TempWarm_16psu-HOG",0.666666666666667,3,"West","Future W Coast","rda",1.22631888167187,3,3,"surv",-0.242424242424242,-0.266666666666666,-0.242424242424242,-0.266666666666666
"TempWarm-16psu","HOG","full","TempWarm_16psu-HOG",0.666666666666667,3,"West","Future W Coast","gf",0.129357790771983,3,3,"surv",-0.242424242424242,-0.266666666666666,-0.242424242424242,-0.266666666666666
"TempWarm-16psu","HOG","full","TempWarm_16psu-HOG",0.666666666666667,3,"West","Future W Coast","env",5.7683,3,3,"surv",-0.242424242424242,-0.266666666666666,-0.242424242424242,-0.266666666666666
"TempWarm-16psu","HOG","mll","TempWarm_16psu-HOG",0.666666666666667,3,"West","Future W Coast","lea",0.0452748544082271,3,3,"surv",-0.242424242424242,-0.266666666666666,-0.242424242424242,-0.266666666666666
"TempWarm-16psu","HOG","mll","TempWarm_16psu-HOG",0.666666666666667,3,"West","Future W Coast","rda",0.730242927373158,3,3,"surv",-0.242424242424242,-0.266666666666666,-0.242424242424242,-0.266666666666666
"TempWarm-16psu","HOG","mll","TempWarm_16psu-HOG",0.666666666666667,3,"West","Future W Coast","gf",0.0848391483017739,3,3,"surv",-0.242424242424242,-0.266666666666666,-0.242424242424242,-0.266666666666666
"TempWarm-16psu","HOG","mll","TempWarm_16psu-HOG",0.666666666666667,3,"West","Future W Coast","env",5.7683,3,3,"surv",-0.242424242424242,-0.266666666666666,-0.242424242424242,-0.266666666666666
"TempWarm-16psu","HOR","full","TempWarm_16psu-HOR",0.666666666666667,7,"East","Future W Coast","lea",0.0365895365187742,3,7,"surv",-0.25,7.00000000000001,0.583333333333334,-0.272727272727273
"TempWarm-16psu","HOR","full","TempWarm_16psu-HOR",0.666666666666667,7,"East","Future W Coast","rda",2.9616460767793,3,7,"surv",-0.25,7.00000000000001,0.583333333333334,-0.272727272727273
"TempWarm-16psu","HOR","full","TempWarm_16psu-HOR",0.666666666666667,7,"East","Future W Coast","gf",0.129374025983507,3,7,"surv",-0.25,7.00000000000001,0.583333333333334,-0.272727272727273
"TempWarm-16psu","HOR","full","TempWarm_16psu-HOR",0.666666666666667,7,"East","Future W Coast","env",6.2752,3,7,"surv",-0.25,7.00000000000001,0.583333333333334,-0.272727272727273
"TempWarm-16psu","HOR","mll","TempWarm_16psu-HOR",0.666666666666667,7,"East","Future W Coast","lea",0.043431764767535,3,7,"surv",-0.25,7.00000000000001,0.583333333333334,-0.272727272727273
"TempWarm-16psu","HOR","mll","TempWarm_16psu-HOR",0.666666666666667,7,"East","Future W Coast","rda",2.17618333976248,3,7,"surv",-0.25,7.00000000000001,0.583333333333334,-0.272727272727273
"TempWarm-16psu","HOR","mll","TempWarm_16psu-HOR",0.666666666666667,7,"East","Future W Coast","gf",0.0840643264739334,3,7,"surv",-0.25,7.00000000000001,0.583333333333334,-0.272727272727273
"TempWarm-16psu","HOR","mll","TempWarm_16psu-HOR",0.666666666666667,7,"East","Future W Coast","env",6.2752,3,7,"surv",-0.25,7.00000000000001,0.583333333333334,-0.272727272727273
"TempWarm-16psu","KAL","full","TempWarm_16psu-KAL",0.75,6,"East","Future W Coast","lea",0.0300286587267551,3,6,"surv",0.083333333333333,-0.175,-0.159090909090909,0.125
"TempWarm-16psu","KAL","full","TempWarm_16psu-KAL",0.75,6,"East","Future W Coast","rda",2.48213744717505,3,6,"surv",0.083333333333333,-0.175,-0.159090909090909,0.125
"TempWarm-16psu","KAL","full","TempWarm_16psu-KAL",0.75,6,"East","Future W Coast","gf",0.120034575652212,3,6,"surv",0.083333333333333,-0.175,-0.159090909090909,0.125
"TempWarm-16psu","KAL","full","TempWarm_16psu-KAL",0.75,6,"East","Future W Coast","env",5.3493,3,6,"surv",0.083333333333333,-0.175,-0.159090909090909,0.125
"TempWarm-16psu","KAL","mll","TempWarm_16psu-KAL",0.75,6,"East","Future W Coast","lea",0.0354382473421728,3,6,"surv",0.083333333333333,-0.175,-0.159090909090909,0.125
"TempWarm-16psu","KAL","mll","TempWarm_16psu-KAL",0.75,6,"East","Future W Coast","rda",1.8564534288442,3,6,"surv",0.083333333333333,-0.175,-0.159090909090909,0.125
"TempWarm-16psu","KAL","mll","TempWarm_16psu-KAL",0.75,6,"East","Future W Coast","gf",0.0802544635043475,3,6,"surv",0.083333333333333,-0.175,-0.159090909090909,0.125
"TempWarm-16psu","KAL","mll","TempWarm_16psu-KAL",0.75,6,"East","Future W Coast","env",5.3493,3,6,"surv",0.083333333333333,-0.175,-0.159090909090909,0.125
"TempWarm-16psu","KUR","full","TempWarm_16psu-KUR",0.416666666666667,5,"East","Future W Coast","lea",0.0352397632450556,3,5,"surv",0.083333333333334,4.00000000000001,0.333333333333334,0.250000000000002
"TempWarm-16psu","KUR","full","TempWarm_16psu-KUR",0.416666666666667,5,"East","Future W Coast","rda",2.29767573760886,3,5,"surv",0.083333333333334,4.00000000000001,0.333333333333334,0.250000000000002
"TempWarm-16psu","KUR","full","TempWarm_16psu-KUR",0.416666666666667,5,"East","Future W Coast","gf",0.130108285986464,3,5,"surv",0.083333333333334,4.00000000000001,0.333333333333334,0.250000000000002
"TempWarm-16psu","KUR","full","TempWarm_16psu-KUR",0.416666666666667,5,"East","Future W Coast","env",5.774,3,5,"surv",0.083333333333334,4.00000000000001,0.333333333333334,0.250000000000002
"TempWarm-16psu","KUR","mll","TempWarm_16psu-KUR",0.416666666666667,5,"East","Future W Coast","lea",0.042274130136084,3,5,"surv",0.083333333333334,4.00000000000001,0.333333333333334,0.250000000000002
"TempWarm-16psu","KUR","mll","TempWarm_16psu-KUR",0.416666666666667,5,"East","Future W Coast","rda",1.65822392265339,3,5,"surv",0.083333333333334,4.00000000000001,0.333333333333334,0.250000000000002
"TempWarm-16psu","KUR","mll","TempWarm_16psu-KUR",0.416666666666667,5,"East","Future W Coast","gf",0.0851243329895743,3,5,"surv",0.083333333333334,4.00000000000001,0.333333333333334,0.250000000000002
"TempWarm-16psu","KUR","mll","TempWarm_16psu-KUR",0.416666666666667,5,"East","Future W Coast","env",5.774,3,5,"surv",0.083333333333334,4.00000000000001,0.333333333333334,0.250000000000002
"TempWarm-16psu","VAT","full","TempWarm_16psu-VAT",0.272727272727273,2,"West","Future W Coast","lea",0.0390429467766799,3,1,"surv",0.18939393939394,-0.7,-0.636363636363636,2.27272727272728
"TempWarm-16psu","VAT","full","TempWarm_16psu-VAT",0.272727272727273,2,"West","Future W Coast","rda",0.451017347977424,3,1,"surv",0.18939393939394,-0.7,-0.636363636363636,2.27272727272728
"TempWarm-16psu","VAT","full","TempWarm_16psu-VAT",0.272727272727273,2,"West","Future W Coast","gf",0.132830775587862,3,1,"surv",0.18939393939394,-0.7,-0.636363636363636,2.27272727272728
"TempWarm-16psu","VAT","full","TempWarm_16psu-VAT",0.272727272727273,2,"West","Future W Coast","env",6.6275,3,1,"surv",0.18939393939394,-0.7,-0.636363636363636,2.27272727272728
"TempWarm-16psu","VAT","mll","TempWarm_16psu-VAT",0.272727272727273,2,"West","Future W Coast","lea",0.048622400893911,3,1,"surv",0.18939393939394,-0.7,-0.636363636363636,2.27272727272728
"TempWarm-16psu","VAT","mll","TempWarm_16psu-VAT",0.272727272727273,2,"West","Future W Coast","rda",0.601423316368426,3,1,"surv",0.18939393939394,-0.7,-0.636363636363636,2.27272727272728
"TempWarm-16psu","VAT","mll","TempWarm_16psu-VAT",0.272727272727273,2,"West","Future W Coast","gf",0.0862955321936636,3,1,"surv",0.18939393939394,-0.7,-0.636363636363636,2.27272727272728
"TempWarm-16psu","VAT","mll","TempWarm_16psu-VAT",0.272727272727273,2,"West","Future W Coast","env",6.6275,3,1,"surv",0.18939393939394,-0.7,-0.636363636363636,2.27272727272728
"TempWarm-16psu","VIK","full","TempWarm_16psu-VIK",1,1,"West","Future W Coast","lea",0.0338159972935556,3,2,"surv",0.25,11,0.916666666666667,0.333333333333333
"TempWarm-16psu","VIK","full","TempWarm_16psu-VIK",1,1,"West","Future W Coast","rda",0.306945743344824,3,2,"surv",0.25,11,0.916666666666667,0.333333333333333
"TempWarm-16psu","VIK","full","TempWarm_16psu-VIK",1,1,"West","Future W Coast","gf",0.120379379309693,3,2,"surv",0.25,11,0.916666666666667,0.333333333333333
"TempWarm-16psu","VIK","full","TempWarm_16psu-VIK",1,1,"West","Future W Coast","env",5.394,3,2,"surv",0.25,11,0.916666666666667,0.333333333333333
"TempWarm-16psu","VIK","mll","TempWarm_16psu-VIK",1,1,"West","Future W Coast","lea",0.0422436225169404,3,2,"surv",0.25,11,0.916666666666667,0.333333333333333
"TempWarm-16psu","VIK","mll","TempWarm_16psu-VIK",1,1,"West","Future W Coast","rda",0.618669159166709,3,2,"surv",0.25,11,0.916666666666667,0.333333333333333
"TempWarm-16psu","VIK","mll","TempWarm_16psu-VIK",1,1,"West","Future W Coast","gf",0.0814095548178281,3,2,"surv",0.25,11,0.916666666666667,0.333333333333333
"TempWarm-16psu","VIK","mll","TempWarm_16psu-VIK",1,1,"West","Future W Coast","env",5.394,3,2,"surv",0.25,11,0.916666666666667,0.333333333333333
"TempWarm-5psu","BAR","full","TempWarm_5psu-BAR",0.0833333333333333,4,"West","Future E Coast","lea",0.0367128182833948,4,4,"surv",-0.916666666666667,-0.909090909090909,-0.833333333333334,-0.916666666666667
"TempWarm-5psu","BAR","full","TempWarm_5psu-BAR",0.0833333333333333,4,"West","Future E Coast","rda",1.37444126188955,4,4,"surv",-0.916666666666667,-0.909090909090909,-0.833333333333334,-0.916666666666667
"TempWarm-5psu","BAR","full","TempWarm_5psu-BAR",0.0833333333333333,4,"West","Future E Coast","gf",0.12517842947807,4,4,"surv",-0.916666666666667,-0.909090909090909,-0.833333333333334,-0.916666666666667
"TempWarm-5psu","BAR","full","TempWarm_5psu-BAR",0.0833333333333333,4,"West","Future E Coast","env",6.0353,4,4,"surv",-0.916666666666667,-0.909090909090909,-0.833333333333334,-0.916666666666667
"TempWarm-5psu","BAR","mll","TempWarm_5psu-BAR",0.0833333333333333,4,"West","Future E Coast","lea",0.045128261543404,4,4,"surv",-0.916666666666667,-0.909090909090909,-0.833333333333334,-0.916666666666667
"TempWarm-5psu","BAR","mll","TempWarm_5psu-BAR",0.0833333333333333,4,"West","Future E Coast","rda",1.80987170781091,4,4,"surv",-0.916666666666667,-0.909090909090909,-0.833333333333334,-0.916666666666667
"TempWarm-5psu","BAR","mll","TempWarm_5psu-BAR",0.0833333333333333,4,"West","Future E Coast","gf",0.0828482138992323,4,4,"surv",-0.916666666666667,-0.909090909090909,-0.833333333333334,-0.916666666666667
"TempWarm-5psu","BAR","mll","TempWarm_5psu-BAR",0.0833333333333333,4,"West","Future E Coast","env",6.0353,4,4,"surv",-0.916666666666667,-0.909090909090909,-0.833333333333334,-0.916666666666667
"TempWarm-5psu","BJO","full","TempWarm_5psu-BJO",0,8,"East","Future E Coast","lea",0.044704486669777,4,8,"surv",-1,-1,-0.75,-1
"TempWarm-5psu","BJO","full","TempWarm_5psu-BJO",0,8,"East","Future E Coast","rda",0.292786962232414,4,8,"surv",-1,-1,-0.75,-1
"TempWarm-5psu","BJO","full","TempWarm_5psu-BJO",0,8,"East","Future E Coast","gf",0.131853848853331,4,8,"surv",-1,-1,-0.75,-1
"TempWarm-5psu","BJO","full","TempWarm_5psu-BJO",0,8,"East","Future E Coast","env",6.2003,4,8,"surv",-1,-1,-0.75,-1
"TempWarm-5psu","BJO","mll","TempWarm_5psu-BJO",0,8,"East","Future E Coast","lea",0.0556021382761411,4,8,"surv",-1,-1,-0.75,-1
"TempWarm-5psu","BJO","mll","TempWarm_5psu-BJO",0,8,"East","Future E Coast","rda",0.619919736780753,4,8,"surv",-1,-1,-0.75,-1
"TempWarm-5psu","BJO","mll","TempWarm_5psu-BJO",0,8,"East","Future E Coast","gf",0.0854047849783409,4,8,"surv",-1,-1,-0.75,-1
"TempWarm-5psu","BJO","mll","TempWarm_5psu-BJO",0,8,"East","Future E Coast","env",6.2003,4,8,"surv",-1,-1,-0.75,-1
"TempWarm-5psu","HOG","full","TempWarm_5psu-HOG",0.0833333333333333,3,"West","Future E Coast","lea",0.0392173680316203,4,3,"surv",-0.825757575757576,-0.909090909090909,-0.833333333333334,-0.908333333333333
"TempWarm-5psu","HOG","full","TempWarm_5psu-HOG",0.0833333333333333,3,"West","Future E Coast","rda",1.63589650016005,4,3,"surv",-0.825757575757576,-0.909090909090909,-0.833333333333334,-0.908333333333333
"TempWarm-5psu","HOG","full","TempWarm_5psu-HOG",0.0833333333333333,3,"West","Future E Coast","gf",0.124558798435792,4,3,"surv",-0.825757575757576,-0.909090909090909,-0.833333333333334,-0.908333333333333
"TempWarm-5psu","HOG","full","TempWarm_5psu-HOG",0.0833333333333333,3,"West","Future E Coast","env",6.0562,4,3,"surv",-0.825757575757576,-0.909090909090909,-0.833333333333334,-0.908333333333333
"TempWarm-5psu","HOG","mll","TempWarm_5psu-HOG",0.0833333333333333,3,"West","Future E Coast","lea",0.0480627625037906,4,3,"surv",-0.825757575757576,-0.909090909090909,-0.833333333333334,-0.908333333333333
"TempWarm-5psu","HOG","mll","TempWarm_5psu-HOG",0.0833333333333333,3,"West","Future E Coast","rda",2.02005161272179,4,3,"surv",-0.825757575757576,-0.909090909090909,-0.833333333333334,-0.908333333333333
"TempWarm-5psu","HOG","mll","TempWarm_5psu-HOG",0.0833333333333333,3,"West","Future E Coast","gf",0.0831672720430263,4,3,"surv",-0.825757575757576,-0.909090909090909,-0.833333333333334,-0.908333333333333
"TempWarm-5psu","HOG","mll","TempWarm_5psu-HOG",0.0833333333333333,3,"West","Future E Coast","env",6.0562,4,3,"surv",-0.825757575757576,-0.909090909090909,-0.833333333333334,-0.908333333333333
"TempWarm-5psu","HOR","full","TempWarm_5psu-HOR",0,7,"East","Future E Coast","lea",0.032825014483351,4,7,"surv",-0.916666666666667,-1,-0.75,-1
"TempWarm-5psu","HOR","full","TempWarm_5psu-HOR",0,7,"East","Future E Coast","rda",0.183184383495568,4,7,"surv",-0.916666666666667,-1,-0.75,-1
"TempWarm-5psu","HOR","full","TempWarm_5psu-HOR",0,7,"East","Future E Coast","gf",0.119382749229989,4,7,"surv",-0.916666666666667,-1,-0.75,-1
"TempWarm-5psu","HOR","full","TempWarm_5psu-HOR",0,7,"East","Future E Coast","env",5.7503,4,7,"surv",-0.916666666666667,-1,-0.75,-1
"TempWarm-5psu","HOR","mll","TempWarm_5psu-HOR",0,7,"East","Future E Coast","lea",0.041036903987833,4,7,"surv",-0.916666666666667,-1,-0.75,-1
"TempWarm-5psu","HOR","mll","TempWarm_5psu-HOR",0,7,"East","Future E Coast","rda",0.514345252928241,4,7,"surv",-0.916666666666667,-1,-0.75,-1
"TempWarm-5psu","HOR","mll","TempWarm_5psu-HOR",0,7,"East","Future E Coast","gf",0.078500530096678,4,7,"surv",-0.916666666666667,-1,-0.75,-1
"TempWarm-5psu","HOR","mll","TempWarm_5psu-HOR",0,7,"East","Future E Coast","env",5.7503,4,7,"surv",-0.916666666666667,-1,-0.75,-1
"TempWarm-5psu","KAL","full","TempWarm_5psu-KAL",0.166666666666667,6,"East","Future E Coast","lea",0.0271953438837387,4,6,"surv",-0.5,-0.818181818181818,-0.75,-0.75
"TempWarm-5psu","KAL","full","TempWarm_5psu-KAL",0.166666666666667,6,"East","Future E Coast","rda",0.398411958368648,4,6,"surv",-0.5,-0.818181818181818,-0.75,-0.75
"TempWarm-5psu","KAL","full","TempWarm_5psu-KAL",0.166666666666667,6,"East","Future E Coast","gf",0.109375031083921,4,6,"surv",-0.5,-0.818181818181818,-0.75,-0.75
"TempWarm-5psu","KAL","full","TempWarm_5psu-KAL",0.166666666666667,6,"East","Future E Coast","env",4.7555,4,6,"surv",-0.5,-0.818181818181818,-0.75,-0.75
"TempWarm-5psu","KAL","mll","TempWarm_5psu-KAL",0.166666666666667,6,"East","Future E Coast","lea",0.0338300459996461,4,6,"surv",-0.5,-0.818181818181818,-0.75,-0.75
"TempWarm-5psu","KAL","mll","TempWarm_5psu-KAL",0.166666666666667,6,"East","Future E Coast","rda",0.7712756896348,4,6,"surv",-0.5,-0.818181818181818,-0.75,-0.75
"TempWarm-5psu","KAL","mll","TempWarm_5psu-KAL",0.166666666666667,6,"East","Future E Coast","gf",0.0744780182986624,4,6,"surv",-0.5,-0.818181818181818,-0.75,-0.75
"TempWarm-5psu","KAL","mll","TempWarm_5psu-KAL",0.166666666666667,6,"East","Future E Coast","env",4.7555,4,6,"surv",-0.5,-0.818181818181818,-0.75,-0.75
"TempWarm-5psu","KUR","full","TempWarm_5psu-KUR",0,5,"East","Future E Coast","lea",0.0333844248962364,4,5,"surv",-0.333333333333333,-1,-0.75,-1
"TempWarm-5psu","KUR","full","TempWarm_5psu-KUR",0,5,"East","Future E Coast","rda",0.563963827870758,4,5,"surv",-0.333333333333333,-1,-0.75,-1
"TempWarm-5psu","KUR","full","TempWarm_5psu-KUR",0,5,"East","Future E Coast","gf",0.120819888114614,4,5,"surv",-0.333333333333333,-1,-0.75,-1
"TempWarm-5psu","KUR","full","TempWarm_5psu-KUR",0,5,"East","Future E Coast","env",5.3861,4,5,"surv",-0.333333333333333,-1,-0.75,-1
"TempWarm-5psu","KUR","mll","TempWarm_5psu-KUR",0,5,"East","Future E Coast","lea",0.0415566924012771,4,5,"surv",-0.333333333333333,-1,-0.75,-1
"TempWarm-5psu","KUR","mll","TempWarm_5psu-KUR",0,5,"East","Future E Coast","rda",0.972385585758758,4,5,"surv",-0.333333333333333,-1,-0.75,-1
"TempWarm-5psu","KUR","mll","TempWarm_5psu-KUR",0,5,"East","Future E Coast","gf",0.0804330321585454,4,5,"surv",-0.333333333333333,-1,-0.75,-1
"TempWarm-5psu","KUR","mll","TempWarm_5psu-KUR",0,5,"East","Future E Coast","env",5.3861,4,5,"surv",-0.333333333333333,-1,-0.75,-1
"TempWarm-5psu","VAT","full","TempWarm_5psu-VAT",0,2,"West","Future E Coast","lea",0.0460723733885967,4,1,"surv",-0.0833333333333333,-1,-0.916666666666667,-1
"TempWarm-5psu","VAT","full","TempWarm_5psu-VAT",0,2,"West","Future E Coast","rda",2.3914681384273,4,1,"surv",-0.0833333333333333,-1,-0.916666666666667,-1
"TempWarm-5psu","VAT","full","TempWarm_5psu-VAT",0,2,"West","Future E Coast","gf",0.138793715153451,4,1,"surv",-0.0833333333333333,-1,-0.916666666666667,-1
"TempWarm-5psu","VAT","full","TempWarm_5psu-VAT",0,2,"West","Future E Coast","env",7.4833,4,1,"surv",-0.0833333333333333,-1,-0.916666666666667,-1
"TempWarm-5psu","VAT","mll","TempWarm_5psu-VAT",0,2,"West","Future E Coast","lea",0.0545789993883267,4,1,"surv",-0.0833333333333333,-1,-0.916666666666667,-1
"TempWarm-5psu","VAT","mll","TempWarm_5psu-VAT",0,2,"West","Future E Coast","rda",2.83555452243515,4,1,"surv",-0.0833333333333333,-1,-0.916666666666667,-1
"TempWarm-5psu","VAT","mll","TempWarm_5psu-VAT",0,2,"West","Future E Coast","gf",0.0901408957468414,4,1,"surv",-0.0833333333333333,-1,-0.916666666666667,-1
"TempWarm-5psu","VAT","mll","TempWarm_5psu-VAT",0,2,"West","Future E Coast","env",7.4833,4,1,"surv",-0.0833333333333333,-1,-0.916666666666667,-1
"TempWarm-5psu","VIK","full","TempWarm_5psu-VIK",0,1,"West","Future E Coast","lea",0.0401457792601161,4,2,"surv",-0.75,-1,-0.75,-1
"TempWarm-5psu","VIK","full","TempWarm_5psu-VIK",0,1,"West","Future E Coast","rda",2.67420816391772,4,2,"surv",-0.75,-1,-0.75,-1
"TempWarm-5psu","VIK","full","TempWarm_5psu-VIK",0,1,"West","Future E Coast","gf",0.127421510466323,4,2,"surv",-0.75,-1,-0.75,-1
"TempWarm-5psu","VIK","full","TempWarm_5psu-VIK",0,1,"West","Future E Coast","env",6.1427,4,2,"surv",-0.75,-1,-0.75,-1
"TempWarm-5psu","VIK","mll","TempWarm_5psu-VIK",0,1,"West","Future E Coast","lea",0.0481495219406945,4,2,"surv",-0.75,-1,-0.75,-1
"TempWarm-5psu","VIK","mll","TempWarm_5psu-VIK",0,1,"West","Future E Coast","rda",2.85196850533072,4,2,"surv",-0.75,-1,-0.75,-1
"TempWarm-5psu","VIK","mll","TempWarm_5psu-VIK",0,1,"West","Future E Coast","gf",0.0850223786465684,4,2,"surv",-0.75,-1,-0.75,-1
"TempWarm-5psu","VIK","mll","TempWarm_5psu-VIK",0,1,"West","Future E Coast","env",6.1427,4,2,"surv",-0.75,-1,-0.75,-1
