"","pcnm_keep_full","temp_scaled","max_temp_scaled","sal_scaled","min_sal_scaled"
"1",-0.0311614274227795,-0.225823264199096,0.251087555773246,-0.620947143365475,-0.292287566473704
"2",-0.0311614274227795,-0.225823264199096,0.251087555773246,-0.620947143365475,-0.292287566473704
"3",-0.0311614274227794,-0.225823264199096,0.251087555773246,-0.620947143365475,-0.292287566473704
"4",-0.0311614274227794,-0.225823264199096,0.251087555773246,-0.620947143365475,-0.292287566473704
"5",-0.0311614274227794,-0.225823264199096,0.251087555773246,-0.620947143365475,-0.292287566473704
"6",-0.0311614274227794,-0.225823264199096,0.251087555773246,-0.620947143365475,-0.292287566473704
"7",-0.0311614274227794,-0.225823264199096,0.251087555773246,-0.620947143365475,-0.292287566473704
"8",-0.0311614274227794,-0.225823264199096,0.251087555773246,-0.620947143365475,-0.292287566473704
"9",-0.0311614274227794,-0.225823264199096,0.251087555773246,-0.620947143365475,-0.292287566473704
"10",-0.0311614274227794,-0.225823264199096,0.251087555773246,-0.620947143365475,-0.292287566473704
"11",-0.0311614274227794,-0.225823264199096,0.251087555773246,-0.620947143365475,-0.292287566473704
"12",-0.0311614274227794,-0.225823264199096,0.251087555773246,-0.620947143365475,-0.292287566473704
"13",-0.0311614274227794,-0.225823264199096,0.251087555773246,-0.620947143365475,-0.292287566473704
"14",-0.0311614274227794,-0.225823264199096,0.251087555773246,-0.620947143365475,-0.292287566473704
"15",-0.0311614274227794,-0.225823264199096,0.251087555773246,-0.620947143365475,-0.292287566473704
"16",-0.0311614274227794,-0.225823264199096,0.251087555773246,-0.620947143365475,-0.292287566473704
"17",-0.0311614274227794,-0.225823264199096,0.251087555773246,-0.620947143365475,-0.292287566473704
"18",-0.0311614274227794,-0.225823264199096,0.251087555773246,-0.620947143365475,-0.292287566473704
"19",-0.0311544742096131,0.262291617423795,-0.782977170961543,0.891932244437456,0.0844386303146258
"20",-0.0311544742096131,0.262291617423795,-0.782977170961543,0.891932244437456,0.0844386303146258
"21",-0.0311544742096131,0.262291617423795,-0.782977170961543,0.891932244437456,0.0844386303146258
"22",-0.0311544742096131,0.262291617423795,-0.782977170961543,0.891932244437456,0.0844386303146258
"23",-0.0311544742096131,0.262291617423795,-0.782977170961543,0.891932244437456,0.0844386303146258
"24",-0.0311544742096131,0.262291617423795,-0.782977170961543,0.891932244437456,0.0844386303146258
"25",-0.0311544742096131,0.262291617423795,-0.782977170961543,0.891932244437456,0.0844386303146258
"26",-0.0311544742096131,0.262291617423795,-0.782977170961543,0.891932244437456,0.0844386303146258
"27",-0.0311544742096131,0.262291617423795,-0.782977170961543,0.891932244437456,0.0844386303146258
"28",-0.0311544742096131,0.262291617423795,-0.782977170961543,0.891932244437456,0.0844386303146258
"29",-0.0311544742096131,0.262291617423795,-0.782977170961543,0.891932244437456,0.0844386303146258
"30",-0.0311544742096131,0.262291617423795,-0.782977170961543,0.891932244437456,0.0844386303146258
"31",-0.0311544742096131,0.262291617423795,-0.782977170961543,0.891932244437456,0.0844386303146258
"32",-0.0311544742096131,0.262291617423795,-0.782977170961543,0.891932244437456,0.0844386303146258
"33",-0.0311544742096131,0.262291617423795,-0.782977170961543,0.891932244437456,0.0844386303146258
"34",-0.0311544742096131,0.262291617423795,-0.782977170961543,0.891932244437456,0.0844386303146258
"35",-0.0311544742096131,0.262291617423795,-0.782977170961543,0.891932244437456,0.0844386303146258
"36",-0.0311544742096131,0.262291617423795,-0.782977170961543,0.891932244437456,0.0844386303146258
"37",-0.0311605640874708,0.262291617423795,0.251087555773246,-0.620947143365475,-0.292287566473704
"38",-0.0311605640874708,0.262291617423795,0.251087555773246,-0.620947143365475,-0.292287566473704
"39",-0.0311605640874708,0.262291617423795,0.251087555773246,-0.620947143365475,-0.292287566473704
"40",-0.0311605640874708,0.262291617423795,0.251087555773246,-0.620947143365475,-0.292287566473704
"41",-0.0311605640874708,0.262291617423795,0.251087555773246,-0.620947143365475,-0.292287566473704
"42",-0.0311605640874708,0.262291617423795,0.251087555773246,-0.620947143365475,-0.292287566473704
"43",-0.0311605640874708,0.262291617423795,0.251087555773246,-0.620947143365475,-0.292287566473704
"44",-0.0311605640874708,0.262291617423795,0.251087555773246,-0.620947143365475,-0.292287566473704
"45",-0.0311605640874708,0.262291617423795,0.251087555773246,-0.620947143365475,-0.292287566473704
"46",-0.0311605640874708,0.262291617423795,0.251087555773246,-0.620947143365475,-0.292287566473704
"47",-0.0311605640874708,0.262291617423795,0.251087555773246,-0.620947143365475,-0.292287566473704
"48",-0.0311605640874708,0.262291617423795,0.251087555773246,-0.620947143365475,-0.292287566473704
"49",-0.0311605640874708,0.262291617423795,0.251087555773246,-0.620947143365475,-0.292287566473704
"50",-0.0311605640874708,0.262291617423795,0.251087555773246,-0.620947143365475,-0.292287566473704
"51",-0.0311605640874708,0.262291617423795,0.251087555773246,-0.620947143365475,-0.292287566473704
"52",-0.0311605640874708,0.262291617423795,0.251087555773246,-0.620947143365475,-0.292287566473704
"53",-0.0311605640874708,0.262291617423795,0.251087555773246,-0.620947143365475,-0.292287566473704
"54",-0.0311605640874708,0.262291617423795,0.251087555773246,-0.620947143365475,-0.292287566473704
"55",-0.0311605640874708,0.262291617423795,0.251087555773246,-0.620947143365475,-0.292287566473704
"56",0.0571237552272664,0.262291617423795,-0.782977170961543,0.891932244437456,0.0844386303146258
"57",0.0571237552272664,0.262291617423795,-0.782977170961543,0.891932244437456,0.0844386303146258
"58",0.0571237552272664,0.262291617423795,-0.782977170961543,0.891932244437456,0.0844386303146258
"59",0.0571237552272664,0.262291617423795,-0.782977170961543,0.891932244437456,0.0844386303146258
"60",0.0571237552272664,0.262291617423795,-0.782977170961543,0.891932244437456,0.0844386303146258
"61",0.0571237552272664,0.262291617423795,-0.782977170961543,0.891932244437456,0.0844386303146258
"62",0.0571237552272664,0.262291617423795,-0.782977170961543,0.891932244437456,0.0844386303146258
"63",0.0571237552272664,0.262291617423795,-0.782977170961543,0.891932244437456,0.0844386303146258
"64",0.0571237552272664,0.262291617423795,-0.782977170961543,0.891932244437456,0.0844386303146258
"65",0.0571237552272664,0.262291617423795,-0.782977170961543,0.891932244437456,0.0844386303146258
"66",0.0571237552272664,0.262291617423795,-0.782977170961543,0.891932244437456,0.0844386303146258
"67",0.0571237552272664,0.262291617423795,-0.782977170961543,0.891932244437456,0.0844386303146258
"68",0.0571237552272664,0.262291617423795,-0.782977170961543,0.891932244437456,0.0844386303146258
"69",0.0571237552272664,0.262291617423795,-0.782977170961543,0.891932244437456,0.0844386303146258
"70",0.0571237552272664,0.262291617423795,-0.782977170961543,0.891932244437456,0.0844386303146258
"71",0.0571237552272664,0.262291617423795,-0.782977170961543,0.891932244437456,0.0844386303146258
"72",0.0571237552272664,0.262291617423795,-0.782977170961543,0.891932244437456,0.0844386303146258
"73",0.0571237552272664,0.262291617423795,-0.782977170961543,0.891932244437456,0.0844386303146258
"74",0.0571237552272664,0.262291617423795,-0.782977170961543,0.891932244437456,0.0844386303146258
"75",0.0571237552272664,0.262291617423795,-0.782977170961543,0.891932244437456,0.0844386303146258
"76",-0.0311623996903827,-0.713938145821987,0.251087555773246,-0.620947143365475,-0.292287566473704
"77",-0.0311623996903827,-0.713938145821987,0.251087555773246,-0.620947143365475,-0.292287566473704
"78",-0.0311623996903827,-0.713938145821987,0.251087555773246,-0.620947143365475,-0.292287566473704
"79",-0.0311623996903827,-0.713938145821987,0.251087555773246,-0.620947143365475,-0.292287566473704
"80",-0.0311623996903827,-0.713938145821987,0.251087555773246,-0.620947143365475,-0.292287566473704
"81",-0.0311623996903827,-0.713938145821987,0.251087555773246,-0.620947143365475,-0.292287566473704
"82",-0.0311623996903827,-0.713938145821987,0.251087555773246,-0.620947143365475,-0.292287566473704
"83",-0.0311623996903827,-0.713938145821987,0.251087555773246,-0.620947143365475,-0.292287566473704
"84",-0.0311623996903827,-0.713938145821987,0.251087555773246,-0.620947143365475,-0.292287566473704
"85",0.0187177867599016,-0.225823264199096,-1.81704189769633,-0.957142562877238,-1.04573996005036
"86",0.0187177867599016,-0.225823264199096,-1.81704189769633,-0.957142562877238,-1.04573996005036
"87",0.0187177867599016,-0.225823264199096,-1.81704189769633,-0.957142562877238,-1.04573996005036
"88",0.0187177867599016,-0.225823264199096,-1.81704189769633,-0.957142562877238,-1.04573996005036
"89",0.0187177867599016,-0.225823264199096,-1.81704189769633,-0.957142562877238,-1.04573996005036
"90",0.0187177867599016,-0.225823264199096,-1.81704189769633,-0.957142562877238,-1.04573996005036
"91",0.0187177867599016,-0.225823264199096,-1.81704189769633,-0.957142562877238,-1.04573996005036
"92",0.0187177867599016,-0.225823264199096,-1.81704189769633,-0.957142562877238,-1.04573996005036
"93",0.0187177867599016,-0.225823264199096,-1.81704189769633,-0.957142562877238,-1.04573996005036
"94",0.0187177867599016,-0.225823264199096,-1.81704189769633,-0.957142562877238,-1.04573996005036
"95",0.0187177867599016,-0.225823264199096,-1.81704189769633,-0.957142562877238,-1.04573996005036
"96",0.0187177867599016,-0.225823264199096,-1.81704189769633,-0.957142562877238,-1.04573996005036
"97",0.0187177867599016,-0.225823264199096,-1.81704189769633,-0.957142562877238,-1.04573996005036
"98",0.0187177867599016,-0.225823264199096,-1.81704189769633,-0.957142562877238,-1.04573996005036
"99",0.0187177867599016,-0.225823264199096,-1.81704189769633,-0.957142562877238,-1.04573996005036
"100",0.0187177867599016,-0.225823264199096,-1.81704189769633,-0.957142562877238,-1.04573996005036
"101",0.0187177867599016,-0.225823264199096,-1.81704189769633,-0.957142562877238,-1.04573996005036
"102",0.0187177867599016,-0.225823264199096,-1.81704189769633,-0.957142562877238,-1.04573996005036
"103",0.0187177867599016,-0.225823264199096,-1.81704189769633,-0.957142562877238,-1.04573996005036
"104",-0.0311614134490313,-2.17828279069066,0.251087555773246,-0.620947143365475,-0.292287566473704
"105",-0.0311614134490313,-2.17828279069066,0.251087555773246,-0.620947143365475,-0.292287566473704
"106",-0.0311614134490313,-2.17828279069066,0.251087555773246,-0.620947143365475,-0.292287566473704
"107",-0.0311614134490313,-2.17828279069066,0.251087555773246,-0.620947143365475,-0.292287566473704
"108",-0.0311614134490313,-2.17828279069066,0.251087555773246,-0.620947143365475,-0.292287566473704
"109",-0.0311614134490313,-2.17828279069066,0.251087555773246,-0.620947143365475,-0.292287566473704
"110",-0.0311614134490313,-2.17828279069066,0.251087555773246,-0.620947143365475,-0.292287566473704
"111",-0.0311614134490313,-2.17828279069066,0.251087555773246,-0.620947143365475,-0.292287566473704
"112",-0.0311614134490313,-2.17828279069066,0.251087555773246,-0.620947143365475,-0.292287566473704
"113",-0.0311614134490313,-2.17828279069066,0.251087555773246,-0.620947143365475,-0.292287566473704
"114",-0.0311614134490313,-2.17828279069066,0.251087555773246,-0.620947143365475,-0.292287566473704
"115",-0.0311614134490313,-2.17828279069066,0.251087555773246,-0.620947143365475,-0.292287566473704
"116",-0.0311614134490313,-2.17828279069066,0.251087555773246,-0.620947143365475,-0.292287566473704
"117",-0.0311614134490313,-2.17828279069066,0.251087555773246,-0.620947143365475,-0.292287566473704
"118",-0.0311614134490313,-2.17828279069066,0.251087555773246,-0.620947143365475,-0.292287566473704
"119",-0.0311614134490313,-2.17828279069066,0.251087555773246,-0.620947143365475,-0.292287566473704
"120",-0.0311614134490313,-2.17828279069066,0.251087555773246,-0.620947143365475,-0.292287566473704
"121",-0.0311614134490313,-2.17828279069066,0.251087555773246,-0.620947143365475,-0.292287566473704
"122",-0.0311614134490313,-2.17828279069066,0.251087555773246,-0.620947143365475,-0.292287566473704
"123",-0.0311614134490313,-2.17828279069066,0.251087555773246,-0.620947143365475,-0.292287566473704
"124",-0.0311535836566245,0.750406499046686,2.31921700924282,-0.620947143365475,-0.292287566473704
"125",-0.0311535836566245,0.750406499046686,2.31921700924282,-0.620947143365475,-0.292287566473704
"126",-0.0311535836566245,0.750406499046686,2.31921700924282,-0.620947143365475,-0.292287566473704
"127",-0.0311535836566245,0.750406499046686,2.31921700924282,-0.620947143365475,-0.292287566473704
"128",-0.0311535836566245,0.750406499046686,2.31921700924282,-0.620947143365475,-0.292287566473704
"129",-0.0311535836566245,0.750406499046686,2.31921700924282,-0.620947143365475,-0.292287566473704
"130",-0.0311535836566245,0.750406499046686,2.31921700924282,-0.620947143365475,-0.292287566473704
"131",-0.0311535836566245,0.750406499046686,2.31921700924282,-0.620947143365475,-0.292287566473704
"132",-0.0311535836566245,0.750406499046686,2.31921700924282,-0.620947143365475,-0.292287566473704
"133",-0.0311535836566245,0.750406499046686,2.31921700924282,-0.620947143365475,-0.292287566473704
"134",-0.0311535836566245,0.750406499046686,2.31921700924282,-0.620947143365475,-0.292287566473704
"135",-0.0311535836566245,0.750406499046686,2.31921700924282,-0.620947143365475,-0.292287566473704
"136",-0.0311535836566245,0.750406499046686,2.31921700924282,-0.620947143365475,-0.292287566473704
"137",-0.0311535836566245,0.750406499046686,2.31921700924282,-0.620947143365475,-0.292287566473704
"138",-0.0311535836566245,0.750406499046686,2.31921700924282,-0.620947143365475,-0.292287566473704
"139",-0.0311535836566245,0.750406499046686,2.31921700924282,-0.620947143365475,-0.292287566473704
"140",-0.0311535836566245,0.750406499046686,2.31921700924282,-0.620947143365475,-0.292287566473704
"141",-0.0311535836566245,0.750406499046686,2.31921700924282,-0.620947143365475,-0.292287566473704
"142",-0.0311535836566245,0.750406499046686,2.31921700924282,-0.620947143365475,-0.292287566473704
"143",-0.0311604690812837,-2.17828279069066,0.251087555773246,-0.620947143365475,-0.292287566473704
"144",-0.0311604690812837,-2.17828279069066,0.251087555773246,-0.620947143365475,-0.292287566473704
"145",-0.0311604690812837,-2.17828279069066,0.251087555773246,-0.620947143365475,-0.292287566473704
"146",-0.0311604690812837,-2.17828279069066,0.251087555773246,-0.620947143365475,-0.292287566473704
"147",-0.0311604690812837,-2.17828279069066,0.251087555773246,-0.620947143365475,-0.292287566473704
"148",-0.0311604690812837,-2.17828279069066,0.251087555773246,-0.620947143365475,-0.292287566473704
"149",-0.0311604690812837,-2.17828279069066,0.251087555773246,-0.620947143365475,-0.292287566473704
"150",-0.0311604690812837,-2.17828279069066,0.251087555773246,-0.620947143365475,-0.292287566473704
"151",-0.0311604690812837,-2.17828279069066,0.251087555773246,-0.620947143365475,-0.292287566473704
"152",-0.0311604690812837,-2.17828279069066,0.251087555773246,-0.620947143365475,-0.292287566473704
"153",-0.0311604690812837,-2.17828279069066,0.251087555773246,-0.620947143365475,-0.292287566473704
"154",-0.0311604690812837,-2.17828279069066,0.251087555773246,-0.620947143365475,-0.292287566473704
"155",-0.0311604690812837,-2.17828279069066,0.251087555773246,-0.620947143365475,-0.292287566473704
"156",-0.0311604690812837,-2.17828279069066,0.251087555773246,-0.620947143365475,-0.292287566473704
"157",-0.0311604690812837,-2.17828279069066,0.251087555773246,-0.620947143365475,-0.292287566473704
"158",-0.0311604690812837,-2.17828279069066,0.251087555773246,-0.620947143365475,-0.292287566473704
"159",-0.0311604690812837,-2.17828279069066,0.251087555773246,-0.620947143365475,-0.292287566473704
"160",-0.0311604690812837,-2.17828279069066,0.251087555773246,-0.620947143365475,-0.292287566473704
"161",-0.0311604690812837,-2.17828279069066,0.251087555773246,-0.620947143365475,-0.292287566473704
"162",-0.0311604690812837,-2.17828279069066,0.251087555773246,-0.620947143365475,-0.292287566473704
"163",0.0185601305508607,-0.713938145821987,-0.782977170961543,-0.620947143365475,-0.292287566473704
"164",0.0185601305508607,-0.713938145821987,-0.782977170961543,-0.620947143365475,-0.292287566473704
"165",0.0185601305508607,-0.713938145821987,-0.782977170961543,-0.620947143365475,-0.292287566473704
"166",0.0185601305508607,-0.713938145821987,-0.782977170961543,-0.620947143365475,-0.292287566473704
"167",0.0185601305508607,-0.713938145821987,-0.782977170961543,-0.620947143365475,-0.292287566473704
"168",0.0185601305508607,-0.713938145821987,-0.782977170961543,-0.620947143365475,-0.292287566473704
"169",0.0185601305508607,-0.713938145821987,-0.782977170961543,-0.620947143365475,-0.292287566473704
"170",0.0185601305508607,-0.713938145821987,-0.782977170961543,-0.620947143365475,-0.292287566473704
"171",0.0185601305508607,-0.713938145821987,-0.782977170961543,-0.620947143365475,-0.292287566473704
"172",0.0185601305508607,-0.713938145821987,-0.782977170961543,-0.620947143365475,-0.292287566473704
"173",0.0185601305508607,-0.713938145821987,-0.782977170961543,-0.620947143365475,-0.292287566473704
"174",0.0185601305508607,-0.713938145821987,-0.782977170961543,-0.620947143365475,-0.292287566473704
"175",0.0185601305508607,-0.713938145821987,-0.782977170961543,-0.620947143365475,-0.292287566473704
"176",0.0185601305508607,-0.713938145821987,-0.782977170961543,-0.620947143365475,-0.292287566473704
"177",0.0185601305508607,-0.713938145821987,-0.782977170961543,-0.620947143365475,-0.292287566473704
"178",0.0185601305508607,-0.713938145821987,-0.782977170961543,-0.620947143365475,-0.292287566473704
"179",0.0185601305508607,-0.713938145821987,-0.782977170961543,-0.620947143365475,-0.292287566473704
"180",0.018797623538472,1.23852138066958,0.251087555773246,-0.789044853121356,-0.669013763262034
"181",0.018797623538472,1.23852138066958,0.251087555773246,-0.789044853121356,-0.669013763262034
"182",0.018797623538472,1.23852138066958,0.251087555773246,-0.789044853121356,-0.669013763262034
"183",0.018797623538472,1.23852138066958,0.251087555773246,-0.789044853121356,-0.669013763262034
"184",0.018797623538472,1.23852138066958,0.251087555773246,-0.789044853121356,-0.669013763262034
"185",0.018797623538472,1.23852138066958,0.251087555773246,-0.789044853121356,-0.669013763262034
"186",0.018797623538472,1.23852138066958,0.251087555773246,-0.789044853121356,-0.669013763262034
"187",0.018797623538472,1.23852138066958,0.251087555773246,-0.789044853121356,-0.669013763262034
"188",0.018797623538472,1.23852138066958,0.251087555773246,-0.789044853121356,-0.669013763262034
"189",0.018797623538472,1.23852138066958,0.251087555773246,-0.789044853121356,-0.669013763262034
"190",0.018797623538472,1.23852138066958,0.251087555773246,-0.789044853121356,-0.669013763262034
"191",0.018797623538472,1.23852138066958,0.251087555773246,-0.789044853121356,-0.669013763262034
"192",0.018797623538472,1.23852138066958,0.251087555773246,-0.789044853121356,-0.669013763262034
"193",0.018797623538472,1.23852138066958,0.251087555773246,-0.789044853121356,-0.669013763262034
"194",0.018797623538472,1.23852138066958,0.251087555773246,-0.789044853121356,-0.669013763262034
"195",0.018797623538472,1.23852138066958,0.251087555773246,-0.789044853121356,-0.669013763262034
"196",0.018797623538472,1.23852138066958,0.251087555773246,-0.789044853121356,-0.669013763262034
"197",0.018797623538472,1.23852138066958,0.251087555773246,-0.789044853121356,-0.669013763262034
"198",0.018797623538472,1.23852138066958,0.251087555773246,-0.789044853121356,-0.669013763262034
"199",0.018797623538472,1.23852138066958,0.251087555773246,-0.789044853121356,-0.669013763262034
"200",-0.0311401410823317,0.262291617423795,-0.782977170961543,1.90051850297274,0.837891023891286
"201",-0.0311401410823317,0.262291617423795,-0.782977170961543,1.90051850297274,0.837891023891286
"202",-0.0311401410823317,0.262291617423795,-0.782977170961543,1.90051850297274,0.837891023891286
"203",-0.0311401410823317,0.262291617423795,-0.782977170961543,1.90051850297274,0.837891023891286
"204",-0.0311401410823317,0.262291617423795,-0.782977170961543,1.90051850297274,0.837891023891286
"205",-0.0311401410823317,0.262291617423795,-0.782977170961543,1.90051850297274,0.837891023891286
"206",-0.0311401410823317,0.262291617423795,-0.782977170961543,1.90051850297274,0.837891023891286
"207",-0.0311401410823317,0.262291617423795,-0.782977170961543,1.90051850297274,0.837891023891286
"208",-0.0311401410823317,0.262291617423795,-0.782977170961543,1.90051850297274,0.837891023891286
"209",-0.0311401410823317,0.262291617423795,-0.782977170961543,1.90051850297274,0.837891023891286
"210",-0.0311401410823317,0.262291617423795,-0.782977170961543,1.90051850297274,0.837891023891286
"211",-0.0311401410823317,0.262291617423795,-0.782977170961543,1.90051850297274,0.837891023891286
"212",-0.0311401410823317,0.262291617423795,-0.782977170961543,1.90051850297274,0.837891023891286
"213",-0.0311401410823317,0.262291617423795,-0.782977170961543,1.90051850297274,0.837891023891286
"214",-0.0311401410823317,0.262291617423795,-0.782977170961543,1.90051850297274,0.837891023891286
"215",-0.0311401410823317,0.262291617423795,-0.782977170961543,1.90051850297274,0.837891023891286
"216",-0.0311401410823317,0.262291617423795,-0.782977170961543,1.90051850297274,0.837891023891286
"217",-0.0311401410823317,0.262291617423795,-0.782977170961543,1.90051850297274,0.837891023891286
"218",-0.0311401410823317,0.262291617423795,-0.782977170961543,1.90051850297274,0.837891023891286
"219",-0.0311401410823317,0.262291617423795,-0.782977170961543,1.90051850297274,0.837891023891286
"220",0.0571234321762995,0.262291617423795,0.251087555773246,1.3962253737051,1.21461722067962
"221",0.0571234321762995,0.262291617423795,0.251087555773246,1.3962253737051,1.21461722067962
"222",0.0571234321762995,0.262291617423795,0.251087555773246,1.3962253737051,1.21461722067962
"223",0.0571234321762995,0.262291617423795,0.251087555773246,1.3962253737051,1.21461722067962
"224",0.0571235788139588,1.23852138066958,-0.782977170961543,0.387639115169812,0.837891023891286
"225",0.0571235788139588,1.23852138066958,-0.782977170961543,0.387639115169812,0.837891023891286
"226",0.0571235788139588,1.23852138066958,-0.782977170961543,0.387639115169812,0.837891023891286
"227",0.0571235788139588,1.23852138066958,-0.782977170961543,0.387639115169812,0.837891023891286
"228",0.0571235788139588,1.23852138066958,-0.782977170961543,0.387639115169812,0.837891023891286
"229",0.0571235788139588,1.23852138066958,-0.782977170961543,0.387639115169812,0.837891023891286
"230",0.0571235788139588,1.23852138066958,-0.782977170961543,0.387639115169812,0.837891023891286
"231",0.0571235788139588,1.23852138066958,-0.782977170961543,0.387639115169812,0.837891023891286
"232",0.0571235788139588,1.23852138066958,-0.782977170961543,0.387639115169812,0.837891023891286
"233",0.0571235788139588,1.23852138066958,-0.782977170961543,0.387639115169812,0.837891023891286
"234",0.0571235788139588,1.23852138066958,-0.782977170961543,0.387639115169812,0.837891023891286
"235",0.0571235788139588,1.23852138066958,-0.782977170961543,0.387639115169812,0.837891023891286
"236",0.0571235788139588,1.23852138066958,-0.782977170961543,0.387639115169812,0.837891023891286
"237",0.0571235788139588,1.23852138066958,-0.782977170961543,0.387639115169812,0.837891023891286
"238",0.0571235788139588,1.23852138066958,-0.782977170961543,0.387639115169812,0.837891023891286
"239",0.0571235788139588,1.23852138066958,-0.782977170961543,0.387639115169812,0.837891023891286
"240",0.0571235788139588,1.23852138066958,-0.782977170961543,0.387639115169812,0.837891023891286
"241",0.0571235788139588,1.23852138066958,-0.782977170961543,0.387639115169812,0.837891023891286
"242",-0.0310822815487457,-0.713938145821987,0.251087555773246,-0.789044853121356,-1.04573996005036
"243",-0.0310822815487457,-0.713938145821987,0.251087555773246,-0.789044853121356,-1.04573996005036
"244",-0.0310822815487457,-0.713938145821987,0.251087555773246,-0.789044853121356,-1.04573996005036
"245",-0.0310822815487457,-0.713938145821987,0.251087555773246,-0.789044853121356,-1.04573996005036
"246",-0.0310822815487457,-0.713938145821987,0.251087555773246,-0.789044853121356,-1.04573996005036
"247",-0.0310822815487457,-0.713938145821987,0.251087555773246,-0.789044853121356,-1.04573996005036
"248",-0.0310822815487457,-0.713938145821987,0.251087555773246,-0.789044853121356,-1.04573996005036
"249",-0.0310822815487457,-0.713938145821987,0.251087555773246,-0.789044853121356,-1.04573996005036
"250",-0.0310822815487457,-0.713938145821987,0.251087555773246,-0.789044853121356,-1.04573996005036
"251",-0.0310822815487457,-0.713938145821987,0.251087555773246,-0.789044853121356,-1.04573996005036
"252",-0.0310822815487457,-0.713938145821987,0.251087555773246,-0.789044853121356,-1.04573996005036
"253",-0.0310822815487457,-0.713938145821987,0.251087555773246,-0.789044853121356,-1.04573996005036
"254",-0.0310822815487457,-0.713938145821987,0.251087555773246,-0.789044853121356,-1.04573996005036
"255",-0.0310822815487457,-0.713938145821987,0.251087555773246,-0.789044853121356,-1.04573996005036
"256",-0.0310822815487457,-0.713938145821987,0.251087555773246,-0.789044853121356,-1.04573996005036
"257",-0.0310822815487457,-0.713938145821987,0.251087555773246,-0.789044853121356,-1.04573996005036
"258",-0.0310822815487457,-0.713938145821987,0.251087555773246,-0.789044853121356,-1.04573996005036
"259",-0.0310822815487457,-0.713938145821987,0.251087555773246,-0.789044853121356,-1.04573996005036
"260",-0.0310822815487457,-0.713938145821987,0.251087555773246,-0.789044853121356,-1.04573996005036
"261",0.0571078244499006,0.750406499046686,-1.81704189769633,1.06002995419334,0.0844386303146258
"262",0.0571078244499006,0.750406499046686,-1.81704189769633,1.06002995419334,0.0844386303146258
"263",0.0571078244499006,0.750406499046686,-1.81704189769633,1.06002995419334,0.0844386303146258
"264",0.0571078244499006,0.750406499046686,-1.81704189769633,1.06002995419334,0.0844386303146258
"265",0.0571078244499006,0.750406499046686,-1.81704189769633,1.06002995419334,0.0844386303146258
"266",0.0571078244499006,0.750406499046686,-1.81704189769633,1.06002995419334,0.0844386303146258
"267",0.0571078244499006,0.750406499046686,-1.81704189769633,1.06002995419334,0.0844386303146258
"268",0.0571078244499006,0.750406499046686,-1.81704189769633,1.06002995419334,0.0844386303146258
"269",0.0571078244499006,0.750406499046686,-1.81704189769633,1.06002995419334,0.0844386303146258
"270",0.0571078244499006,0.750406499046686,-1.81704189769633,1.06002995419334,0.0844386303146258
"271",0.0571078244499006,0.750406499046686,-1.81704189769633,1.06002995419334,0.0844386303146258
"272",0.0571078244499006,0.750406499046686,-1.81704189769633,1.06002995419334,0.0844386303146258
"273",0.0571078244499006,0.750406499046686,-1.81704189769633,1.06002995419334,0.0844386303146258
"274",0.0571078244499005,0.750406499046686,-1.81704189769633,1.06002995419334,0.0844386303146258
"275",0.0571078244499005,0.750406499046686,-1.81704189769633,1.06002995419334,0.0844386303146258
"276",0.0571078244499006,0.750406499046686,-1.81704189769633,1.06002995419334,0.0844386303146258
"277",0.0571078244499006,0.750406499046686,-1.81704189769633,1.06002995419334,0.0844386303146258
"278",0.0571078244499006,0.750406499046686,-1.81704189769633,1.06002995419334,0.0844386303146258
"279",-0.031161701083248,-0.713938145821987,0.251087555773246,-0.620947143365475,-0.292287566473704
"280",-0.031161701083248,-0.713938145821987,0.251087555773246,-0.620947143365475,-0.292287566473704
"281",-0.031161701083248,-0.713938145821987,0.251087555773246,-0.620947143365475,-0.292287566473704
"282",-0.031161701083248,-0.713938145821987,0.251087555773246,-0.620947143365475,-0.292287566473704
"283",-0.031161701083248,-0.713938145821987,0.251087555773246,-0.620947143365475,-0.292287566473704
"284",-0.031161701083248,-0.713938145821987,0.251087555773246,-0.620947143365475,-0.292287566473704
"285",-0.031161701083248,-0.713938145821987,0.251087555773246,-0.620947143365475,-0.292287566473704
"286",-0.031161701083248,-0.713938145821987,0.251087555773246,-0.620947143365475,-0.292287566473704
"287",-0.031161701083248,-0.713938145821987,0.251087555773246,-0.620947143365475,-0.292287566473704
"288",-0.031161701083248,-0.713938145821987,0.251087555773246,-0.620947143365475,-0.292287566473704
"289",-0.031161701083248,-0.713938145821987,0.251087555773246,-0.620947143365475,-0.292287566473704
"290",-0.031161701083248,-0.713938145821987,0.251087555773246,-0.620947143365475,-0.292287566473704
"291",-0.031161701083248,-0.713938145821987,0.251087555773246,-0.620947143365475,-0.292287566473704
"292",-0.031161701083248,-0.713938145821987,0.251087555773246,-0.620947143365475,-0.292287566473704
"293",-0.031161701083248,-0.713938145821987,0.251087555773246,-0.620947143365475,-0.292287566473704
"294",-0.031161701083248,-0.713938145821987,0.251087555773246,-0.620947143365475,-0.292287566473704
"295",0.0187177867599017,-0.225823264199096,0.251087555773246,-0.789044853121356,-1.04573996005036
"296",0.0187177867599017,-0.225823264199096,0.251087555773246,-0.789044853121356,-1.04573996005036
"297",0.0187177867599017,-0.225823264199096,0.251087555773246,-0.789044853121356,-1.04573996005036
"298",0.0187177867599017,-0.225823264199096,0.251087555773246,-0.789044853121356,-1.04573996005036
"299",0.0187177867599017,-0.225823264199096,0.251087555773246,-0.789044853121356,-1.04573996005036
"300",0.0187177867599017,-0.225823264199096,0.251087555773246,-0.789044853121356,-1.04573996005036
"301",0.0187177867599017,-0.225823264199096,0.251087555773246,-0.789044853121356,-1.04573996005036
"302",0.0187177867599017,-0.225823264199096,0.251087555773246,-0.789044853121356,-1.04573996005036
"303",0.0187177867599017,-0.225823264199096,0.251087555773246,-0.789044853121356,-1.04573996005036
"304",0.0187177867599017,-0.225823264199096,0.251087555773246,-0.789044853121356,-1.04573996005036
"305",0.0187177867599017,-0.225823264199096,0.251087555773246,-0.789044853121356,-1.04573996005036
"306",0.0187177867599017,-0.225823264199096,0.251087555773246,-0.789044853121356,-1.04573996005036
"307",0.0187177867599017,-0.225823264199096,0.251087555773246,-0.789044853121356,-1.04573996005036
"308",0.0187177867599017,-0.225823264199096,0.251087555773246,-0.789044853121356,-1.04573996005036
"309",0.0187177867599017,-0.225823264199096,0.251087555773246,-0.789044853121356,-1.04573996005036
"310",0.0187177867599017,-0.225823264199096,0.251087555773246,-0.789044853121356,-1.04573996005036
"311",0.0187177867599017,-0.225823264199096,0.251087555773246,-0.789044853121356,-1.04573996005036
"312",0.0187177867599017,-0.225823264199096,0.251087555773246,-0.789044853121356,-1.04573996005036
"313",0.0187177867599017,-0.225823264199096,0.251087555773246,-0.789044853121356,-1.04573996005036
"314",-0.0311625769557623,1.23852138066958,1.28515228250803,-0.620947143365475,-0.292287566473704
"315",-0.0311625769557623,1.23852138066958,1.28515228250803,-0.620947143365475,-0.292287566473704
"316",-0.0311625769557623,1.23852138066958,1.28515228250803,-0.620947143365475,-0.292287566473704
"317",-0.0311625769557623,1.23852138066958,1.28515228250803,-0.620947143365475,-0.292287566473704
"318",-0.0311625769557623,1.23852138066958,1.28515228250803,-0.620947143365475,-0.292287566473704
"319",-0.0311625769557623,1.23852138066958,1.28515228250803,-0.620947143365475,-0.292287566473704
"320",-0.0311625769557623,1.23852138066958,1.28515228250803,-0.620947143365475,-0.292287566473704
"321",-0.0311625769557623,1.23852138066958,1.28515228250803,-0.620947143365475,-0.292287566473704
"322",-0.0311625769557623,1.23852138066958,1.28515228250803,-0.620947143365475,-0.292287566473704
"323",-0.0311625769557623,1.23852138066958,1.28515228250803,-0.620947143365475,-0.292287566473704
"324",-0.0311625769557623,1.23852138066958,1.28515228250803,-0.620947143365475,-0.292287566473704
"325",-0.0311625769557623,1.23852138066958,1.28515228250803,-0.620947143365475,-0.292287566473704
"326",-0.0311625769557623,1.23852138066958,1.28515228250803,-0.620947143365475,-0.292287566473704
"327",-0.0311625769557623,1.23852138066958,1.28515228250803,-0.620947143365475,-0.292287566473704
"328",-0.0311625769557623,1.23852138066958,1.28515228250803,-0.620947143365475,-0.292287566473704
"329",-0.0311625769557623,1.23852138066958,1.28515228250803,-0.620947143365475,-0.292287566473704
"330",-0.0311625769557623,1.23852138066958,1.28515228250803,-0.620947143365475,-0.292287566473704
"331",-0.0311625769557623,1.23852138066958,1.28515228250803,-0.620947143365475,-0.292287566473704
"332",-0.0311625769557623,1.23852138066958,1.28515228250803,-0.620947143365475,-0.292287566473704
"333",-0.0311625769557623,1.23852138066958,1.28515228250803,-0.620947143365475,-0.292287566473704
"334",-0.031161055477605,-0.225823264199096,1.28515228250803,-0.620947143365475,-0.292287566473704
"335",-0.031161055477605,-0.225823264199096,1.28515228250803,-0.620947143365475,-0.292287566473704
"336",-0.031161055477605,-0.225823264199096,1.28515228250803,-0.620947143365475,-0.292287566473704
"337",-0.031161055477605,-0.225823264199096,1.28515228250803,-0.620947143365475,-0.292287566473704
"338",-0.031161055477605,-0.225823264199096,1.28515228250803,-0.620947143365475,-0.292287566473704
"339",-0.031161055477605,-0.225823264199096,1.28515228250803,-0.620947143365475,-0.292287566473704
"340",-0.031161055477605,-0.225823264199096,1.28515228250803,-0.620947143365475,-0.292287566473704
"341",-0.031161055477605,-0.225823264199096,1.28515228250803,-0.620947143365475,-0.292287566473704
"342",-0.031161055477605,-0.225823264199096,1.28515228250803,-0.620947143365475,-0.292287566473704
"343",-0.031161055477605,-0.225823264199096,1.28515228250803,-0.620947143365475,-0.292287566473704
"344",-0.031161055477605,-0.225823264199096,1.28515228250803,-0.620947143365475,-0.292287566473704
"345",-0.031161055477605,-0.225823264199096,1.28515228250803,-0.620947143365475,-0.292287566473704
"346",-0.031161055477605,-0.225823264199096,1.28515228250803,-0.620947143365475,-0.292287566473704
"347",-0.031161055477605,-0.225823264199096,1.28515228250803,-0.620947143365475,-0.292287566473704
"348",-0.031161055477605,-0.225823264199096,1.28515228250803,-0.620947143365475,-0.292287566473704
"349",0.0552294458982053,0.750406499046686,-0.782977170961543,1.73242079321686,3.09824820462127
"350",0.0552294458982053,0.750406499046686,-0.782977170961543,1.73242079321686,3.09824820462127
"351",0.0552294458982054,0.750406499046686,-0.782977170961543,1.73242079321686,3.09824820462127
"352",0.0552294458982054,0.750406499046686,-0.782977170961543,1.73242079321686,3.09824820462127
"353",0.0552294458982054,0.750406499046686,-0.782977170961543,1.73242079321686,3.09824820462127
"354",0.0552294458982054,0.750406499046686,-0.782977170961543,1.73242079321686,3.09824820462127
"355",0.0552294458982053,0.750406499046686,-0.782977170961543,1.73242079321686,3.09824820462127
"356",0.0552294458982054,0.750406499046686,-0.782977170961543,1.73242079321686,3.09824820462127
"357",0.0552294458982053,0.750406499046686,-0.782977170961543,1.73242079321686,3.09824820462127
"358",0.0552294458982053,0.750406499046686,-0.782977170961543,1.73242079321686,3.09824820462127
"359",0.0552294458982053,0.750406499046686,-0.782977170961543,1.73242079321686,3.09824820462127
"360",0.0552294458982053,0.750406499046686,-0.782977170961543,1.73242079321686,3.09824820462127
"361",0.0552294458982053,0.750406499046686,-0.782977170961543,1.73242079321686,3.09824820462127
"362",0.0552294458982053,0.750406499046686,-0.782977170961543,1.73242079321686,3.09824820462127
"363",0.0552294458982053,0.750406499046686,-0.782977170961543,1.73242079321686,3.09824820462127
"364",0.0552294458982053,0.750406499046686,-0.782977170961543,1.73242079321686,3.09824820462127
"365",0.0552294458982053,0.750406499046686,-0.782977170961543,1.73242079321686,3.09824820462127
"366",0.0552294458982054,0.750406499046686,-0.782977170961543,1.73242079321686,3.09824820462127
"367",0.0552294458982054,0.750406499046686,-0.782977170961543,1.73242079321686,3.09824820462127
"368",0.0552294458982054,0.750406499046686,-0.782977170961543,1.73242079321686,3.09824820462127
"369",-0.0270513088831922,1.23852138066958,1.28515228250803,0.219541405413931,1.21461722067962
"370",-0.0270513088831922,1.23852138066958,1.28515228250803,0.219541405413931,1.21461722067962
"371",-0.0270513088831922,1.23852138066958,1.28515228250803,0.219541405413931,1.21461722067962
"372",-0.0270513088831922,1.23852138066958,1.28515228250803,0.219541405413931,1.21461722067962
"373",-0.0270513088831922,1.23852138066958,1.28515228250803,0.219541405413931,1.21461722067962
"374",-0.0270513088831922,1.23852138066958,1.28515228250803,0.219541405413931,1.21461722067962
"375",-0.0270513088831922,1.23852138066958,1.28515228250803,0.219541405413931,1.21461722067962
"376",-0.0270513088831922,1.23852138066958,1.28515228250803,0.219541405413931,1.21461722067962
"377",-0.0270513088831922,1.23852138066958,1.28515228250803,0.219541405413931,1.21461722067962
"378",-0.0270513088831922,1.23852138066958,1.28515228250803,0.219541405413931,1.21461722067962
"379",-0.0270513088831922,1.23852138066958,1.28515228250803,0.219541405413931,1.21461722067962
"380",-0.0270513088831922,1.23852138066958,1.28515228250803,0.219541405413931,1.21461722067962
"381",-0.0270513088831922,1.23852138066958,1.28515228250803,0.219541405413931,1.21461722067962
"382",-0.0270513088831922,1.23852138066958,1.28515228250803,0.219541405413931,1.21461722067962
"383",-0.0270513088831922,1.23852138066958,1.28515228250803,0.219541405413931,1.21461722067962
"384",-0.0270513088831922,1.23852138066958,1.28515228250803,0.219541405413931,1.21461722067962
"385",-0.0270513088831922,1.23852138066958,1.28515228250803,0.219541405413931,1.21461722067962
"386",-0.0270513088831922,1.23852138066958,1.28515228250803,0.219541405413931,1.21461722067962
"387",-0.0270513088831922,1.23852138066958,1.28515228250803,0.219541405413931,1.21461722067962
"388",-0.0311541778662811,0.262291617423795,2.31921700924282,-0.620947143365475,-0.292287566473704
"389",-0.0311541778662811,0.262291617423795,2.31921700924282,-0.620947143365475,-0.292287566473704
"390",-0.0311541778662811,0.262291617423795,2.31921700924282,-0.620947143365475,-0.292287566473704
"391",-0.0311541778662811,0.262291617423795,2.31921700924282,-0.620947143365475,-0.292287566473704
"392",-0.0311541778662811,0.262291617423795,2.31921700924282,-0.620947143365475,-0.292287566473704
"393",-0.0311541778662811,0.262291617423795,2.31921700924282,-0.620947143365475,-0.292287566473704
"394",-0.0311541778662811,0.262291617423795,2.31921700924282,-0.620947143365475,-0.292287566473704
"395",-0.0311541778662811,0.262291617423795,2.31921700924282,-0.620947143365475,-0.292287566473704
"396",-0.0311541778662811,0.262291617423795,2.31921700924282,-0.620947143365475,-0.292287566473704
"397",-0.0311541778662811,0.262291617423795,2.31921700924282,-0.620947143365475,-0.292287566473704
"398",-0.0311541778662811,0.262291617423795,2.31921700924282,-0.620947143365475,-0.292287566473704
"399",-0.0311541778662811,0.262291617423795,2.31921700924282,-0.620947143365475,-0.292287566473704
"400",-0.0311541778662811,0.262291617423795,2.31921700924282,-0.620947143365475,-0.292287566473704
"401",-0.0311541778662811,0.262291617423795,2.31921700924282,-0.620947143365475,-0.292287566473704
"402",-0.0311541778662811,0.262291617423795,2.31921700924282,-0.620947143365475,-0.292287566473704
"403",-0.0311541778662811,0.262291617423795,2.31921700924282,-0.620947143365475,-0.292287566473704
"404",-0.0311541778662811,0.262291617423795,2.31921700924282,-0.620947143365475,-0.292287566473704
"405",-0.0311541778662811,0.262291617423795,2.31921700924282,-0.620947143365475,-0.292287566473704
"406",-0.0311541778662811,0.262291617423795,2.31921700924282,-0.620947143365475,-0.292287566473704
"407",-0.031138629085114,0.750406499046686,-0.782977170961543,1.90051850297274,1.21461722067962
"408",-0.031138629085114,0.750406499046686,-0.782977170961543,1.90051850297274,1.21461722067962
"409",-0.031138629085114,0.750406499046686,-0.782977170961543,1.90051850297274,1.21461722067962
"410",-0.031138629085114,0.750406499046686,-0.782977170961543,1.90051850297274,1.21461722067962
"411",-0.031138629085114,0.750406499046686,-0.782977170961543,1.90051850297274,1.21461722067962
"412",-0.031138629085114,0.750406499046686,-0.782977170961543,1.90051850297274,1.21461722067962
"413",-0.031138629085114,0.750406499046686,-0.782977170961543,1.90051850297274,1.21461722067962
"414",-0.031138629085114,0.750406499046686,-0.782977170961543,1.90051850297274,1.21461722067962
"415",-0.031138629085114,0.750406499046686,-0.782977170961543,1.90051850297274,1.21461722067962
"416",-0.031138629085114,0.750406499046686,-0.782977170961543,1.90051850297274,1.21461722067962
"417",-0.031138629085114,0.750406499046686,-0.782977170961543,1.90051850297274,1.21461722067962
"418",-0.031138629085114,0.750406499046686,-0.782977170961543,1.90051850297274,1.21461722067962
"419",-0.031138629085114,0.750406499046686,-0.782977170961543,1.90051850297274,1.21461722067962
"420",-0.031138629085114,0.750406499046686,-0.782977170961543,1.90051850297274,1.21461722067962
"421",-0.031138629085114,0.750406499046686,-0.782977170961543,1.90051850297274,1.21461722067962
"422",-0.031138629085114,0.750406499046686,-0.782977170961543,1.90051850297274,1.21461722067962
"423",-0.031138629085114,0.750406499046686,-0.782977170961543,1.90051850297274,1.21461722067962
"424",-0.031138629085114,0.750406499046686,-0.782977170961543,1.90051850297274,1.21461722067962
"425",-0.031138629085114,0.750406499046686,-0.782977170961543,1.90051850297274,1.21461722067962
"426",0.0179551982426091,-1.69016790906777,0.251087555773246,-0.620947143365475,-0.669013763262034
"427",0.0179551982426091,-1.69016790906777,0.251087555773246,-0.620947143365475,-0.669013763262034
"428",0.0179551982426091,-1.69016790906777,0.251087555773246,-0.620947143365475,-0.669013763262034
"429",0.0179551982426091,-1.69016790906777,0.251087555773246,-0.620947143365475,-0.669013763262034
"430",0.0179551982426091,-1.69016790906777,0.251087555773246,-0.620947143365475,-0.669013763262034
"431",0.0179551982426091,-1.69016790906777,0.251087555773246,-0.620947143365475,-0.669013763262034
"432",0.0179551982426091,-1.69016790906777,0.251087555773246,-0.620947143365475,-0.669013763262034
"433",0.0179551982426091,-1.69016790906777,0.251087555773246,-0.620947143365475,-0.669013763262034
"434",0.0179551982426091,-1.69016790906777,0.251087555773246,-0.620947143365475,-0.669013763262034
"435",-0.0311535210114611,0.750406499046686,-0.782977170961543,-0.452849433609594,0.0844386303146258
"436",-0.0311535210114611,0.750406499046686,-0.782977170961543,-0.452849433609594,0.0844386303146258
"437",-0.0311535210114611,0.750406499046686,-0.782977170961543,-0.452849433609594,0.0844386303146258
"438",-0.0311535210114611,0.750406499046686,-0.782977170961543,-0.452849433609594,0.0844386303146258
"439",-0.0311535210114611,0.750406499046686,-0.782977170961543,-0.452849433609594,0.0844386303146258
"440",-0.0311535210114611,0.750406499046686,-0.782977170961543,-0.452849433609594,0.0844386303146258
"441",-0.0311535210114611,0.750406499046686,-0.782977170961543,-0.452849433609594,0.0844386303146258
"442",-0.0311535210114611,0.750406499046686,-0.782977170961543,-0.452849433609594,0.0844386303146258
"443",-0.0311535210114611,0.750406499046686,-0.782977170961543,-0.452849433609594,0.0844386303146258
"444",-0.0311535210114611,0.750406499046686,-0.782977170961543,-0.452849433609594,0.0844386303146258
"445",-0.0311535210114611,0.750406499046686,-0.782977170961543,-0.452849433609594,0.0844386303146258
"446",-0.0311535210114611,0.750406499046686,-0.782977170961543,-0.452849433609594,0.0844386303146258
"447",-0.0311535210114611,0.750406499046686,-0.782977170961543,-0.452849433609594,0.0844386303146258
"448",-0.0311535210114611,0.750406499046686,-0.782977170961543,-0.452849433609594,0.0844386303146258
"449",-0.0311535210114611,0.750406499046686,-0.782977170961543,-0.452849433609594,0.0844386303146258
"450",-0.0311535210114611,0.750406499046686,-0.782977170961543,-0.452849433609594,0.0844386303146258
"451",-0.0311535210114611,0.750406499046686,-0.782977170961543,-0.452849433609594,0.0844386303146258
"452",-0.0311535210114611,0.750406499046686,-0.782977170961543,-0.452849433609594,0.0844386303146258
"453",-0.0311535210114611,0.750406499046686,-0.782977170961543,-0.452849433609594,0.0844386303146258
"454",-0.0311535210114611,0.750406499046686,-0.782977170961543,-0.452849433609594,0.0844386303146258
"455",-0.0311499204188284,-0.225823264199096,1.28515228250803,-0.620947143365475,-0.292287566473704
"456",-0.0311499204188284,-0.225823264199096,1.28515228250803,-0.620947143365475,-0.292287566473704
"457",-0.0311499204188284,-0.225823264199096,1.28515228250803,-0.620947143365475,-0.292287566473704
"458",-0.0311499204188284,-0.225823264199096,1.28515228250803,-0.620947143365475,-0.292287566473704
"459",-0.0311499204188284,-0.225823264199096,1.28515228250803,-0.620947143365475,-0.292287566473704
"460",-0.0311499204188284,-0.225823264199096,1.28515228250803,-0.620947143365475,-0.292287566473704
"461",-0.0311499204188284,-0.225823264199096,1.28515228250803,-0.620947143365475,-0.292287566473704
"462",-0.0311499204188284,-0.225823264199096,1.28515228250803,-0.620947143365475,-0.292287566473704
"463",-0.0311499204188284,-0.225823264199096,1.28515228250803,-0.620947143365475,-0.292287566473704
"464",-0.0311499204188284,-0.225823264199096,1.28515228250803,-0.620947143365475,-0.292287566473704
"465",-0.0311499204188284,-0.225823264199096,1.28515228250803,-0.620947143365475,-0.292287566473704
"466",-0.0311499204188284,-0.225823264199096,1.28515228250803,-0.620947143365475,-0.292287566473704
"467",-0.0311499204188284,-0.225823264199096,1.28515228250803,-0.620947143365475,-0.292287566473704
"468",-0.0311499204188284,-0.225823264199096,1.28515228250803,-0.620947143365475,-0.292287566473704
"469",-0.0311499204188284,-0.225823264199096,1.28515228250803,-0.620947143365475,-0.292287566473704
"470",-0.0311499204188284,-0.225823264199096,1.28515228250803,-0.620947143365475,-0.292287566473704
"471",-0.0311499204188284,-0.225823264199096,1.28515228250803,-0.620947143365475,-0.292287566473704
"472",0.057123765453108,0.750406499046686,-0.782977170961543,-0.284751723853713,0.0844386303146258
"473",0.057123765453108,0.750406499046686,-0.782977170961543,-0.284751723853713,0.0844386303146258
"474",0.057123765453108,0.750406499046686,-0.782977170961543,-0.284751723853713,0.0844386303146258
"475",0.057123765453108,0.750406499046686,-0.782977170961543,-0.284751723853713,0.0844386303146258
"476",0.057123765453108,0.750406499046686,-0.782977170961543,-0.284751723853713,0.0844386303146258
"477",0.057123765453108,0.750406499046686,-0.782977170961543,-0.284751723853713,0.0844386303146258
"478",0.057123765453108,0.750406499046686,-0.782977170961543,-0.284751723853713,0.0844386303146258
"479",0.057123765453108,0.750406499046686,-0.782977170961543,-0.284751723853713,0.0844386303146258
"480",0.057123765453108,0.750406499046686,-0.782977170961543,-0.284751723853713,0.0844386303146258
"481",0.057123765453108,0.750406499046686,-0.782977170961543,-0.284751723853713,0.0844386303146258
"482",0.057123765453108,0.750406499046686,-0.782977170961543,-0.284751723853713,0.0844386303146258
"483",0.057123765453108,0.750406499046686,-0.782977170961543,-0.284751723853713,0.0844386303146258
"484",0.057123765453108,0.750406499046686,-0.782977170961543,-0.284751723853713,0.0844386303146258
"485",0.057123765453108,0.750406499046686,-0.782977170961543,-0.284751723853713,0.0844386303146258
"486",0.057123765453108,0.750406499046686,-0.782977170961543,-0.284751723853713,0.0844386303146258
"487",0.057123765453108,0.750406499046686,-0.782977170961543,-0.284751723853713,0.0844386303146258
"488",0.057123765453108,0.750406499046686,-0.782977170961543,-0.284751723853713,0.0844386303146258
"489",0.057123765453108,0.750406499046686,-0.782977170961543,-0.284751723853713,0.0844386303146258
"490",0.057123765453108,0.750406499046686,-0.782977170961543,-0.284751723853713,0.0844386303146258
"491",-0.0311486266627422,1.23852138066958,-0.782977170961543,1.22812766394922,-0.292287566473704
"492",-0.0311486266627422,1.23852138066958,-0.782977170961543,1.22812766394922,-0.292287566473704
"493",-0.0311486266627422,1.23852138066958,-0.782977170961543,1.22812766394922,-0.292287566473704
"494",-0.0311486266627422,1.23852138066958,-0.782977170961543,1.22812766394922,-0.292287566473704
"495",-0.0311486266627422,1.23852138066958,-0.782977170961543,1.22812766394922,-0.292287566473704
"496",-0.0311486266627422,1.23852138066958,-0.782977170961543,1.22812766394922,-0.292287566473704
"497",-0.0311486266627422,1.23852138066958,-0.782977170961543,1.22812766394922,-0.292287566473704
"498",-0.0311486266627422,1.23852138066958,-0.782977170961543,1.22812766394922,-0.292287566473704
"499",-0.0311486266627422,1.23852138066958,-0.782977170961543,1.22812766394922,-0.292287566473704
"500",-0.0311486266627422,1.23852138066958,-0.782977170961543,1.22812766394922,-0.292287566473704
"501",-0.0311486266627422,1.23852138066958,-0.782977170961543,1.22812766394922,-0.292287566473704
"502",-0.0311486266627422,1.23852138066958,-0.782977170961543,1.22812766394922,-0.292287566473704
"503",-0.0311486266627422,1.23852138066958,-0.782977170961543,1.22812766394922,-0.292287566473704
"504",0.0185601305508609,-2.66639767231355,0.251087555773246,-0.620947143365475,-0.669013763262034
"505",0.0185601305508609,-2.66639767231355,0.251087555773246,-0.620947143365475,-0.669013763262034
"506",0.0185601305508609,-2.66639767231355,0.251087555773246,-0.620947143365475,-0.669013763262034
"507",0.0185601305508609,-2.66639767231355,0.251087555773246,-0.620947143365475,-0.669013763262034
"508",0.0185601305508609,-2.66639767231355,0.251087555773246,-0.620947143365475,-0.669013763262034
"509",0.0185601305508609,-2.66639767231355,0.251087555773246,-0.620947143365475,-0.669013763262034
"510",0.0185601305508609,-2.66639767231355,0.251087555773246,-0.620947143365475,-0.669013763262034
"511",0.0185601305508609,-2.66639767231355,0.251087555773246,-0.620947143365475,-0.669013763262034
"512",0.0185601305508609,-2.66639767231355,0.251087555773246,-0.620947143365475,-0.669013763262034
"513",0.0185601305508609,-2.66639767231355,0.251087555773246,-0.620947143365475,-0.669013763262034
"514",0.0185601305508609,-2.66639767231355,0.251087555773246,-0.620947143365475,-0.669013763262034
"515",0.0185601305508609,-2.66639767231355,0.251087555773246,-0.620947143365475,-0.669013763262034
"516",0.0185601305508609,-2.66639767231355,0.251087555773246,-0.620947143365475,-0.669013763262034
"517",0.0185601305508609,-2.66639767231355,0.251087555773246,-0.620947143365475,-0.669013763262034
"518",0.0185601305508609,-2.66639767231355,0.251087555773246,-0.620947143365475,-0.669013763262034
"519",0.0185601305508609,-2.66639767231355,0.251087555773246,-0.620947143365475,-0.669013763262034
"520",0.0185601305508609,-2.66639767231355,0.251087555773246,-0.620947143365475,-0.669013763262034
"521",-0.0311623161152824,-0.713938145821987,0.251087555773246,-0.620947143365475,-0.292287566473704
"522",-0.0311623161152824,-0.713938145821987,0.251087555773246,-0.620947143365475,-0.292287566473704
"523",-0.0311623161152824,-0.713938145821987,0.251087555773246,-0.620947143365475,-0.292287566473704
"524",-0.0311623161152824,-0.713938145821987,0.251087555773246,-0.620947143365475,-0.292287566473704
"525",-0.0311623161152824,-0.713938145821987,0.251087555773246,-0.620947143365475,-0.292287566473704
"526",-0.0311623161152824,-0.713938145821987,0.251087555773246,-0.620947143365475,-0.292287566473704
"527",-0.0311623161152824,-0.713938145821987,0.251087555773246,-0.620947143365475,-0.292287566473704
"528",-0.0311623161152824,-0.713938145821987,0.251087555773246,-0.620947143365475,-0.292287566473704
"529",-0.0311623161152824,-0.713938145821987,0.251087555773246,-0.620947143365475,-0.292287566473704
"530",-0.0311623161152824,-0.713938145821987,0.251087555773246,-0.620947143365475,-0.292287566473704
"531",-0.0311623161152824,-0.713938145821987,0.251087555773246,-0.620947143365475,-0.292287566473704
"532",-0.0311623161152824,-0.713938145821987,0.251087555773246,-0.620947143365475,-0.292287566473704
"533",-0.0311623161152824,-0.713938145821987,0.251087555773246,-0.620947143365475,-0.292287566473704
"534",-0.0311623161152824,-0.713938145821987,0.251087555773246,-0.620947143365475,-0.292287566473704
"535",-0.0311623161152824,-0.713938145821987,0.251087555773246,-0.620947143365475,-0.292287566473704
"536",-0.0311623161152824,-0.713938145821987,0.251087555773246,-0.620947143365475,-0.292287566473704
"537",-0.0311623161152824,-0.713938145821987,0.251087555773246,-0.620947143365475,-0.292287566473704
"538",-0.0311623161152824,-0.713938145821987,0.251087555773246,-0.620947143365475,-0.292287566473704
"539",-0.0311623161152824,-0.713938145821987,0.251087555773246,-0.620947143365475,-0.292287566473704
"540",-0.0311623161152824,-0.713938145821987,0.251087555773246,-0.620947143365475,-0.292287566473704
"541",-0.0311013669655083,-0.225823264199096,-0.782977170961543,-0.957142562877238,-0.669013763262034
"542",-0.0311013669655083,-0.225823264199096,-0.782977170961543,-0.957142562877238,-0.669013763262034
"543",-0.0311013669655083,-0.225823264199096,-0.782977170961543,-0.957142562877238,-0.669013763262034
"544",-0.0311013669655083,-0.225823264199096,-0.782977170961543,-0.957142562877238,-0.669013763262034
"545",-0.0311013669655083,-0.225823264199096,-0.782977170961543,-0.957142562877238,-0.669013763262034
"546",-0.0311013669655083,-0.225823264199096,-0.782977170961543,-0.957142562877238,-0.669013763262034
"547",-0.0311013669655083,-0.225823264199096,-0.782977170961543,-0.957142562877238,-0.669013763262034
"548",-0.0311013669655083,-0.225823264199096,-0.782977170961543,-0.957142562877238,-0.669013763262034
"549",-0.0311013669655083,-0.225823264199096,-0.782977170961543,-0.957142562877238,-0.669013763262034
"550",-0.0311013669655083,-0.225823264199096,-0.782977170961543,-0.957142562877238,-0.669013763262034
"551",-0.0311013669655083,-0.225823264199096,-0.782977170961543,-0.957142562877238,-0.669013763262034
"552",-0.0311013669655083,-0.225823264199096,-0.782977170961543,-0.957142562877238,-0.669013763262034
"553",-0.0311013669655083,-0.225823264199096,-0.782977170961543,-0.957142562877238,-0.669013763262034
"554",-0.0311013669655083,-0.225823264199096,-0.782977170961543,-0.957142562877238,-0.669013763262034
"555",-0.0311013669655083,-0.225823264199096,-0.782977170961543,-0.957142562877238,-0.669013763262034
"556",-0.0311013669655083,-0.225823264199096,-0.782977170961543,-0.957142562877238,-0.669013763262034
"557",-0.0311013669655083,-0.225823264199096,-0.782977170961543,-0.957142562877238,-0.669013763262034
"558",-0.0311013669655083,-0.225823264199096,-0.782977170961543,-0.957142562877238,-0.669013763262034
"559",-0.0311013669655083,-0.225823264199096,-0.782977170961543,-0.957142562877238,-0.669013763262034
"560",-0.0311013669655083,-0.225823264199096,-0.782977170961543,-0.957142562877238,-0.669013763262034
"561",0.0571233792585077,1.23852138066958,-0.782977170961543,1.06002995419334,-2.17591855041535
"562",0.0571233792585077,1.23852138066958,-0.782977170961543,1.06002995419334,-2.17591855041535
"563",0.0571233792585077,1.23852138066958,-0.782977170961543,1.06002995419334,-2.17591855041535
"564",0.0571233792585077,1.23852138066958,-0.782977170961543,1.06002995419334,-2.17591855041535
"565",0.0571233792585077,1.23852138066958,-0.782977170961543,1.06002995419334,-2.17591855041535
"566",0.0571233792585077,1.23852138066958,-0.782977170961543,1.06002995419334,-2.17591855041535
"567",0.0571233792585077,1.23852138066958,-0.782977170961543,1.06002995419334,-2.17591855041535
"568",0.0571233792585077,1.23852138066958,-0.782977170961543,1.06002995419334,-2.17591855041535
"569",0.0571233792585077,1.23852138066958,-0.782977170961543,1.06002995419334,-2.17591855041535
"570",0.0571233792585077,1.23852138066958,-0.782977170961543,1.06002995419334,-2.17591855041535
"571",0.0571233792585077,1.23852138066958,-0.782977170961543,1.06002995419334,-2.17591855041535
"572",0.0571233792585077,1.23852138066958,-0.782977170961543,1.06002995419334,-2.17591855041535
"573",0.0571233792585077,1.23852138066958,-0.782977170961543,1.06002995419334,-2.17591855041535
"574",0.0571233792585077,1.23852138066958,-0.782977170961543,1.06002995419334,-2.17591855041535
"575",0.0571233792585077,1.23852138066958,-0.782977170961543,1.06002995419334,-2.17591855041535
"576",0.0571233792585077,1.23852138066958,-0.782977170961543,1.06002995419334,-2.17591855041535
"577",0.0571233792585077,1.23852138066958,-0.782977170961543,1.06002995419334,-2.17591855041535
"578",0.0571233792585077,1.23852138066958,-0.782977170961543,1.06002995419334,-2.17591855041535
"579",0.0571233792585077,1.23852138066958,-0.782977170961543,1.06002995419334,-2.17591855041535
"580",-0.0308750411787812,-1.69016790906777,-0.782977170961543,-0.452849433609594,0.0844386303146258
"581",-0.0308750411787812,-1.69016790906777,-0.782977170961543,-0.452849433609594,0.0844386303146258
"582",-0.0308750411787812,-1.69016790906777,-0.782977170961543,-0.452849433609594,0.0844386303146258
"583",-0.0308750411787812,-1.69016790906777,-0.782977170961543,-0.452849433609594,0.0844386303146258
"584",-0.0308750411787812,-1.69016790906777,-0.782977170961543,-0.452849433609594,0.0844386303146258
"585",-0.0308750411787812,-1.69016790906777,-0.782977170961543,-0.452849433609594,0.0844386303146258
"586",-0.0308750411787812,-1.69016790906777,-0.782977170961543,-0.452849433609594,0.0844386303146258
"587",-0.0308750411787812,-1.69016790906777,-0.782977170961543,-0.452849433609594,0.0844386303146258
"588",-0.0308750411787812,-1.69016790906777,-0.782977170961543,-0.452849433609594,0.0844386303146258
"589",-0.0308750411787812,-1.69016790906777,-0.782977170961543,-0.452849433609594,0.0844386303146258
"590",-0.0308750411787812,-1.69016790906777,-0.782977170961543,-0.452849433609594,0.0844386303146258
"591",-0.0308750411787812,-1.69016790906777,-0.782977170961543,-0.452849433609594,0.0844386303146258
"592",-0.0308750411787812,-1.69016790906777,-0.782977170961543,-0.452849433609594,0.0844386303146258
"593",-0.0308750411787812,-1.69016790906777,-0.782977170961543,-0.452849433609594,0.0844386303146258
"594",-0.0308750411787812,-1.69016790906777,-0.782977170961543,-0.452849433609594,0.0844386303146258
"595",-0.0308750411787812,-1.69016790906777,-0.782977170961543,-0.452849433609594,0.0844386303146258
"596",-0.0308750411787812,-1.69016790906777,-0.782977170961543,-0.452849433609594,0.0844386303146258
"597",-0.0308750411787812,-1.69016790906777,-0.782977170961543,-0.452849433609594,0.0844386303146258
"598",-0.0308750411787812,-1.69016790906777,-0.782977170961543,-0.452849433609594,0.0844386303146258
"599",-0.0308750411787812,-1.69016790906777,-0.782977170961543,-0.452849433609594,0.0844386303146258
"600",-0.0311485250821464,-0.225823264199096,1.28515228250803,-0.620947143365475,-0.292287566473704
"601",-0.0311485250821464,-0.225823264199096,1.28515228250803,-0.620947143365475,-0.292287566473704
"602",-0.0311485250821464,-0.225823264199096,1.28515228250803,-0.620947143365475,-0.292287566473704
"603",-0.0311485250821464,-0.225823264199096,1.28515228250803,-0.620947143365475,-0.292287566473704
"604",-0.0311485250821464,-0.225823264199096,1.28515228250803,-0.620947143365475,-0.292287566473704
"605",-0.0311485250821464,-0.225823264199096,1.28515228250803,-0.620947143365475,-0.292287566473704
"606",-0.0311485250821464,-0.225823264199096,1.28515228250803,-0.620947143365475,-0.292287566473704
"607",-0.0311485250821464,-0.225823264199096,1.28515228250803,-0.620947143365475,-0.292287566473704
"608",-0.0311485250821464,-0.225823264199096,1.28515228250803,-0.620947143365475,-0.292287566473704
"609",-0.0311485250821464,-0.225823264199096,1.28515228250803,-0.620947143365475,-0.292287566473704
"610",-0.0311485250821464,-0.225823264199096,1.28515228250803,-0.620947143365475,-0.292287566473704
"611",-0.0311485250821464,-0.225823264199096,1.28515228250803,-0.620947143365475,-0.292287566473704
"612",-0.0311485250821464,-0.225823264199096,1.28515228250803,-0.620947143365475,-0.292287566473704
"613",-0.0311485250821464,-0.225823264199096,1.28515228250803,-0.620947143365475,-0.292287566473704
"614",-0.0311485250821464,-0.225823264199096,1.28515228250803,-0.620947143365475,-0.292287566473704
"615",-0.0311485250821464,-0.225823264199096,1.28515228250803,-0.620947143365475,-0.292287566473704
"616",-0.0311485250821464,-0.225823264199096,1.28515228250803,-0.620947143365475,-0.292287566473704
"617",-0.0311485250821464,-0.225823264199096,1.28515228250803,-0.620947143365475,-0.292287566473704
"618",-0.0311485250821464,-0.225823264199096,1.28515228250803,-0.620947143365475,-0.292287566473704
"619",0.0571232815523613,0.750406499046686,-0.782977170961543,1.90051850297274,1.96806961425628
"620",0.0571232815523613,0.750406499046686,-0.782977170961543,1.90051850297274,1.96806961425628
"621",0.0571232815523613,0.750406499046686,-0.782977170961543,1.90051850297274,1.96806961425628
"622",0.0571232815523613,0.750406499046686,-0.782977170961543,1.90051850297274,1.96806961425628
"623",0.0571232815523613,0.750406499046686,-0.782977170961543,1.90051850297274,1.96806961425628
"624",0.0571232815523613,0.750406499046686,-0.782977170961543,1.90051850297274,1.96806961425628
"625",0.0571232815523613,0.750406499046686,-0.782977170961543,1.90051850297274,1.96806961425628
"626",0.0571232815523613,0.750406499046686,-0.782977170961543,1.90051850297274,1.96806961425628
"627",0.0571232815523613,0.750406499046686,-0.782977170961543,1.90051850297274,1.96806961425628
"628",0.0571232815523613,0.750406499046686,-0.782977170961543,1.90051850297274,1.96806961425628
"629",0.0571232815523613,0.750406499046686,-0.782977170961543,1.90051850297274,1.96806961425628
"630",0.0571232815523613,0.750406499046686,-0.782977170961543,1.90051850297274,1.96806961425628
"631",0.0571232815523613,0.750406499046686,-0.782977170961543,1.90051850297274,1.96806961425628
"632",0.0571232815523613,0.750406499046686,-0.782977170961543,1.90051850297274,1.96806961425628
"633",0.0571232815523613,0.750406499046686,-0.782977170961543,1.90051850297274,1.96806961425628
"634",0.0571232815523613,0.750406499046686,-0.782977170961543,1.90051850297274,1.96806961425628
"635",0.0571232815523613,0.750406499046686,-0.782977170961543,1.90051850297274,1.96806961425628
"636",0.0571232815523613,0.750406499046686,-0.782977170961543,1.90051850297274,1.96806961425628
"637",0.0571232815523613,0.750406499046686,-0.782977170961543,1.90051850297274,1.96806961425628
"638",0.0571232815523614,0.750406499046686,-0.782977170961543,1.90051850297274,1.96806961425628
"639",0.0571073501497517,0.262291617423795,0.251087555773246,-0.789044853121356,-1.04573996005036
"640",0.0571073501497517,0.262291617423795,0.251087555773246,-0.789044853121356,-1.04573996005036
"641",0.0571073501497517,0.262291617423795,0.251087555773246,-0.789044853121356,-1.04573996005036
"642",0.0571073501497517,0.262291617423795,0.251087555773246,-0.789044853121356,-1.04573996005036
"643",0.0571073501497517,0.262291617423795,0.251087555773246,-0.789044853121356,-1.04573996005036
"644",0.0571073501497517,0.262291617423795,0.251087555773246,-0.789044853121356,-1.04573996005036
"645",0.0571073501497517,0.262291617423795,0.251087555773246,-0.789044853121356,-1.04573996005036
"646",0.0571073501497517,0.262291617423795,0.251087555773246,-0.789044853121356,-1.04573996005036
"647",0.0571073501497517,0.262291617423795,0.251087555773246,-0.789044853121356,-1.04573996005036
"648",0.0571073501497517,0.262291617423795,0.251087555773246,-0.789044853121356,-1.04573996005036
"649",0.0571073501497517,0.262291617423795,0.251087555773246,-0.789044853121356,-1.04573996005036
"650",0.0571073501497517,0.262291617423795,0.251087555773246,-0.789044853121356,-1.04573996005036
"651",0.0571073501497517,0.262291617423795,0.251087555773246,-0.789044853121356,-1.04573996005036
"652",0.0571073501497517,0.262291617423795,0.251087555773246,-0.789044853121356,-1.04573996005036
"653",0.0571073501497517,0.262291617423795,0.251087555773246,-0.789044853121356,-1.04573996005036
"654",0.0571073501497517,0.262291617423795,0.251087555773246,-0.789044853121356,-1.04573996005036
"655",0.0571073501497517,0.262291617423795,0.251087555773246,-0.789044853121356,-1.04573996005036
"656",0.0571073501497517,0.262291617423795,0.251087555773246,-0.789044853121356,-1.04573996005036
"657",0.0571073501497517,0.262291617423795,0.251087555773246,-0.789044853121356,-1.04573996005036
"658",0.0571073501497517,0.262291617423795,0.251087555773246,-0.789044853121356,-1.04573996005036
"659",0.0571232340785158,-0.225823264199096,1.28515228250803,2.40481163224039,2.34479581104461
"660",0.0571232340785158,-0.225823264199096,1.28515228250803,2.40481163224039,2.34479581104461
"661",0.0571232340785158,-0.225823264199096,1.28515228250803,2.40481163224039,2.34479581104461
"662",0.0571232340785158,-0.225823264199096,1.28515228250803,2.40481163224039,2.34479581104461
"663",0.0571232340785158,-0.225823264199096,1.28515228250803,2.40481163224039,2.34479581104461
"664",0.0571232340785158,-0.225823264199096,1.28515228250803,2.40481163224039,2.34479581104461
"665",0.0571232340785158,-0.225823264199096,1.28515228250803,2.40481163224039,2.34479581104461
"666",0.0571232340785158,-0.225823264199096,1.28515228250803,2.40481163224039,2.34479581104461
"667",0.0571232340785158,-0.225823264199096,1.28515228250803,2.40481163224039,2.34479581104461
"668",0.0571232340785158,-0.225823264199096,1.28515228250803,2.40481163224039,2.34479581104461
"669",0.0571232340785158,-0.225823264199096,1.28515228250803,2.40481163224039,2.34479581104461
"670",0.0571232340785158,-0.225823264199096,1.28515228250803,2.40481163224039,2.34479581104461
"671",0.0571232340785158,-0.225823264199096,1.28515228250803,2.40481163224039,2.34479581104461
"672",0.0571232340785158,-0.225823264199096,1.28515228250803,2.40481163224039,2.34479581104461
"673",0.0571232340785158,-0.225823264199096,1.28515228250803,2.40481163224039,2.34479581104461
"674",0.0571232340785158,-0.225823264199096,1.28515228250803,2.40481163224039,2.34479581104461
"675",0.0571232340785158,-0.225823264199096,1.28515228250803,2.40481163224039,2.34479581104461
"676",0.0571232340785158,-0.225823264199096,1.28515228250803,2.40481163224039,2.34479581104461
"677",0.0571232340785158,-0.225823264199096,1.28515228250803,2.40481163224039,2.34479581104461
"678",0.0571232340785158,-0.225823264199096,1.28515228250803,2.40481163224039,2.34479581104461
"679",0.0186386252746289,0.262291617423795,-0.782977170961543,-0.452849433609594,0.0844386303146258
"680",0.0186386252746289,0.262291617423795,-0.782977170961543,-0.452849433609594,0.0844386303146258
"681",0.0186386252746289,0.262291617423795,-0.782977170961543,-0.452849433609594,0.0844386303146258
"682",0.0186386252746289,0.262291617423795,-0.782977170961543,-0.452849433609594,0.0844386303146258
"683",0.0186386252746289,0.262291617423795,-0.782977170961543,-0.452849433609594,0.0844386303146258
"684",0.0186386252746289,0.262291617423795,-0.782977170961543,-0.452849433609594,0.0844386303146258
"685",0.0186386252746289,0.262291617423795,-0.782977170961543,-0.452849433609594,0.0844386303146258
"686",0.0186386252746289,0.262291617423795,-0.782977170961543,-0.452849433609594,0.0844386303146258
"687",0.0186386252746289,0.262291617423795,-0.782977170961543,-0.452849433609594,0.0844386303146258
"688",0.0186386252746289,0.262291617423795,-0.782977170961543,-0.452849433609594,0.0844386303146258
"689",0.0186386252746289,0.262291617423795,-0.782977170961543,-0.452849433609594,0.0844386303146258
"690",0.0186386252746289,0.262291617423795,-0.782977170961543,-0.452849433609594,0.0844386303146258
"691",0.0186386252746289,0.262291617423795,-0.782977170961543,-0.452849433609594,0.0844386303146258
"692",0.0186386252746289,0.262291617423795,-0.782977170961543,-0.452849433609594,0.0844386303146258
"693",0.0186386252746289,0.262291617423795,-0.782977170961543,-0.452849433609594,0.0844386303146258
"694",0.0186386252746289,0.262291617423795,-0.782977170961543,-0.452849433609594,0.0844386303146258
"695",0.0186386252746289,0.262291617423795,-0.782977170961543,-0.452849433609594,0.0844386303146258
"696",0.0186386252746289,0.262291617423795,-0.782977170961543,-0.452849433609594,0.0844386303146258
