"","curr_std_envorig_scaled[, 1]","pcnm_keep_envorig","temp_scaled","sal_scaled","max_temp_scaled","min_sal_scaled"
"1","BAR",-0.0489794797815884,-0.123819209257679,1.27698152617092,-0.155902391115582,0.779511955577904
"2","BAR",-0.0489794797815879,-0.123819209257679,1.27698152617092,-0.155902391115582,0.779511955577904
"3","BAR",-0.0489794797815884,-0.123819209257679,1.27698152617092,-0.155902391115582,0.779511955577904
"4","BAR",-0.0489794797815883,-0.123819209257679,1.27698152617092,-0.155902391115582,0.779511955577904
"5","BAR",-0.0489794797815883,-0.123819209257679,1.27698152617092,-0.155902391115582,0.779511955577904
"6","BAR",-0.0489794797815883,-0.123819209257679,1.27698152617092,-0.155902391115582,0.779511955577904
"7","BAR",-0.0489794797815883,-0.123819209257679,1.27698152617092,-0.155902391115582,0.779511955577904
"8","BAR",-0.0489794797815883,-0.123819209257679,1.27698152617092,-0.155902391115582,0.779511955577904
"9","BAR",-0.0489794797815883,-0.123819209257679,1.27698152617092,-0.155902391115582,0.779511955577904
"10","BAR",-0.0489794797815883,-0.123819209257679,1.27698152617092,-0.155902391115582,0.779511955577904
"11","BAR",-0.0489794797815883,-0.123819209257679,1.27698152617092,-0.155902391115582,0.779511955577904
"12","BAR",-0.0489794797815883,-0.123819209257679,1.27698152617092,-0.155902391115582,0.779511955577904
"13","BAR",-0.0489794797815883,-0.123819209257679,1.27698152617092,-0.155902391115582,0.779511955577904
"14","BAR",-0.0489794797815883,-0.123819209257679,1.27698152617092,-0.155902391115582,0.779511955577904
"15","BAR",-0.0489794797815883,-0.123819209257679,1.27698152617092,-0.155902391115582,0.779511955577904
"16","BAR",-0.0489794797815883,-0.123819209257679,1.27698152617092,-0.155902391115582,0.779511955577904
"17","BAR",-0.0489794797815883,-0.123819209257679,1.27698152617092,-0.155902391115582,0.779511955577904
"18","BAR",-0.0489794797815883,-0.123819209257679,1.27698152617092,-0.155902391115582,0.779511955577904
"19","BAR",-0.0489794797815883,-0.123819209257679,1.27698152617092,-0.155902391115582,0.779511955577904
"20","BAR",-0.0489794797815883,-0.123819209257679,1.27698152617092,-0.155902391115582,0.779511955577904
"21","BAR",-0.0489794797815883,-0.123819209257679,1.27698152617092,-0.155902391115582,0.779511955577904
"22","BAR",-0.0489794797815883,-0.123819209257679,1.27698152617092,-0.155902391115582,0.779511955577904
"23","BAR",-0.0489794797815883,-0.123819209257679,1.27698152617092,-0.155902391115582,0.779511955577904
"24","BAR",-0.0489794797815883,-0.123819209257679,1.27698152617092,-0.155902391115582,0.779511955577904
"25","BAR",-0.0489794797815883,-0.123819209257679,1.27698152617092,-0.155902391115582,0.779511955577904
"26","BAR",-0.0489794797815883,-0.123819209257679,1.27698152617092,-0.155902391115582,0.779511955577904
"27","BAR",-0.0489794797815884,-0.123819209257679,1.27698152617092,-0.155902391115582,0.779511955577904
"28","BAR",-0.0489794797815883,-0.123819209257679,1.27698152617092,-0.155902391115582,0.779511955577904
"29","BAR",-0.0489794797815883,-0.123819209257679,1.27698152617092,-0.155902391115582,0.779511955577904
"30","BAR",-0.0489794797815883,-0.123819209257679,1.27698152617092,-0.155902391115582,0.779511955577904
"31","BAR",-0.0489794797815883,-0.123819209257679,1.27698152617092,-0.155902391115582,0.779511955577904
"32","BAR",-0.0489794797815883,-0.123819209257679,1.27698152617092,-0.155902391115582,0.779511955577904
"33","BAR",-0.0489794797815883,-0.123819209257679,1.27698152617092,-0.155902391115582,0.779511955577904
"34","BAR",-0.0489794797815883,-0.123819209257679,1.27698152617092,-0.155902391115582,0.779511955577904
"35","BAR",-0.0489794797815883,-0.123819209257679,1.27698152617092,-0.155902391115582,0.779511955577904
"36","BAR",-0.0489794797815883,-0.123819209257679,1.27698152617092,-0.155902391115582,0.779511955577904
"37","BAR",-0.0489794797815883,-0.123819209257679,1.27698152617092,-0.155902391115582,0.779511955577904
"38","BAR",-0.0489794797815883,-0.123819209257679,1.27698152617092,-0.155902391115582,0.779511955577904
"39","BAR",-0.0489794797815883,-0.123819209257679,1.27698152617092,-0.155902391115582,0.779511955577904
"40","BAR",-0.0489794797815883,-0.123819209257679,1.27698152617092,-0.155902391115582,0.779511955577904
"41","BAR",-0.0489794797815883,-0.123819209257679,1.27698152617092,-0.155902391115582,0.779511955577904
"42","BAR",-0.0489794797815883,-0.123819209257679,1.27698152617092,-0.155902391115582,0.779511955577904
"43","BAR",-0.0489794797815883,-0.123819209257679,1.27698152617092,-0.155902391115582,0.779511955577904
"44","BAR",-0.0489794797815883,-0.123819209257679,1.27698152617092,-0.155902391115582,0.779511955577904
"45","BAR",-0.0489794797815883,-0.123819209257679,1.27698152617092,-0.155902391115582,0.779511955577904
"46","BAR",-0.0489794797815884,-0.123819209257679,1.27698152617092,-0.155902391115582,0.779511955577904
"47","BAR",-0.0489794797815883,-0.123819209257679,1.27698152617092,-0.155902391115582,0.779511955577904
"48","BAR",-0.0489794797815883,-0.123819209257679,1.27698152617092,-0.155902391115582,0.779511955577904
"49","BJO",0.0624676866329662,-0.866734464803745,-1.0641512718091,-1.09131673780907,-2.02673108450255
"50","BJO",0.0624676866329662,-0.866734464803745,-1.0641512718091,-1.09131673780907,-2.02673108450255
"51","BJO",0.0624676866329662,-0.866734464803745,-1.0641512718091,-1.09131673780907,-2.02673108450255
"52","BJO",0.0624676866329662,-0.866734464803745,-1.0641512718091,-1.09131673780907,-2.02673108450255
"53","BJO",0.0624676866329662,-0.866734464803745,-1.0641512718091,-1.09131673780907,-2.02673108450255
"54","BJO",0.0624676866329662,-0.866734464803745,-1.0641512718091,-1.09131673780907,-2.02673108450255
"55","BJO",0.0624676866329662,-0.866734464803745,-1.0641512718091,-1.09131673780907,-2.02673108450255
"56","BJO",0.0624676866329662,-0.866734464803745,-1.0641512718091,-1.09131673780907,-2.02673108450255
"57","BJO",0.0624676866329662,-0.866734464803745,-1.0641512718091,-1.09131673780907,-2.02673108450255
"58","BJO",0.0624676866329662,-0.866734464803745,-1.0641512718091,-1.09131673780907,-2.02673108450255
"59","BJO",0.0624676866329662,-0.866734464803745,-1.0641512718091,-1.09131673780907,-2.02673108450255
"60","BJO",0.0624676866329662,-0.866734464803745,-1.0641512718091,-1.09131673780907,-2.02673108450255
"61","BJO",0.0624676866329662,-0.866734464803745,-1.0641512718091,-1.09131673780907,-2.02673108450255
"62","BJO",0.0624676866329662,-0.866734464803745,-1.0641512718091,-1.09131673780907,-2.02673108450255
"63","BJO",0.0624676866329662,-0.866734464803745,-1.0641512718091,-1.09131673780907,-2.02673108450255
"64","BJO",0.0624676866329662,-0.866734464803745,-1.0641512718091,-1.09131673780907,-2.02673108450255
"65","BJO",0.0624676866329662,-0.866734464803745,-1.0641512718091,-1.09131673780907,-2.02673108450255
"66","BJO",0.0624676866329662,-0.866734464803745,-1.0641512718091,-1.09131673780907,-2.02673108450255
"67","BJO",0.0624676866329662,-0.866734464803745,-1.0641512718091,-1.09131673780907,-2.02673108450255
"68","BJO",0.0624676866329662,-0.866734464803745,-1.0641512718091,-1.09131673780907,-2.02673108450255
"69","BJO",0.0624676866329662,-0.866734464803745,-1.0641512718091,-1.09131673780907,-2.02673108450255
"70","BJO",0.0624676866329662,-0.866734464803745,-1.0641512718091,-1.09131673780907,-2.02673108450255
"71","BJO",0.0624676866329662,-0.866734464803745,-1.0641512718091,-1.09131673780907,-2.02673108450255
"72","BJO",0.0624676866329662,-0.866734464803745,-1.0641512718091,-1.09131673780907,-2.02673108450255
"73","BJO",0.0624676866329662,-0.866734464803745,-1.0641512718091,-1.09131673780907,-2.02673108450255
"74","BJO",0.0624676866329662,-0.866734464803745,-1.0641512718091,-1.09131673780907,-2.02673108450255
"75","BJO",0.0624676866329662,-0.866734464803745,-1.0641512718091,-1.09131673780907,-2.02673108450255
"76","BJO",0.0624676866329662,-0.866734464803745,-1.0641512718091,-1.09131673780907,-2.02673108450255
"77","BJO",0.0624676866329662,-0.866734464803745,-1.0641512718091,-1.09131673780907,-2.02673108450255
"78","BJO",0.0624676866329662,-0.866734464803745,-1.0641512718091,-1.09131673780907,-2.02673108450255
"79","BJO",0.0624676866329662,-0.866734464803745,-1.0641512718091,-1.09131673780907,-2.02673108450255
"80","BJO",0.0624676866329662,-0.866734464803745,-1.0641512718091,-1.09131673780907,-2.02673108450255
"81","BJO",0.0624676866329662,-0.866734464803745,-1.0641512718091,-1.09131673780907,-2.02673108450255
"82","BJO",0.0624676866329662,-0.866734464803745,-1.0641512718091,-1.09131673780907,-2.02673108450255
"83","BJO",0.0624676866329662,-0.866734464803745,-1.0641512718091,-1.09131673780907,-2.02673108450255
"84","BJO",0.0624676866329662,-0.866734464803745,-1.0641512718091,-1.09131673780907,-2.02673108450255
"85","BJO",0.0624676866329662,-0.866734464803745,-1.0641512718091,-1.09131673780907,-2.02673108450255
"86","BJO",0.0624676866329662,-0.866734464803745,-1.0641512718091,-1.09131673780907,-2.02673108450255
"87","BJO",0.0624676866329662,-0.866734464803745,-1.0641512718091,-1.09131673780907,-2.02673108450255
"88","BJO",0.0624676866329662,-0.866734464803745,-1.0641512718091,-1.09131673780907,-2.02673108450255
"89","BJO",0.0624676866329662,-0.866734464803745,-1.0641512718091,-1.09131673780907,-2.02673108450255
"90","BJO",0.0624676866329662,-0.866734464803745,-1.0641512718091,-1.09131673780907,-2.02673108450255
"91","BJO",0.0624676866329662,-0.866734464803745,-1.0641512718091,-1.09131673780907,-2.02673108450255
"92","BJO",0.0624676866329662,-0.866734464803745,-1.0641512718091,-1.09131673780907,-2.02673108450255
"93","BJO",0.0624676866329662,-0.866734464803745,-1.0641512718091,-1.09131673780907,-2.02673108450255
"94","BJO",0.0624676866329662,-0.866734464803745,-1.0641512718091,-1.09131673780907,-2.02673108450255
"95","BJO",0.0624676866329662,-0.866734464803745,-1.0641512718091,-1.09131673780907,-2.02673108450255
"96","BJO",0.0624676866329662,-0.866734464803745,-1.0641512718091,-1.09131673780907,-2.02673108450255
"97","HOG",-0.0616204612270765,0.619096046288388,1.48981178053274,-1.09131673780907,0.779511955577904
"98","HOG",-0.0616204612270765,0.619096046288388,1.48981178053274,-1.09131673780907,0.779511955577904
"99","HOG",-0.0616204612270765,0.619096046288388,1.48981178053274,-1.09131673780907,0.779511955577904
"100","HOG",-0.0616204612270765,0.619096046288388,1.48981178053274,-1.09131673780907,0.779511955577904
"101","HOG",-0.0616204612270765,0.619096046288388,1.48981178053274,-1.09131673780907,0.779511955577904
"102","HOG",-0.0616204612270765,0.619096046288388,1.48981178053274,-1.09131673780907,0.779511955577904
"103","HOG",-0.0616204612270765,0.619096046288388,1.48981178053274,-1.09131673780907,0.779511955577904
"104","HOG",-0.0616204612270765,0.619096046288388,1.48981178053274,-1.09131673780907,0.779511955577904
"105","HOG",-0.0616204612270765,0.619096046288388,1.48981178053274,-1.09131673780907,0.779511955577904
"106","HOG",-0.0616204612270765,0.619096046288388,1.48981178053274,-1.09131673780907,0.779511955577904
"107","HOG",-0.0616204612270765,0.619096046288388,1.48981178053274,-1.09131673780907,0.779511955577904
"108","HOG",-0.0616204612270765,0.619096046288388,1.48981178053274,-1.09131673780907,0.779511955577904
"109","HOG",-0.0616204612270765,0.619096046288388,1.48981178053274,-1.09131673780907,0.779511955577904
"110","HOG",-0.0616204612270765,0.619096046288388,1.48981178053274,-1.09131673780907,0.779511955577904
"111","HOG",-0.0616204612270765,0.619096046288388,1.48981178053274,-1.09131673780907,0.779511955577904
"112","HOG",-0.0616204612270765,0.619096046288388,1.48981178053274,-1.09131673780907,0.779511955577904
"113","HOG",-0.0616204612270765,0.619096046288388,1.48981178053274,-1.09131673780907,0.779511955577904
"114","HOG",-0.0616204612270765,0.619096046288388,1.48981178053274,-1.09131673780907,0.779511955577904
"115","HOG",-0.0616204612270765,0.619096046288388,1.48981178053274,-1.09131673780907,0.779511955577904
"116","HOG",-0.0616204612270765,0.619096046288388,1.48981178053274,-1.09131673780907,0.779511955577904
"117","HOG",-0.0616204612270765,0.619096046288388,1.48981178053274,-1.09131673780907,0.779511955577904
"118","HOG",-0.0616204612270765,0.619096046288388,1.48981178053274,-1.09131673780907,0.779511955577904
"119","HOG",-0.0616204612270765,0.619096046288388,1.48981178053274,-1.09131673780907,0.779511955577904
"120","HOG",-0.0616204612270765,0.619096046288388,1.48981178053274,-1.09131673780907,0.779511955577904
"121","HOG",-0.0616204612270765,0.619096046288388,1.48981178053274,-1.09131673780907,0.779511955577904
"122","HOG",-0.0616204612270765,0.619096046288388,1.48981178053274,-1.09131673780907,0.779511955577904
"123","HOG",-0.0616204612270765,0.619096046288388,1.48981178053274,-1.09131673780907,0.779511955577904
"124","HOG",-0.0616204612270765,0.619096046288388,1.48981178053274,-1.09131673780907,0.779511955577904
"125","HOG",-0.0616204612270765,0.619096046288388,1.48981178053274,-1.09131673780907,0.779511955577904
"126","HOG",-0.0616204612270765,0.619096046288388,1.48981178053274,-1.09131673780907,0.779511955577904
"127","HOG",-0.0616204612270765,0.619096046288388,1.48981178053274,-1.09131673780907,0.779511955577904
"128","HOG",-0.0616204612270765,0.619096046288388,1.48981178053274,-1.09131673780907,0.779511955577904
"129","HOG",-0.0616204612270765,0.619096046288388,1.48981178053274,-1.09131673780907,0.779511955577904
"130","HOG",-0.0616204612270765,0.619096046288388,1.48981178053274,-1.09131673780907,0.779511955577904
"131","HOG",-0.0616204612270765,0.619096046288388,1.48981178053274,-1.09131673780907,0.779511955577904
"132","HOG",-0.0616204612270765,0.619096046288388,1.48981178053274,-1.09131673780907,0.779511955577904
"133","HOG",-0.0616204612270765,0.619096046288388,1.48981178053274,-1.09131673780907,0.779511955577904
"134","HOG",-0.0616204612270765,0.619096046288388,1.48981178053274,-1.09131673780907,0.779511955577904
"135","HOG",-0.0616204612270765,0.619096046288388,1.48981178053274,-1.09131673780907,0.779511955577904
"136","HOG",-0.0616204612270765,0.619096046288388,1.48981178053274,-1.09131673780907,0.779511955577904
"137","HOG",-0.0616204612270765,0.619096046288388,1.48981178053274,-1.09131673780907,0.779511955577904
"138","HOG",-0.0616204612270765,0.619096046288388,1.48981178053274,-1.09131673780907,0.779511955577904
"139","HOG",-0.0616204612270765,0.619096046288388,1.48981178053274,-1.09131673780907,0.779511955577904
"140","HOG",-0.0616204612270765,0.619096046288388,1.48981178053274,-1.09131673780907,0.779511955577904
"141","HOG",-0.0616204612270765,0.619096046288388,1.48981178053274,-1.09131673780907,0.779511955577904
"142","HOG",-0.0616204612270765,0.619096046288388,1.48981178053274,-1.09131673780907,0.779511955577904
"143","HOG",-0.0616204612270765,0.619096046288388,1.48981178053274,-1.09131673780907,0.779511955577904
"144","HOG",-0.0616204612270765,0.619096046288388,1.48981178053274,-1.09131673780907,0.779511955577904
"145","HOR",0.07622766957897,-1.60964972034981,-0.638490763085461,0.779511955577903,-0.155902391115581
"146","HOR",0.07622766957897,-1.60964972034981,-0.638490763085461,0.779511955577903,-0.155902391115581
"147","HOR",0.07622766957897,-1.60964972034981,-0.638490763085461,0.779511955577903,-0.155902391115581
"148","HOR",0.07622766957897,-1.60964972034981,-0.638490763085461,0.779511955577903,-0.155902391115581
"149","HOR",0.07622766957897,-1.60964972034981,-0.638490763085461,0.779511955577903,-0.155902391115581
"150","HOR",0.07622766957897,-1.60964972034981,-0.638490763085461,0.779511955577903,-0.155902391115581
"151","HOR",0.07622766957897,-1.60964972034981,-0.638490763085461,0.779511955577903,-0.155902391115581
"152","HOR",0.07622766957897,-1.60964972034981,-0.638490763085461,0.779511955577903,-0.155902391115581
"153","HOR",0.07622766957897,-1.60964972034981,-0.638490763085461,0.779511955577903,-0.155902391115581
"154","HOR",0.07622766957897,-1.60964972034981,-0.638490763085461,0.779511955577903,-0.155902391115581
"155","HOR",0.07622766957897,-1.60964972034981,-0.638490763085461,0.779511955577903,-0.155902391115581
"156","HOR",0.07622766957897,-1.60964972034981,-0.638490763085461,0.779511955577903,-0.155902391115581
"157","HOR",0.07622766957897,-1.60964972034981,-0.638490763085461,0.779511955577903,-0.155902391115581
"158","HOR",0.07622766957897,-1.60964972034981,-0.638490763085461,0.779511955577903,-0.155902391115581
"159","HOR",0.07622766957897,-1.60964972034981,-0.638490763085461,0.779511955577903,-0.155902391115581
"160","HOR",0.07622766957897,-1.60964972034981,-0.638490763085461,0.779511955577903,-0.155902391115581
"161","HOR",0.07622766957897,-1.60964972034981,-0.638490763085461,0.779511955577903,-0.155902391115581
"162","HOR",0.07622766957897,-1.60964972034981,-0.638490763085461,0.779511955577903,-0.155902391115581
"163","HOR",0.07622766957897,-1.60964972034981,-0.638490763085461,0.779511955577903,-0.155902391115581
"164","HOR",0.07622766957897,-1.60964972034981,-0.638490763085461,0.779511955577903,-0.155902391115581
"165","HOR",0.07622766957897,-1.60964972034981,-0.638490763085461,0.779511955577903,-0.155902391115581
"166","HOR",0.07622766957897,-1.60964972034981,-0.638490763085461,0.779511955577903,-0.155902391115581
"167","HOR",0.07622766957897,-1.60964972034981,-0.638490763085461,0.779511955577903,-0.155902391115581
"168","HOR",0.07622766957897,-1.60964972034981,-0.638490763085461,0.779511955577903,-0.155902391115581
"169","HOR",0.07622766957897,-1.60964972034981,-0.638490763085461,0.779511955577903,-0.155902391115581
"170","HOR",0.07622766957897,-1.60964972034981,-0.638490763085461,0.779511955577903,-0.155902391115581
"171","HOR",0.07622766957897,-1.60964972034981,-0.638490763085461,0.779511955577903,-0.155902391115581
"172","HOR",0.07622766957897,-1.60964972034981,-0.638490763085461,0.779511955577903,-0.155902391115581
"173","HOR",0.07622766957897,-1.60964972034981,-0.638490763085461,0.779511955577903,-0.155902391115581
"174","HOR",0.07622766957897,-1.60964972034981,-0.638490763085461,0.779511955577903,-0.155902391115581
"175","HOR",0.07622766957897,-1.60964972034981,-0.638490763085461,0.779511955577903,-0.155902391115581
"176","HOR",0.07622766957897,-1.60964972034981,-0.638490763085461,0.779511955577903,-0.155902391115581
"177","HOR",0.07622766957897,-1.60964972034981,-0.638490763085461,0.779511955577903,-0.155902391115581
"178","HOR",0.07622766957897,-1.60964972034981,-0.638490763085461,0.779511955577903,-0.155902391115581
"179","HOR",0.07622766957897,-1.60964972034981,-0.638490763085461,0.779511955577903,-0.155902391115581
"180","HOR",0.07622766957897,-1.60964972034981,-0.638490763085461,0.779511955577903,-0.155902391115581
"181","HOR",0.07622766957897,-1.60964972034981,-0.638490763085461,0.779511955577903,-0.155902391115581
"182","HOR",0.07622766957897,-1.60964972034981,-0.638490763085461,0.779511955577903,-0.155902391115581
"183","HOR",0.07622766957897,-1.60964972034981,-0.638490763085461,0.779511955577903,-0.155902391115581
"184","HOR",0.07622766957897,-1.60964972034981,-0.638490763085461,0.779511955577903,-0.155902391115581
"185","HOR",0.07622766957897,-1.60964972034981,-0.638490763085461,0.779511955577903,-0.155902391115581
"186","HOR",0.07622766957897,-1.60964972034981,-0.638490763085461,0.779511955577903,-0.155902391115581
"187","HOR",0.07622766957897,-1.60964972034981,-0.638490763085461,0.779511955577903,-0.155902391115581
"188","HOR",0.07622766957897,-1.60964972034981,-0.638490763085461,0.779511955577903,-0.155902391115581
"189","HOR",0.07622766957897,-1.60964972034981,-0.638490763085461,0.779511955577903,-0.155902391115581
"190","HOR",0.07622766957897,-1.60964972034981,-0.638490763085461,0.779511955577903,-0.155902391115581
"191","HOR",0.07622766957897,-1.60964972034981,-0.638490763085461,0.779511955577903,-0.155902391115581
"192","HOR",0.07622766957897,-1.60964972034981,-0.638490763085461,0.779511955577903,-0.155902391115581
"193","KAL",0.0335428218731634,1.36201130183445,-0.638490763085461,1.71492630227139,-0.155902391115581
"194","KAL",0.0335428218731634,1.36201130183445,-0.638490763085461,1.71492630227139,-0.155902391115581
"195","KAL",0.0335428218731634,1.36201130183445,-0.638490763085461,1.71492630227139,-0.155902391115581
"196","KAL",0.0335428218731634,1.36201130183445,-0.638490763085461,1.71492630227139,-0.155902391115581
"197","KAL",0.0335428218731634,1.36201130183445,-0.638490763085461,1.71492630227139,-0.155902391115581
"198","KAL",0.0335428218731634,1.36201130183445,-0.638490763085461,1.71492630227139,-0.155902391115581
"199","KAL",0.0335428218731634,1.36201130183445,-0.638490763085461,1.71492630227139,-0.155902391115581
"200","KAL",0.0335428218731634,1.36201130183445,-0.638490763085461,1.71492630227139,-0.155902391115581
"201","KAL",0.0335428218731634,1.36201130183445,-0.638490763085461,1.71492630227139,-0.155902391115581
"202","KAL",0.0335428218731634,1.36201130183445,-0.638490763085461,1.71492630227139,-0.155902391115581
"203","KAL",0.0335428218731634,1.36201130183445,-0.638490763085461,1.71492630227139,-0.155902391115581
"204","KAL",0.0335428218731634,1.36201130183445,-0.638490763085461,1.71492630227139,-0.155902391115581
"205","KAL",0.0335428218731634,1.36201130183445,-0.638490763085461,1.71492630227139,-0.155902391115581
"206","KAL",0.0335428218731634,1.36201130183445,-0.638490763085461,1.71492630227139,-0.155902391115581
"207","KAL",0.0335428218731634,1.36201130183445,-0.638490763085461,1.71492630227139,-0.155902391115581
"208","KAL",0.0335428218731634,1.36201130183445,-0.638490763085461,1.71492630227139,-0.155902391115581
"209","KAL",0.0335428218731634,1.36201130183445,-0.638490763085461,1.71492630227139,-0.155902391115581
"210","KAL",0.0335428218731634,1.36201130183445,-0.638490763085461,1.71492630227139,-0.155902391115581
"211","KAL",0.0335428218731634,1.36201130183445,-0.638490763085461,1.71492630227139,-0.155902391115581
"212","KAL",0.0335428218731634,1.36201130183445,-0.638490763085461,1.71492630227139,-0.155902391115581
"213","KAL",0.0335428218731634,1.36201130183445,-0.638490763085461,1.71492630227139,-0.155902391115581
"214","KAL",0.0335428218731634,1.36201130183445,-0.638490763085461,1.71492630227139,-0.155902391115581
"215","KAL",0.0335428218731634,1.36201130183445,-0.638490763085461,1.71492630227139,-0.155902391115581
"216","KAL",0.0335428218731634,1.36201130183445,-0.638490763085461,1.71492630227139,-0.155902391115581
"217","KAL",0.0335428218731634,1.36201130183445,-0.638490763085461,1.71492630227139,-0.155902391115581
"218","KAL",0.0335428218731634,1.36201130183445,-0.638490763085461,1.71492630227139,-0.155902391115581
"219","KAL",0.0335428218731634,1.36201130183445,-0.638490763085461,1.71492630227139,-0.155902391115581
"220","KAL",0.0335428218731634,1.36201130183445,-0.638490763085461,1.71492630227139,-0.155902391115581
"221","KAL",0.0335428218731634,1.36201130183445,-0.638490763085461,1.71492630227139,-0.155902391115581
"222","KAL",0.0335428218731634,1.36201130183445,-0.638490763085461,1.71492630227139,-0.155902391115581
"223","KAL",0.0335428218731634,1.36201130183445,-0.638490763085461,1.71492630227139,-0.155902391115581
"224","KAL",0.0335428218731634,1.36201130183445,-0.638490763085461,1.71492630227139,-0.155902391115581
"225","KAL",0.0335428218731634,1.36201130183445,-0.638490763085461,1.71492630227139,-0.155902391115581
"226","KAL",0.0335428218731634,1.36201130183445,-0.638490763085461,1.71492630227139,-0.155902391115581
"227","KAL",0.0335428218731634,1.36201130183445,-0.638490763085461,1.71492630227139,-0.155902391115581
"228","KAL",0.0335428218731634,1.36201130183445,-0.638490763085461,1.71492630227139,-0.155902391115581
"229","KAL",0.0335428218731634,1.36201130183445,-0.638490763085461,1.71492630227139,-0.155902391115581
"230","KAL",0.0335428218731634,1.36201130183445,-0.638490763085461,1.71492630227139,-0.155902391115581
"231","KAL",0.0335428218731634,1.36201130183445,-0.638490763085461,1.71492630227139,-0.155902391115581
"232","KAL",0.0335428218731634,1.36201130183445,-0.638490763085461,1.71492630227139,-0.155902391115581
"233","KAL",0.0335428218731634,1.36201130183445,-0.638490763085461,1.71492630227139,-0.155902391115581
"234","KAL",0.0335428218731634,1.36201130183445,-0.638490763085461,1.71492630227139,-0.155902391115581
"235","KAL",0.0335428218731634,1.36201130183445,-0.638490763085461,1.71492630227139,-0.155902391115581
"236","KAL",0.0335428218731634,1.36201130183445,-0.638490763085461,1.71492630227139,-0.155902391115581
"237","KAL",0.0335428218731634,1.36201130183445,-0.638490763085461,1.71492630227139,-0.155902391115581
"238","KAL",0.0335428218731634,1.36201130183445,-0.638490763085461,1.71492630227139,-0.155902391115581
"239","KAL",0.0335428218731634,1.36201130183445,-0.638490763085461,1.71492630227139,-0.155902391115581
"240","KAL",0.0335428218731634,1.36201130183445,-0.638490763085461,1.71492630227139,-0.155902391115581
"241","KUR",-0.061638237076435,0.619096046288388,-0.425660508723641,-0.155902391115582,0.779511955577904
"242","KUR",-0.061638237076435,0.619096046288388,-0.425660508723641,-0.155902391115582,0.779511955577904
"243","KUR",-0.061638237076435,0.619096046288388,-0.425660508723641,-0.155902391115582,0.779511955577904
"244","KUR",-0.061638237076435,0.619096046288388,-0.425660508723641,-0.155902391115582,0.779511955577904
"245","KUR",-0.061638237076435,0.619096046288388,-0.425660508723641,-0.155902391115582,0.779511955577904
"246","KUR",-0.061638237076435,0.619096046288388,-0.425660508723641,-0.155902391115582,0.779511955577904
"247","KUR",-0.061638237076435,0.619096046288388,-0.425660508723641,-0.155902391115582,0.779511955577904
"248","KUR",-0.061638237076435,0.619096046288388,-0.425660508723641,-0.155902391115582,0.779511955577904
"249","KUR",-0.061638237076435,0.619096046288388,-0.425660508723641,-0.155902391115582,0.779511955577904
"250","KUR",-0.061638237076435,0.619096046288388,-0.425660508723641,-0.155902391115582,0.779511955577904
"251","KUR",-0.061638237076435,0.619096046288388,-0.425660508723641,-0.155902391115582,0.779511955577904
"252","KUR",-0.061638237076435,0.619096046288388,-0.425660508723641,-0.155902391115582,0.779511955577904
"253","KUR",-0.061638237076435,0.619096046288388,-0.425660508723641,-0.155902391115582,0.779511955577904
"254","KUR",-0.061638237076435,0.619096046288388,-0.425660508723641,-0.155902391115582,0.779511955577904
"255","KUR",-0.061638237076435,0.619096046288388,-0.425660508723641,-0.155902391115582,0.779511955577904
"256","KUR",-0.061638237076435,0.619096046288388,-0.425660508723641,-0.155902391115582,0.779511955577904
"257","KUR",-0.061638237076435,0.619096046288388,-0.425660508723641,-0.155902391115582,0.779511955577904
"258","KUR",-0.061638237076435,0.619096046288388,-0.425660508723641,-0.155902391115582,0.779511955577904
"259","KUR",-0.061638237076435,0.619096046288388,-0.425660508723641,-0.155902391115582,0.779511955577904
"260","KUR",-0.061638237076435,0.619096046288388,-0.425660508723641,-0.155902391115582,0.779511955577904
"261","KUR",-0.061638237076435,0.619096046288388,-0.425660508723641,-0.155902391115582,0.779511955577904
"262","KUR",-0.061638237076435,0.619096046288388,-0.425660508723641,-0.155902391115582,0.779511955577904
"263","KUR",-0.061638237076435,0.619096046288388,-0.425660508723641,-0.155902391115582,0.779511955577904
"264","KUR",-0.061638237076435,0.619096046288388,-0.425660508723641,-0.155902391115582,0.779511955577904
"265","KUR",-0.061638237076435,0.619096046288388,-0.425660508723641,-0.155902391115582,0.779511955577904
"266","KUR",-0.061638237076435,0.619096046288388,-0.425660508723641,-0.155902391115582,0.779511955577904
"267","KUR",-0.061638237076435,0.619096046288388,-0.425660508723641,-0.155902391115582,0.779511955577904
"268","KUR",-0.061638237076435,0.619096046288388,-0.425660508723641,-0.155902391115582,0.779511955577904
"269","KUR",-0.061638237076435,0.619096046288388,-0.425660508723641,-0.155902391115582,0.779511955577904
"270","KUR",-0.061638237076435,0.619096046288388,-0.425660508723641,-0.155902391115582,0.779511955577904
"271","KUR",-0.061638237076435,0.619096046288388,-0.425660508723641,-0.155902391115582,0.779511955577904
"272","KUR",-0.061638237076435,0.619096046288388,-0.425660508723641,-0.155902391115582,0.779511955577904
"273","KUR",-0.061638237076435,0.619096046288388,-0.425660508723641,-0.155902391115582,0.779511955577904
"274","KUR",-0.061638237076435,0.619096046288388,-0.425660508723641,-0.155902391115582,0.779511955577904
"275","KUR",-0.061638237076435,0.619096046288388,-0.425660508723641,-0.155902391115582,0.779511955577904
"276","KUR",-0.061638237076435,0.619096046288388,-0.425660508723641,-0.155902391115582,0.779511955577904
"277","KUR",-0.061638237076435,0.619096046288388,-0.425660508723641,-0.155902391115582,0.779511955577904
"278","KUR",-0.061638237076435,0.619096046288388,-0.425660508723641,-0.155902391115582,0.779511955577904
"279","KUR",-0.061638237076435,0.619096046288388,-0.425660508723641,-0.155902391115582,0.779511955577904
"280","KUR",-0.061638237076435,0.619096046288388,-0.425660508723641,-0.155902391115582,0.779511955577904
"281","KUR",-0.061638237076435,0.619096046288388,-0.425660508723641,-0.155902391115582,0.779511955577904
"282","KUR",-0.061638237076435,0.619096046288388,-0.425660508723641,-0.155902391115582,0.779511955577904
"283","KUR",-0.061638237076435,0.619096046288388,-0.425660508723641,-0.155902391115582,0.779511955577904
"284","KUR",-0.061638237076435,0.619096046288388,-0.425660508723641,-0.155902391115582,0.779511955577904
"285","KUR",-0.061638237076435,0.619096046288388,-0.425660508723641,-0.155902391115582,0.779511955577904
"286","KUR",-0.061638237076435,0.619096046288388,-0.425660508723641,-0.155902391115582,0.779511955577904
"287","KUR",-0.061638237076435,0.619096046288388,-0.425660508723641,-0.155902391115582,0.779511955577904
"288","KUR",-0.061638237076435,0.619096046288388,-0.425660508723641,-0.155902391115582,0.779511955577904
