"","pop","bagnum","tank","genet","trt","ind","region","site_full","lat","long","temp_scaled","max_temp_scaled","sal_scaled","min_sal_scaled"
"1","BAR","182","B2","gen-23","TempWarm-16psu","BAR_gen-23","Barsebäck","Barsebäck hamn",55.75528,12.90189,-0.123819209257679,1.27698152617092,-0.155902391115582,0.779511955577904
"2","BAR","127","A4","gen-16","TempWarm-5psu","BAR_gen-16","Barsebäck","Barsebäck hamn",55.75528,12.90189,-0.123819209257679,1.27698152617092,-0.155902391115582,0.779511955577904
"3","BAR","138","B1","gen-18","TempWarm-5psu","BAR_gen-18","Barsebäck","Barsebäck hamn",55.75528,12.90189,-0.123819209257679,1.27698152617092,-0.155902391115582,0.779511955577904
"4","BAR","173","B2","gen-22","TempWarm-5psu","BAR_gen-22","Barsebäck","Barsebäck hamn",55.75528,12.90189,-0.123819209257679,1.27698152617092,-0.155902391115582,0.779511955577904
"5","BAR","154","B1","gen-20","TempWarm-5psu","BAR_gen-20","Barsebäck","Barsebäck hamn",55.75528,12.90189,-0.123819209257679,1.27698152617092,-0.155902391115582,0.779511955577904
"6","BAR","161","B2","gen-21","TempWarm-16psu","BAR_gen-21","Barsebäck","Barsebäck hamn",55.75528,12.90189,-0.123819209257679,1.27698152617092,-0.155902391115582,0.779511955577904
"7","BAR","249","B4","gen-32","TempWarm-5psu","BAR_gen-32","Barsebäck","Barsebäck hamn",55.75528,12.90189,-0.123819209257679,1.27698152617092,-0.155902391115582,0.779511955577904
"8","BAR","149","B1","gen-19","TempWarm-16psu","BAR_gen-19","Barsebäck","Barsebäck hamn",55.75528,12.90189,-0.123819209257679,1.27698152617092,-0.155902391115582,0.779511955577904
"9","BAR","192","B2","gen-24","TempWarm-5psu","BAR_gen-24","Barsebäck","Barsebäck hamn",55.75528,12.90189,-0.123819209257679,1.27698152617092,-0.155902391115582,0.779511955577904
"10","BAR","339","C3","gen-43","TempControl-21psu","BAR_gen-43","Barsebäck","Barsebäck hamn",55.75528,12.90189,-0.123819209257679,1.27698152617092,-0.155902391115582,0.779511955577904
"11","BAR","348","C3","gen-44","TempControl-7psu","BAR_gen-44","Barsebäck","Barsebäck hamn",55.75528,12.90189,-0.123819209257679,1.27698152617092,-0.155902391115582,0.779511955577904
"12","BAR","325","C3","gen-41","TempControl-21psu","BAR_gen-41","Barsebäck","Barsebäck hamn",55.75528,12.90189,-0.123819209257679,1.27698152617092,-0.155902391115582,0.779511955577904
"13","BAR","114","A4","gen-15","TempWarm-16psu","BAR_gen-15","Barsebäck","Barsebäck hamn",55.75528,12.90189,-0.123819209257679,1.27698152617092,-0.155902391115582,0.779511955577904
"14","BAR","376","C4","gen-47","TempControl-21psu","BAR_gen-47","Barsebäck","Barsebäck hamn",55.75528,12.90189,-0.123819209257679,1.27698152617092,-0.155902391115582,0.779511955577904
"15","BAR","129","B1","gen-17","TempWarm-16psu","BAR_gen-17","Barsebäck","Barsebäck hamn",55.75528,12.90189,-0.123819209257679,1.27698152617092,-0.155902391115582,0.779511955577904
"16","BAR","262","C1","gen-33","TempControl-21psu","BAR_gen-33","Barsebäck","Barsebäck hamn",55.75528,12.90189,-0.123819209257679,1.27698152617092,-0.155902391115582,0.779511955577904
"17","BAR","268","C1","gen-34","TempControl-7psu","BAR_gen-34","Barsebäck","Barsebäck hamn",55.75528,12.90189,-0.123819209257679,1.27698152617092,-0.155902391115582,0.779511955577904
"18","BAR","276","C1","gen-35","TempControl-21psu","BAR_gen-35","Barsebäck","Barsebäck hamn",55.75528,12.90189,-0.123819209257679,1.27698152617092,-0.155902391115582,0.779511955577904
"19","BAR","288","C1","gen-36","TempControl-7psu","BAR_gen-36","Barsebäck","Barsebäck hamn",55.75528,12.90189,-0.123819209257679,1.27698152617092,-0.155902391115582,0.779511955577904
"20","BAR","291","C2","gen-37","TempControl-21psu","BAR_gen-37","Barsebäck","Barsebäck hamn",55.75528,12.90189,-0.123819209257679,1.27698152617092,-0.155902391115582,0.779511955577904
"21","BAR","301","C2","gen-38","TempControl-7psu","BAR_gen-38","Barsebäck","Barsebäck hamn",55.75528,12.90189,-0.123819209257679,1.27698152617092,-0.155902391115582,0.779511955577904
"22","BAR","308","C2","gen-39","TempControl-21psu","BAR_gen-39","Barsebäck","Barsebäck hamn",55.75528,12.90189,-0.123819209257679,1.27698152617092,-0.155902391115582,0.779511955577904
"23","BAR","320","C2","gen-40","TempControl-7psu","BAR_gen-40","Barsebäck","Barsebäck hamn",55.75528,12.90189,-0.123819209257679,1.27698152617092,-0.155902391115582,0.779511955577904
"24","BAR","083","A3","gen-11","TempWarm-16psu","BAR_gen-11","Barsebäck","Barsebäck hamn",55.75528,12.90189,-0.123819209257679,1.27698152617092,-0.155902391115582,0.779511955577904
"25","BAR","358","C4","gen-45","TempControl-21psu","BAR_gen-45","Barsebäck","Barsebäck hamn",55.75528,12.90189,-0.123819209257679,1.27698152617092,-0.155902391115582,0.779511955577904
"26","BAR","365","C4","gen-46","TempControl-7psu","BAR_gen-46","Barsebäck","Barsebäck hamn",55.75528,12.90189,-0.123819209257679,1.27698152617092,-0.155902391115582,0.779511955577904
"27","BAR","003","A1","gen-01","TempControl-21psu","BAR_gen-01","Barsebäck","Barsebäck hamn",55.75528,12.90189,-0.123819209257679,1.27698152617092,-0.155902391115582,0.779511955577904
"28","BAR","016","A1","gen-02","TempControl-7psu","BAR_gen-02","Barsebäck","Barsebäck hamn",55.75528,12.90189,-0.123819209257679,1.27698152617092,-0.155902391115582,0.779511955577904
"29","BAR","021","A1","gen-03","TempControl-21psu","BAR_gen-03","Barsebäck","Barsebäck hamn",55.75528,12.90189,-0.123819209257679,1.27698152617092,-0.155902391115582,0.779511955577904
"30","BAR","028","A1","gen-04","TempControl-7psu","BAR_gen-04","Barsebäck","Barsebäck hamn",55.75528,12.90189,-0.123819209257679,1.27698152617092,-0.155902391115582,0.779511955577904
"31","BAR","038","A2","gen-05","TempControl-21psu","BAR_gen-05","Barsebäck","Barsebäck hamn",55.75528,12.90189,-0.123819209257679,1.27698152617092,-0.155902391115582,0.779511955577904
"32","BAR","045","A2","gen-06","TempControl-7psu","BAR_gen-06","Barsebäck","Barsebäck hamn",55.75528,12.90189,-0.123819209257679,1.27698152617092,-0.155902391115582,0.779511955577904
"33","BAR","056","A2","gen-07","TempControl-21psu","BAR_gen-07","Barsebäck","Barsebäck hamn",55.75528,12.90189,-0.123819209257679,1.27698152617092,-0.155902391115582,0.779511955577904
"34","BAR","063","A2","gen-08","TempControl-7psu","BAR_gen-08","Barsebäck","Barsebäck hamn",55.75528,12.90189,-0.123819209257679,1.27698152617092,-0.155902391115582,0.779511955577904
"35","BAR","070","A3","gen-09","TempWarm-16psu","BAR_gen-09","Barsebäck","Barsebäck hamn",55.75528,12.90189,-0.123819209257679,1.27698152617092,-0.155902391115582,0.779511955577904
"36","BAR","076","A3","gen-10","TempWarm-5psu","BAR_gen-10","Barsebäck","Barsebäck hamn",55.75528,12.90189,-0.123819209257679,1.27698152617092,-0.155902391115582,0.779511955577904
"37","BAR","329","C3","gen-42","TempControl-7psu","BAR_gen-42","Barsebäck","Barsebäck hamn",55.75528,12.90189,-0.123819209257679,1.27698152617092,-0.155902391115582,0.779511955577904
"38","BAR","090","A3","gen-12","TempWarm-5psu","BAR_gen-12","Barsebäck","Barsebäck hamn",55.75528,12.90189,-0.123819209257679,1.27698152617092,-0.155902391115582,0.779511955577904
"39","BAR","100","A4","gen-13","TempWarm-16psu","BAR_gen-13","Barsebäck","Barsebäck hamn",55.75528,12.90189,-0.123819209257679,1.27698152617092,-0.155902391115582,0.779511955577904
"40","BAR","110","A4","gen-14","TempWarm-5psu","BAR_gen-14","Barsebäck","Barsebäck hamn",55.75528,12.90189,-0.123819209257679,1.27698152617092,-0.155902391115582,0.779511955577904
"41","BAR","197","B3","gen-25","TempWarm-16psu","BAR_gen-25","Barsebäck","Barsebäck hamn",55.75528,12.90189,-0.123819209257679,1.27698152617092,-0.155902391115582,0.779511955577904
"42","BAR","208","B3","gen-26","TempWarm-5psu","BAR_gen-26","Barsebäck","Barsebäck hamn",55.75528,12.90189,-0.123819209257679,1.27698152617092,-0.155902391115582,0.779511955577904
"43","BAR","210","B3","gen-27","TempWarm-16psu","BAR_gen-27","Barsebäck","Barsebäck hamn",55.75528,12.90189,-0.123819209257679,1.27698152617092,-0.155902391115582,0.779511955577904
"44","BAR","219","B3","gen-28","TempWarm-5psu","BAR_gen-28","Barsebäck","Barsebäck hamn",55.75528,12.90189,-0.123819209257679,1.27698152617092,-0.155902391115582,0.779511955577904
"45","BAR","230","B4","gen-29","TempWarm-16psu","BAR_gen-29","Barsebäck","Barsebäck hamn",55.75528,12.90189,-0.123819209257679,1.27698152617092,-0.155902391115582,0.779511955577904
"46","BAR","235","B4","gen-30","TempWarm-5psu","BAR_gen-30","Barsebäck","Barsebäck hamn",55.75528,12.90189,-0.123819209257679,1.27698152617092,-0.155902391115582,0.779511955577904
"47","BAR","244","B4","gen-31","TempWarm-16psu","BAR_gen-31","Barsebäck","Barsebäck hamn",55.75528,12.90189,-0.123819209257679,1.27698152617092,-0.155902391115582,0.779511955577904
"48","BAR","379","C4","gen-48","TempControl-7psu","BAR_gen-48","Barsebäck","Barsebäck hamn",55.75528,12.90189,-0.123819209257679,1.27698152617092,-0.155902391115582,0.779511955577904
"49","BJO","091","A3","gen-12","TempWarm-5psu","BJO_gen-12","Östersjö","Björkö",59.83484289,19.07867998,-0.866734464803745,-1.0641512718091,-1.09131673780907,-2.02673108450255
"50","BJO","098","A4","gen-13","TempWarm-16psu","BJO_gen-13","Östersjö","Björkö",59.83484289,19.07867998,-0.866734464803745,-1.0641512718091,-1.09131673780907,-2.02673108450255
"51","BJO","258","C1","gen-33","TempControl-21psu","BJO_gen-33","Östersjö","Björkö",59.83484289,19.07867998,-0.866734464803745,-1.0641512718091,-1.09131673780907,-2.02673108450255
"52","BJO","011","A1","gen-02","TempControl-7psu","BJO_gen-02","Östersjö","Björkö",59.83484289,19.07867998,-0.866734464803745,-1.0641512718091,-1.09131673780907,-2.02673108450255
"53","BJO","020","A1","gen-03","TempControl-21psu","BJO_gen-03","Östersjö","Björkö",59.83484289,19.07867998,-0.866734464803745,-1.0641512718091,-1.09131673780907,-2.02673108450255
"54","BJO","032","A1","gen-04","TempControl-7psu","BJO_gen-04","Östersjö","Björkö",59.83484289,19.07867998,-0.866734464803745,-1.0641512718091,-1.09131673780907,-2.02673108450255
"55","BJO","008","A1","gen-01","TempControl-21psu","BJO_gen-01","Östersjö","Björkö",59.83484289,19.07867998,-0.866734464803745,-1.0641512718091,-1.09131673780907,-2.02673108450255
"56","BJO","050","A2","gen-07","TempControl-21psu","BJO_gen-07","Östersjö","Björkö",59.83484289,19.07867998,-0.866734464803745,-1.0641512718091,-1.09131673780907,-2.02673108450255
"57","BJO","058","A2","gen-08","TempControl-7psu","BJO_gen-08","Östersjö","Björkö",59.83484289,19.07867998,-0.866734464803745,-1.0641512718091,-1.09131673780907,-2.02673108450255
"58","BJO","069","A3","gen-09","TempWarm-16psu","BJO_gen-09","Östersjö","Björkö",59.83484289,19.07867998,-0.866734464803745,-1.0641512718091,-1.09131673780907,-2.02673108450255
"59","BJO","079","A3","gen-10","TempWarm-5psu","BJO_gen-10","Östersjö","Björkö",59.83484289,19.07867998,-0.866734464803745,-1.0641512718091,-1.09131673780907,-2.02673108450255
"60","BJO","082","A3","gen-11","TempWarm-16psu","BJO_gen-11","Östersjö","Björkö",59.83484289,19.07867998,-0.866734464803745,-1.0641512718091,-1.09131673780907,-2.02673108450255
"61","BJO","224","B3","gen-28","TempWarm-5psu","BJO_gen-28","Östersjö","Björkö",59.83484289,19.07867998,-0.866734464803745,-1.0641512718091,-1.09131673780907,-2.02673108450255
"62","BJO","225","B4","gen-29","TempWarm-16psu","BJO_gen-29","Östersjö","Björkö",59.83484289,19.07867998,-0.866734464803745,-1.0641512718091,-1.09131673780907,-2.02673108450255
"63","BJO","107","A4","gen-14","TempWarm-5psu","BJO_gen-14","Östersjö","Björkö",59.83484289,19.07867998,-0.866734464803745,-1.0641512718091,-1.09131673780907,-2.02673108450255
"64","BJO","118","A4","gen-15","TempWarm-16psu","BJO_gen-15","Östersjö","Björkö",59.83484289,19.07867998,-0.866734464803745,-1.0641512718091,-1.09131673780907,-2.02673108450255
"65","BJO","267","C1","gen-34","TempControl-7psu","BJO_gen-34","Östersjö","Björkö",59.83484289,19.07867998,-0.866734464803745,-1.0641512718091,-1.09131673780907,-2.02673108450255
"66","BJO","277","C1","gen-35","TempControl-21psu","BJO_gen-35","Östersjö","Björkö",59.83484289,19.07867998,-0.866734464803745,-1.0641512718091,-1.09131673780907,-2.02673108450255
"67","BJO","285","C1","gen-36","TempControl-7psu","BJO_gen-36","Östersjö","Björkö",59.83484289,19.07867998,-0.866734464803745,-1.0641512718091,-1.09131673780907,-2.02673108450255
"68","BJO","289","C2","gen-37","TempControl-21psu","BJO_gen-37","Östersjö","Björkö",59.83484289,19.07867998,-0.866734464803745,-1.0641512718091,-1.09131673780907,-2.02673108450255
"69","BJO","300","C2","gen-38","TempControl-7psu","BJO_gen-38","Östersjö","Björkö",59.83484289,19.07867998,-0.866734464803745,-1.0641512718091,-1.09131673780907,-2.02673108450255
"70","BJO","306","C2","gen-39","TempControl-21psu","BJO_gen-39","Östersjö","Björkö",59.83484289,19.07867998,-0.866734464803745,-1.0641512718091,-1.09131673780907,-2.02673108450255
"71","BJO","316","C2","gen-40","TempControl-7psu","BJO_gen-40","Östersjö","Björkö",59.83484289,19.07867998,-0.866734464803745,-1.0641512718091,-1.09131673780907,-2.02673108450255
"72","BJO","179","B2","gen-23","TempWarm-16psu","BJO_gen-23","Östersjö","Björkö",59.83484289,19.07867998,-0.866734464803745,-1.0641512718091,-1.09131673780907,-2.02673108450255
"73","BJO","185","B2","gen-24","TempWarm-5psu","BJO_gen-24","Östersjö","Björkö",59.83484289,19.07867998,-0.866734464803745,-1.0641512718091,-1.09131673780907,-2.02673108450255
"74","BJO","253","B4","gen-32","TempWarm-5psu","BJO_gen-32","Östersjö","Björkö",59.83484289,19.07867998,-0.866734464803745,-1.0641512718091,-1.09131673780907,-2.02673108450255
"75","BJO","122","A4","gen-16","TempWarm-5psu","BJO_gen-16","Östersjö","Björkö",59.83484289,19.07867998,-0.866734464803745,-1.0641512718091,-1.09131673780907,-2.02673108450255
"76","BJO","233","B4","gen-30","TempWarm-5psu","BJO_gen-30","Östersjö","Björkö",59.83484289,19.07867998,-0.866734464803745,-1.0641512718091,-1.09131673780907,-2.02673108450255
"77","BJO","248","B4","gen-31","TempWarm-16psu","BJO_gen-31","Östersjö","Björkö",59.83484289,19.07867998,-0.866734464803745,-1.0641512718091,-1.09131673780907,-2.02673108450255
"78","BJO","036","A2","gen-05","TempControl-21psu","BJO_gen-05","Östersjö","Björkö",59.83484289,19.07867998,-0.866734464803745,-1.0641512718091,-1.09131673780907,-2.02673108450255
"79","BJO","043","A2","gen-06","TempControl-7psu","BJO_gen-06","Östersjö","Björkö",59.83484289,19.07867998,-0.866734464803745,-1.0641512718091,-1.09131673780907,-2.02673108450255
"80","BJO","133","B1","gen-17","TempWarm-16psu","BJO_gen-17","Östersjö","Björkö",59.83484289,19.07867998,-0.866734464803745,-1.0641512718091,-1.09131673780907,-2.02673108450255
"81","BJO","141","B1","gen-18","TempWarm-5psu","BJO_gen-18","Östersjö","Björkö",59.83484289,19.07867998,-0.866734464803745,-1.0641512718091,-1.09131673780907,-2.02673108450255
"82","BJO","213","B3","gen-27","TempWarm-16psu","BJO_gen-27","Östersjö","Björkö",59.83484289,19.07867998,-0.866734464803745,-1.0641512718091,-1.09131673780907,-2.02673108450255
"83","BJO","145","B1","gen-19","TempWarm-16psu","BJO_gen-19","Östersjö","Björkö",59.83484289,19.07867998,-0.866734464803745,-1.0641512718091,-1.09131673780907,-2.02673108450255
"84","BJO","195","B3","gen-25","TempWarm-16psu","BJO_gen-25","Östersjö","Björkö",59.83484289,19.07867998,-0.866734464803745,-1.0641512718091,-1.09131673780907,-2.02673108450255
"85","BJO","202","B3","gen-26","TempWarm-5psu","BJO_gen-26","Östersjö","Björkö",59.83484289,19.07867998,-0.866734464803745,-1.0641512718091,-1.09131673780907,-2.02673108450255
"86","BJO","334","C3","gen-42","TempControl-7psu","BJO_gen-42","Östersjö","Björkö",59.83484289,19.07867998,-0.866734464803745,-1.0641512718091,-1.09131673780907,-2.02673108450255
"87","BJO","384","C4","gen-48","TempControl-7psu","BJO_gen-48","Östersjö","Björkö",59.83484289,19.07867998,-0.866734464803745,-1.0641512718091,-1.09131673780907,-2.02673108450255
"88","BJO","155","B1","gen-20","TempWarm-5psu","BJO_gen-20","Östersjö","Björkö",59.83484289,19.07867998,-0.866734464803745,-1.0641512718091,-1.09131673780907,-2.02673108450255
"89","BJO","323","C3","gen-41","TempControl-21psu","BJO_gen-41","Östersjö","Björkö",59.83484289,19.07867998,-0.866734464803745,-1.0641512718091,-1.09131673780907,-2.02673108450255
"90","BJO","174","B2","gen-22","TempWarm-5psu","BJO_gen-22","Östersjö","Björkö",59.83484289,19.07867998,-0.866734464803745,-1.0641512718091,-1.09131673780907,-2.02673108450255
"91","BJO","366","C4","gen-46","TempControl-7psu","BJO_gen-46","Östersjö","Björkö",59.83484289,19.07867998,-0.866734464803745,-1.0641512718091,-1.09131673780907,-2.02673108450255
"92","BJO","342","C3","gen-43","TempControl-21psu","BJO_gen-43","Östersjö","Björkö",59.83484289,19.07867998,-0.866734464803745,-1.0641512718091,-1.09131673780907,-2.02673108450255
"93","BJO","167","B2","gen-21","TempWarm-16psu","BJO_gen-21","Östersjö","Björkö",59.83484289,19.07867998,-0.866734464803745,-1.0641512718091,-1.09131673780907,-2.02673108450255
"94","BJO","354","C4","gen-45","TempControl-21psu","BJO_gen-45","Östersjö","Björkö",59.83484289,19.07867998,-0.866734464803745,-1.0641512718091,-1.09131673780907,-2.02673108450255
"95","BJO","371","C4","gen-47","TempControl-21psu","BJO_gen-47","Östersjö","Björkö",59.83484289,19.07867998,-0.866734464803745,-1.0641512718091,-1.09131673780907,-2.02673108450255
"96","BJO","346","C3","gen-44","TempControl-7psu","BJO_gen-44","Östersjö","Björkö",59.83484289,19.07867998,-0.866734464803745,-1.0641512718091,-1.09131673780907,-2.02673108450255
"97","HOG","124","A4","gen-16","TempWarm-5psu","HOG_gen-16","Södra Höganäs","Höganäs",56.1969,12.55141,0.619096046288388,1.48981178053274,-1.09131673780907,0.779511955577904
"98","HOG","117","A4","gen-15","TempWarm-16psu","HOG_gen-15","Södra Höganäs","Höganäs",56.1969,12.55141,0.619096046288388,1.48981178053274,-1.09131673780907,0.779511955577904
"99","HOG","274","C1","gen-35","TempControl-21psu","HOG_gen-35","Södra Höganäs","Höganäs",56.1969,12.55141,0.619096046288388,1.48981178053274,-1.09131673780907,0.779511955577904
"100","HOG","284","C1","gen-36","TempControl-7psu","HOG_gen-36","Södra Höganäs","Höganäs",56.1969,12.55141,0.619096046288388,1.48981178053274,-1.09131673780907,0.779511955577904
"101","HOG","290","C2","gen-37","TempControl-21psu","HOG_gen-37","Södra Höganäs","Höganäs",56.1969,12.55141,0.619096046288388,1.48981178053274,-1.09131673780907,0.779511955577904
"102","HOG","298","C2","gen-38","TempControl-7psu","HOG_gen-38","Södra Höganäs","Höganäs",56.1969,12.55141,0.619096046288388,1.48981178053274,-1.09131673780907,0.779511955577904
"103","HOG","307","C2","gen-39","TempControl-21psu","HOG_gen-39","Södra Höganäs","Höganäs",56.1969,12.55141,0.619096046288388,1.48981178053274,-1.09131673780907,0.779511955577904
"104","HOG","318","C2","gen-40","TempControl-7psu","HOG_gen-40","Södra Höganäs","Höganäs",56.1969,12.55141,0.619096046288388,1.48981178053274,-1.09131673780907,0.779511955577904
"105","HOG","377","C4","gen-48","TempControl-7psu","HOG_gen-48","Södra Höganäs","Höganäs",56.1969,12.55141,0.619096046288388,1.48981178053274,-1.09131673780907,0.779511955577904
"106","HOG","015","A1","gen-02","TempControl-7psu","HOG_gen-02","Södra Höganäs","Höganäs",56.1969,12.55141,0.619096046288388,1.48981178053274,-1.09131673780907,0.779511955577904
"107","HOG","130","B1","gen-17","TempWarm-16psu","HOG_gen-17","Södra Höganäs","Höganäs",56.1969,12.55141,0.619096046288388,1.48981178053274,-1.09131673780907,0.779511955577904
"108","HOG","112","A4","gen-14","TempWarm-5psu","HOG_gen-14","Södra Höganäs","Höganäs",56.1969,12.55141,0.619096046288388,1.48981178053274,-1.09131673780907,0.779511955577904
"109","HOG","151","B1","gen-19","TempWarm-16psu","HOG_gen-19","Södra Höganäs","Höganäs",56.1969,12.55141,0.619096046288388,1.48981178053274,-1.09131673780907,0.779511955577904
"110","HOG","049","A2","gen-07","TempControl-21psu","HOG_gen-07","Södra Höganäs","Höganäs",56.1969,12.55141,0.619096046288388,1.48981178053274,-1.09131673780907,0.779511955577904
"111","HOG","062","A2","gen-08","TempControl-7psu","HOG_gen-08","Södra Höganäs","Höganäs",56.1969,12.55141,0.619096046288388,1.48981178053274,-1.09131673780907,0.779511955577904
"112","HOG","144","B1","gen-18","TempWarm-5psu","HOG_gen-18","Södra Höganäs","Höganäs",56.1969,12.55141,0.619096046288388,1.48981178053274,-1.09131673780907,0.779511955577904
"113","HOG","269","C1","gen-34","TempControl-7psu","HOG_gen-34","Södra Höganäs","Höganäs",56.1969,12.55141,0.619096046288388,1.48981178053274,-1.09131673780907,0.779511955577904
"114","HOG","004","A1","gen-01","TempControl-21psu","HOG_gen-01","Södra Höganäs","Höganäs",56.1969,12.55141,0.619096046288388,1.48981178053274,-1.09131673780907,0.779511955577904
"115","HOG","204","B3","gen-26","TempWarm-5psu","HOG_gen-26","Södra Höganäs","Höganäs",56.1969,12.55141,0.619096046288388,1.48981178053274,-1.09131673780907,0.779511955577904
"116","HOG","018","A1","gen-03","TempControl-21psu","HOG_gen-03","Södra Höganäs","Höganäs",56.1969,12.55141,0.619096046288388,1.48981178053274,-1.09131673780907,0.779511955577904
"117","HOG","026","A1","gen-04","TempControl-7psu","HOG_gen-04","Södra Höganäs","Höganäs",56.1969,12.55141,0.619096046288388,1.48981178053274,-1.09131673780907,0.779511955577904
"118","HOG","039","A2","gen-05","TempControl-21psu","HOG_gen-05","Södra Höganäs","Höganäs",56.1969,12.55141,0.619096046288388,1.48981178053274,-1.09131673780907,0.779511955577904
"119","HOG","156","B1","gen-20","TempWarm-5psu","HOG_gen-20","Södra Höganäs","Höganäs",56.1969,12.55141,0.619096046288388,1.48981178053274,-1.09131673780907,0.779511955577904
"120","HOG","162","B2","gen-21","TempWarm-16psu","HOG_gen-21","Södra Höganäs","Höganäs",56.1969,12.55141,0.619096046288388,1.48981178053274,-1.09131673780907,0.779511955577904
"121","HOG","067","A3","gen-09","TempWarm-16psu","HOG_gen-09","Södra Höganäs","Höganäs",56.1969,12.55141,0.619096046288388,1.48981178053274,-1.09131673780907,0.779511955577904
"122","HOG","080","A3","gen-10","TempWarm-5psu","HOG_gen-10","Södra Höganäs","Höganäs",56.1969,12.55141,0.619096046288388,1.48981178053274,-1.09131673780907,0.779511955577904
"123","HOG","085","A3","gen-11","TempWarm-16psu","HOG_gen-11","Södra Höganäs","Höganäs",56.1969,12.55141,0.619096046288388,1.48981178053274,-1.09131673780907,0.779511955577904
"124","HOG","089","A3","gen-12","TempWarm-5psu","HOG_gen-12","Södra Höganäs","Höganäs",56.1969,12.55141,0.619096046288388,1.48981178053274,-1.09131673780907,0.779511955577904
"125","HOG","097","A4","gen-13","TempWarm-16psu","HOG_gen-13","Södra Höganäs","Höganäs",56.1969,12.55141,0.619096046288388,1.48981178053274,-1.09131673780907,0.779511955577904
"126","HOG","364","C4","gen-46","TempControl-7psu","HOG_gen-46","Södra Höganäs","Höganäs",56.1969,12.55141,0.619096046288388,1.48981178053274,-1.09131673780907,0.779511955577904
"127","HOG","372","C4","gen-47","TempControl-21psu","HOG_gen-47","Södra Höganäs","Höganäs",56.1969,12.55141,0.619096046288388,1.48981178053274,-1.09131673780907,0.779511955577904
"128","HOG","042","A2","gen-06","TempControl-7psu","HOG_gen-06","Södra Höganäs","Höganäs",56.1969,12.55141,0.619096046288388,1.48981178053274,-1.09131673780907,0.779511955577904
"129","HOG","211","B3","gen-27","TempWarm-16psu","HOG_gen-27","Södra Höganäs","Höganäs",56.1969,12.55141,0.619096046288388,1.48981178053274,-1.09131673780907,0.779511955577904
"130","HOG","220","B3","gen-28","TempWarm-5psu","HOG_gen-28","Södra Höganäs","Höganäs",56.1969,12.55141,0.619096046288388,1.48981178053274,-1.09131673780907,0.779511955577904
"131","HOG","226","B4","gen-29","TempWarm-16psu","HOG_gen-29","Södra Höganäs","Höganäs",56.1969,12.55141,0.619096046288388,1.48981178053274,-1.09131673780907,0.779511955577904
"132","HOG","338","C3","gen-43","TempControl-21psu","HOG_gen-43","Södra Höganäs","Höganäs",56.1969,12.55141,0.619096046288388,1.48981178053274,-1.09131673780907,0.779511955577904
"133","HOG","250","B4","gen-32","TempWarm-5psu","HOG_gen-32","Södra Höganäs","Höganäs",56.1969,12.55141,0.619096046288388,1.48981178053274,-1.09131673780907,0.779511955577904
"134","HOG","326","C3","gen-41","TempControl-21psu","HOG_gen-41","Södra Höganäs","Höganäs",56.1969,12.55141,0.619096046288388,1.48981178053274,-1.09131673780907,0.779511955577904
"135","HOG","330","C3","gen-42","TempControl-7psu","HOG_gen-42","Södra Höganäs","Höganäs",56.1969,12.55141,0.619096046288388,1.48981178053274,-1.09131673780907,0.779511955577904
"136","HOG","199","B3","gen-25","TempWarm-16psu","HOG_gen-25","Södra Höganäs","Höganäs",56.1969,12.55141,0.619096046288388,1.48981178053274,-1.09131673780907,0.779511955577904
"137","HOG","347","C3","gen-44","TempControl-7psu","HOG_gen-44","Södra Höganäs","Höganäs",56.1969,12.55141,0.619096046288388,1.48981178053274,-1.09131673780907,0.779511955577904
"138","HOG","357","C4","gen-45","TempControl-21psu","HOG_gen-45","Södra Höganäs","Höganäs",56.1969,12.55141,0.619096046288388,1.48981178053274,-1.09131673780907,0.779511955577904
"139","HOG","264","C1","gen-33","TempControl-21psu","HOG_gen-33","Södra Höganäs","Höganäs",56.1969,12.55141,0.619096046288388,1.48981178053274,-1.09131673780907,0.779511955577904
"140","HOG","176","B2","gen-22","TempWarm-5psu","HOG_gen-22","Södra Höganäs","Höganäs",56.1969,12.55141,0.619096046288388,1.48981178053274,-1.09131673780907,0.779511955577904
"141","HOG","240","B4","gen-30","TempWarm-5psu","HOG_gen-30","Södra Höganäs","Höganäs",56.1969,12.55141,0.619096046288388,1.48981178053274,-1.09131673780907,0.779511955577904
"142","HOG","246","B4","gen-31","TempWarm-16psu","HOG_gen-31","Södra Höganäs","Höganäs",56.1969,12.55141,0.619096046288388,1.48981178053274,-1.09131673780907,0.779511955577904
"143","HOG","178","B2","gen-23","TempWarm-16psu","HOG_gen-23","Södra Höganäs","Höganäs",56.1969,12.55141,0.619096046288388,1.48981178053274,-1.09131673780907,0.779511955577904
"144","HOG","191","B2","gen-24","TempWarm-5psu","HOG_gen-24","Södra Höganäs","Höganäs",56.1969,12.55141,0.619096046288388,1.48981178053274,-1.09131673780907,0.779511955577904
"145","HOR","205","B3","gen-26","TempWarm-5psu","HOR_gen-26","Hornsudde","Hornsudde",57.695151,16.730625,-1.60964972034981,-0.638490763085461,0.779511955577903,-0.155902391115581
"146","HOR","193","B3","gen-25","TempWarm-16psu","HOR_gen-25","Hornsudde","Hornsudde",57.695151,16.730625,-1.60964972034981,-0.638490763085461,0.779511955577903,-0.155902391115581
"147","HOR","234","B4","gen-30","TempWarm-5psu","HOR_gen-30","Hornsudde","Hornsudde",57.695151,16.730625,-1.60964972034981,-0.638490763085461,0.779511955577903,-0.155902391115581
"148","HOR","215","B3","gen-27","TempWarm-16psu","HOR_gen-27","Hornsudde","Hornsudde",57.695151,16.730625,-1.60964972034981,-0.638490763085461,0.779511955577903,-0.155902391115581
"149","HOR","031","A1","gen-04","TempControl-7psu","HOR_gen-04","Hornsudde","Hornsudde",57.695151,16.730625,-1.60964972034981,-0.638490763085461,0.779511955577903,-0.155902391115581
"150","HOR","035","A2","gen-05","TempControl-21psu","HOR_gen-05","Hornsudde","Hornsudde",57.695151,16.730625,-1.60964972034981,-0.638490763085461,0.779511955577903,-0.155902391115581
"151","HOR","001","A1","gen-01","TempControl-21psu","HOR_gen-01","Hornsudde","Hornsudde",57.695151,16.730625,-1.60964972034981,-0.638490763085461,0.779511955577903,-0.155902391115581
"152","HOR","014","A1","gen-02","TempControl-7psu","HOR_gen-02","Hornsudde","Hornsudde",57.695151,16.730625,-1.60964972034981,-0.638490763085461,0.779511955577903,-0.155902391115581
"153","HOR","023","A1","gen-03","TempControl-21psu","HOR_gen-03","Hornsudde","Hornsudde",57.695151,16.730625,-1.60964972034981,-0.638490763085461,0.779511955577903,-0.155902391115581
"154","HOR","319","C2","gen-40","TempControl-7psu","HOR_gen-40","Hornsudde","Hornsudde",57.695151,16.730625,-1.60964972034981,-0.638490763085461,0.779511955577903,-0.155902391115581
"155","HOR","355","C4","gen-45","TempControl-21psu","HOR_gen-45","Hornsudde","Hornsudde",57.695151,16.730625,-1.60964972034981,-0.638490763085461,0.779511955577903,-0.155902391115581
"156","HOR","048","A2","gen-06","TempControl-7psu","HOR_gen-06","Hornsudde","Hornsudde",57.695151,16.730625,-1.60964972034981,-0.638490763085461,0.779511955577903,-0.155902391115581
"157","HOR","051","A2","gen-07","TempControl-21psu","HOR_gen-07","Hornsudde","Hornsudde",57.695151,16.730625,-1.60964972034981,-0.638490763085461,0.779511955577903,-0.155902391115581
"158","HOR","223","B3","gen-28","TempWarm-5psu","HOR_gen-28","Hornsudde","Hornsudde",57.695151,16.730625,-1.60964972034981,-0.638490763085461,0.779511955577903,-0.155902391115581
"159","HOR","227","B4","gen-29","TempWarm-16psu","HOR_gen-29","Hornsudde","Hornsudde",57.695151,16.730625,-1.60964972034981,-0.638490763085461,0.779511955577903,-0.155902391115581
"160","HOR","188","B2","gen-24","TempWarm-5psu","HOR_gen-24","Hornsudde","Hornsudde",57.695151,16.730625,-1.60964972034981,-0.638490763085461,0.779511955577903,-0.155902391115581
"161","HOR","270","C1","gen-34","TempControl-7psu","HOR_gen-34","Hornsudde","Hornsudde",57.695151,16.730625,-1.60964972034981,-0.638490763085461,0.779511955577903,-0.155902391115581
"162","HOR","275","C1","gen-35","TempControl-21psu","HOR_gen-35","Hornsudde","Hornsudde",57.695151,16.730625,-1.60964972034981,-0.638490763085461,0.779511955577903,-0.155902391115581
"163","HOR","287","C1","gen-36","TempControl-7psu","HOR_gen-36","Hornsudde","Hornsudde",57.695151,16.730625,-1.60964972034981,-0.638490763085461,0.779511955577903,-0.155902391115581
"164","HOR","293","C2","gen-37","TempControl-21psu","HOR_gen-37","Hornsudde","Hornsudde",57.695151,16.730625,-1.60964972034981,-0.638490763085461,0.779511955577903,-0.155902391115581
"165","HOR","299","C2","gen-38","TempControl-7psu","HOR_gen-38","Hornsudde","Hornsudde",57.695151,16.730625,-1.60964972034981,-0.638490763085461,0.779511955577903,-0.155902391115581
"166","HOR","312","C2","gen-39","TempControl-21psu","HOR_gen-39","Hornsudde","Hornsudde",57.695151,16.730625,-1.60964972034981,-0.638490763085461,0.779511955577903,-0.155902391115581
"167","HOR","349","C3","gen-44","TempControl-7psu","HOR_gen-44","Hornsudde","Hornsudde",57.695151,16.730625,-1.60964972034981,-0.638490763085461,0.779511955577903,-0.155902391115581
"168","HOR","131","B1","gen-17","TempWarm-16psu","HOR_gen-17","Hornsudde","Hornsudde",57.695151,16.730625,-1.60964972034981,-0.638490763085461,0.779511955577903,-0.155902391115581
"169","HOR","368","C4","gen-46","TempControl-7psu","HOR_gen-46","Hornsudde","Hornsudde",57.695151,16.730625,-1.60964972034981,-0.638490763085461,0.779511955577903,-0.155902391115581
"170","HOR","370","C4","gen-47","TempControl-21psu","HOR_gen-47","Hornsudde","Hornsudde",57.695151,16.730625,-1.60964972034981,-0.638490763085461,0.779511955577903,-0.155902391115581
"171","HOR","381","C4","gen-48","TempControl-7psu","HOR_gen-48","Hornsudde","Hornsudde",57.695151,16.730625,-1.60964972034981,-0.638490763085461,0.779511955577903,-0.155902391115581
"172","HOR","060","A2","gen-08","TempControl-7psu","HOR_gen-08","Hornsudde","Hornsudde",57.695151,16.730625,-1.60964972034981,-0.638490763085461,0.779511955577903,-0.155902391115581
"173","HOR","072","A3","gen-09","TempWarm-16psu","HOR_gen-09","Hornsudde","Hornsudde",57.695151,16.730625,-1.60964972034981,-0.638490763085461,0.779511955577903,-0.155902391115581
"174","HOR","074","A3","gen-10","TempWarm-5psu","HOR_gen-10","Hornsudde","Hornsudde",57.695151,16.730625,-1.60964972034981,-0.638490763085461,0.779511955577903,-0.155902391115581
"175","HOR","242","B4","gen-31","TempWarm-16psu","HOR_gen-31","Hornsudde","Hornsudde",57.695151,16.730625,-1.60964972034981,-0.638490763085461,0.779511955577903,-0.155902391115581
"176","HOR","256","B4","gen-32","TempWarm-5psu","HOR_gen-32","Hornsudde","Hornsudde",57.695151,16.730625,-1.60964972034981,-0.638490763085461,0.779511955577903,-0.155902391115581
"177","HOR","328","C3","gen-41","TempControl-21psu","HOR_gen-41","Hornsudde","Hornsudde",57.695151,16.730625,-1.60964972034981,-0.638490763085461,0.779511955577903,-0.155902391115581
"178","HOR","336","C3","gen-42","TempControl-7psu","HOR_gen-42","Hornsudde","Hornsudde",57.695151,16.730625,-1.60964972034981,-0.638490763085461,0.779511955577903,-0.155902391115581
"179","HOR","341","C3","gen-43","TempControl-21psu","HOR_gen-43","Hornsudde","Hornsudde",57.695151,16.730625,-1.60964972034981,-0.638490763085461,0.779511955577903,-0.155902391115581
"180","HOR","121","A4","gen-16","TempWarm-5psu","HOR_gen-16","Hornsudde","Hornsudde",57.695151,16.730625,-1.60964972034981,-0.638490763085461,0.779511955577903,-0.155902391115581
"181","HOR","168","B2","gen-21","TempWarm-16psu","HOR_gen-21","Hornsudde","Hornsudde",57.695151,16.730625,-1.60964972034981,-0.638490763085461,0.779511955577903,-0.155902391115581
"182","HOR","140","B1","gen-18","TempWarm-5psu","HOR_gen-18","Hornsudde","Hornsudde",57.695151,16.730625,-1.60964972034981,-0.638490763085461,0.779511955577903,-0.155902391115581
"183","HOR","150","B1","gen-19","TempWarm-16psu","HOR_gen-19","Hornsudde","Hornsudde",57.695151,16.730625,-1.60964972034981,-0.638490763085461,0.779511955577903,-0.155902391115581
"184","HOR","160","B1","gen-20","TempWarm-5psu","HOR_gen-20","Hornsudde","Hornsudde",57.695151,16.730625,-1.60964972034981,-0.638490763085461,0.779511955577903,-0.155902391115581
"185","HOR","095","A3","gen-12","TempWarm-5psu","HOR_gen-12","Hornsudde","Hornsudde",57.695151,16.730625,-1.60964972034981,-0.638490763085461,0.779511955577903,-0.155902391115581
"186","HOR","170","B2","gen-22","TempWarm-5psu","HOR_gen-22","Hornsudde","Hornsudde",57.695151,16.730625,-1.60964972034981,-0.638490763085461,0.779511955577903,-0.155902391115581
"187","HOR","183","B2","gen-23","TempWarm-16psu","HOR_gen-23","Hornsudde","Hornsudde",57.695151,16.730625,-1.60964972034981,-0.638490763085461,0.779511955577903,-0.155902391115581
"188","HOR","084","A3","gen-11","TempWarm-16psu","HOR_gen-11","Hornsudde","Hornsudde",57.695151,16.730625,-1.60964972034981,-0.638490763085461,0.779511955577903,-0.155902391115581
"189","HOR","260","C1","gen-33","TempControl-21psu","HOR_gen-33","Hornsudde","Hornsudde",57.695151,16.730625,-1.60964972034981,-0.638490763085461,0.779511955577903,-0.155902391115581
"190","HOR","102","A4","gen-13","TempWarm-16psu","HOR_gen-13","Hornsudde","Hornsudde",57.695151,16.730625,-1.60964972034981,-0.638490763085461,0.779511955577903,-0.155902391115581
"191","HOR","111","A4","gen-14","TempWarm-5psu","HOR_gen-14","Hornsudde","Hornsudde",57.695151,16.730625,-1.60964972034981,-0.638490763085461,0.779511955577903,-0.155902391115581
"192","HOR","116","A4","gen-15","TempWarm-16psu","HOR_gen-15","Hornsudde","Hornsudde",57.695151,16.730625,-1.60964972034981,-0.638490763085461,0.779511955577903,-0.155902391115581
"193","KAL","066","A3","gen-09","TempWarm-16psu","KAL_gen-09","Kalmar","Kalmarsund",56.654431,16.351908,1.36201130183445,-0.638490763085461,1.71492630227139,-0.155902391115581
"194","KAL","052","A2","gen-07","TempControl-21psu","KAL_gen-07","Kalmar","Kalmarsund",56.654431,16.351908,1.36201130183445,-0.638490763085461,1.71492630227139,-0.155902391115581
"195","KAL","259","C1","gen-33","TempControl-21psu","KAL_gen-33","Kalmar","Kalmarsund",56.654431,16.351908,1.36201130183445,-0.638490763085461,1.71492630227139,-0.155902391115581
"196","KAL","073","A3","gen-10","TempWarm-5psu","KAL_gen-10","Kalmar","Kalmarsund",56.654431,16.351908,1.36201130183445,-0.638490763085461,1.71492630227139,-0.155902391115581
"197","KAL","059","A2","gen-08","TempControl-7psu","KAL_gen-08","Kalmar","Kalmarsund",56.654431,16.351908,1.36201130183445,-0.638490763085461,1.71492630227139,-0.155902391115581
"198","KAL","093","A3","gen-12","TempWarm-5psu","KAL_gen-12","Kalmar","Kalmarsund",56.654431,16.351908,1.36201130183445,-0.638490763085461,1.71492630227139,-0.155902391115581
"199","KAL","103","A4","gen-13","TempWarm-16psu","KAL_gen-13","Kalmar","Kalmarsund",56.654431,16.351908,1.36201130183445,-0.638490763085461,1.71492630227139,-0.155902391115581
"200","KAL","105","A4","gen-14","TempWarm-5psu","KAL_gen-14","Kalmar","Kalmarsund",56.654431,16.351908,1.36201130183445,-0.638490763085461,1.71492630227139,-0.155902391115581
"201","KAL","081","A3","gen-11","TempWarm-16psu","KAL_gen-11","Kalmar","Kalmarsund",56.654431,16.351908,1.36201130183445,-0.638490763085461,1.71492630227139,-0.155902391115581
"202","KAL","007","A1","gen-01","TempControl-21psu","KAL_gen-01","Kalmar","Kalmarsund",56.654431,16.351908,1.36201130183445,-0.638490763085461,1.71492630227139,-0.155902391115581
"203","KAL","009","A1","gen-02","TempControl-7psu","KAL_gen-02","Kalmar","Kalmarsund",56.654431,16.351908,1.36201130183445,-0.638490763085461,1.71492630227139,-0.155902391115581
"204","KAL","022","A1","gen-03","TempControl-21psu","KAL_gen-03","Kalmar","Kalmarsund",56.654431,16.351908,1.36201130183445,-0.638490763085461,1.71492630227139,-0.155902391115581
"205","KAL","030","A1","gen-04","TempControl-7psu","KAL_gen-04","Kalmar","Kalmarsund",56.654431,16.351908,1.36201130183445,-0.638490763085461,1.71492630227139,-0.155902391115581
"206","KAL","037","A2","gen-05","TempControl-21psu","KAL_gen-05","Kalmar","Kalmarsund",56.654431,16.351908,1.36201130183445,-0.638490763085461,1.71492630227139,-0.155902391115581
"207","KAL","047","A2","gen-06","TempControl-7psu","KAL_gen-06","Kalmar","Kalmarsund",56.654431,16.351908,1.36201130183445,-0.638490763085461,1.71492630227139,-0.155902391115581
"208","KAL","159","B1","gen-20","TempWarm-5psu","KAL_gen-20","Kalmar","Kalmarsund",56.654431,16.351908,1.36201130183445,-0.638490763085461,1.71492630227139,-0.155902391115581
"209","KAL","164","B2","gen-21","TempWarm-16psu","KAL_gen-21","Kalmar","Kalmarsund",56.654431,16.351908,1.36201130183445,-0.638490763085461,1.71492630227139,-0.155902391115581
"210","KAL","272","C1","gen-34","TempControl-7psu","KAL_gen-34","Kalmar","Kalmarsund",56.654431,16.351908,1.36201130183445,-0.638490763085461,1.71492630227139,-0.155902391115581
"211","KAL","279","C1","gen-35","TempControl-21psu","KAL_gen-35","Kalmar","Kalmarsund",56.654431,16.351908,1.36201130183445,-0.638490763085461,1.71492630227139,-0.155902391115581
"212","KAL","282","C1","gen-36","TempControl-7psu","KAL_gen-36","Kalmar","Kalmarsund",56.654431,16.351908,1.36201130183445,-0.638490763085461,1.71492630227139,-0.155902391115581
"213","KAL","296","C2","gen-37","TempControl-21psu","KAL_gen-37","Kalmar","Kalmarsund",56.654431,16.351908,1.36201130183445,-0.638490763085461,1.71492630227139,-0.155902391115581
"214","KAL","304","C2","gen-38","TempControl-7psu","KAL_gen-38","Kalmar","Kalmarsund",56.654431,16.351908,1.36201130183445,-0.638490763085461,1.71492630227139,-0.155902391115581
"215","KAL","310","C2","gen-39","TempControl-21psu","KAL_gen-39","Kalmar","Kalmarsund",56.654431,16.351908,1.36201130183445,-0.638490763085461,1.71492630227139,-0.155902391115581
"216","KAL","113","A4","gen-15","TempWarm-16psu","KAL_gen-15","Kalmar","Kalmarsund",56.654431,16.351908,1.36201130183445,-0.638490763085461,1.71492630227139,-0.155902391115581
"217","KAL","126","A4","gen-16","TempWarm-5psu","KAL_gen-16","Kalmar","Kalmarsund",56.654431,16.351908,1.36201130183445,-0.638490763085461,1.71492630227139,-0.155902391115581
"218","KAL","134","B1","gen-17","TempWarm-16psu","KAL_gen-17","Kalmar","Kalmarsund",56.654431,16.351908,1.36201130183445,-0.638490763085461,1.71492630227139,-0.155902391115581
"219","KAL","137","B1","gen-18","TempWarm-5psu","KAL_gen-18","Kalmar","Kalmarsund",56.654431,16.351908,1.36201130183445,-0.638490763085461,1.71492630227139,-0.155902391115581
"220","KAL","148","B1","gen-19","TempWarm-16psu","KAL_gen-19","Kalmar","Kalmarsund",56.654431,16.351908,1.36201130183445,-0.638490763085461,1.71492630227139,-0.155902391115581
"221","KAL","335","C3","gen-42","TempControl-7psu","KAL_gen-42","Kalmar","Kalmarsund",56.654431,16.351908,1.36201130183445,-0.638490763085461,1.71492630227139,-0.155902391115581
"222","KAL","337","C3","gen-43","TempControl-21psu","KAL_gen-43","Kalmar","Kalmarsund",56.654431,16.351908,1.36201130183445,-0.638490763085461,1.71492630227139,-0.155902391115581
"223","KAL","169","B2","gen-22","TempWarm-5psu","KAL_gen-22","Kalmar","Kalmarsund",56.654431,16.351908,1.36201130183445,-0.638490763085461,1.71492630227139,-0.155902391115581
"224","KAL","177","B2","gen-23","TempWarm-16psu","KAL_gen-23","Kalmar","Kalmarsund",56.654431,16.351908,1.36201130183445,-0.638490763085461,1.71492630227139,-0.155902391115581
"225","KAL","196","B3","gen-25","TempWarm-16psu","KAL_gen-25","Kalmar","Kalmarsund",56.654431,16.351908,1.36201130183445,-0.638490763085461,1.71492630227139,-0.155902391115581
"226","KAL","206","B3","gen-26","TempWarm-5psu","KAL_gen-26","Kalmar","Kalmarsund",56.654431,16.351908,1.36201130183445,-0.638490763085461,1.71492630227139,-0.155902391115581
"227","KAL","214","B3","gen-27","TempWarm-16psu","KAL_gen-27","Kalmar","Kalmarsund",56.654431,16.351908,1.36201130183445,-0.638490763085461,1.71492630227139,-0.155902391115581
"228","KAL","221","B3","gen-28","TempWarm-5psu","KAL_gen-28","Kalmar","Kalmarsund",56.654431,16.351908,1.36201130183445,-0.638490763085461,1.71492630227139,-0.155902391115581
"229","KAL","232","B4","gen-29","TempWarm-16psu","KAL_gen-29","Kalmar","Kalmarsund",56.654431,16.351908,1.36201130183445,-0.638490763085461,1.71492630227139,-0.155902391115581
"230","KAL","238","B4","gen-30","TempWarm-5psu","KAL_gen-30","Kalmar","Kalmarsund",56.654431,16.351908,1.36201130183445,-0.638490763085461,1.71492630227139,-0.155902391115581
"231","KAL","241","B4","gen-31","TempWarm-16psu","KAL_gen-31","Kalmar","Kalmarsund",56.654431,16.351908,1.36201130183445,-0.638490763085461,1.71492630227139,-0.155902391115581
"232","KAL","255","B4","gen-32","TempWarm-5psu","KAL_gen-32","Kalmar","Kalmarsund",56.654431,16.351908,1.36201130183445,-0.638490763085461,1.71492630227139,-0.155902391115581
"233","KAL","324","C3","gen-41","TempControl-21psu","KAL_gen-41","Kalmar","Kalmarsund",56.654431,16.351908,1.36201130183445,-0.638490763085461,1.71492630227139,-0.155902391115581
"234","KAL","362","C4","gen-46","TempControl-7psu","KAL_gen-46","Kalmar","Kalmarsund",56.654431,16.351908,1.36201130183445,-0.638490763085461,1.71492630227139,-0.155902391115581
"235","KAL","374","C4","gen-47","TempControl-21psu","KAL_gen-47","Kalmar","Kalmarsund",56.654431,16.351908,1.36201130183445,-0.638490763085461,1.71492630227139,-0.155902391115581
"236","KAL","350","C3","gen-44","TempControl-7psu","KAL_gen-44","Kalmar","Kalmarsund",56.654431,16.351908,1.36201130183445,-0.638490763085461,1.71492630227139,-0.155902391115581
"237","KAL","353","C4","gen-45","TempControl-21psu","KAL_gen-45","Kalmar","Kalmarsund",56.654431,16.351908,1.36201130183445,-0.638490763085461,1.71492630227139,-0.155902391115581
"238","KAL","380","C4","gen-48","TempControl-7psu","KAL_gen-48","Kalmar","Kalmarsund",56.654431,16.351908,1.36201130183445,-0.638490763085461,1.71492630227139,-0.155902391115581
"239","KAL","187","B2","gen-24","TempWarm-5psu","KAL_gen-24","Kalmar","Kalmarsund",56.654431,16.351908,1.36201130183445,-0.638490763085461,1.71492630227139,-0.155902391115581
"240","KAL","314","C2","gen-40","TempControl-7psu","KAL_gen-40","Kalmar","Kalmarsund",56.654431,16.351908,1.36201130183445,-0.638490763085461,1.71492630227139,-0.155902391115581
"241","KUR","180","B2","gen-23","TempWarm-16psu","KUR_gen-23","Trelleborg","Kurland",55.395972,12.982861,0.619096046288388,-0.425660508723641,-0.155902391115582,0.779511955577904
"242","KUR","186","B2","gen-24","TempWarm-5psu","KUR_gen-24","Trelleborg","Kurland",55.395972,12.982861,0.619096046288388,-0.425660508723641,-0.155902391115582,0.779511955577904
"243","KUR","203","B3","gen-26","TempWarm-5psu","KUR_gen-26","Trelleborg","Kurland",55.395972,12.982861,0.619096046288388,-0.425660508723641,-0.155902391115582,0.779511955577904
"244","KUR","212","B3","gen-27","TempWarm-16psu","KUR_gen-27","Trelleborg","Kurland",55.395972,12.982861,0.619096046288388,-0.425660508723641,-0.155902391115582,0.779511955577904
"245","KUR","194","B3","gen-25","TempWarm-16psu","KUR_gen-25","Trelleborg","Kurland",55.395972,12.982861,0.619096046288388,-0.425660508723641,-0.155902391115582,0.779511955577904
"246","KUR","239","B4","gen-30","TempWarm-5psu","KUR_gen-30","Trelleborg","Kurland",55.395972,12.982861,0.619096046288388,-0.425660508723641,-0.155902391115582,0.779511955577904
"247","KUR","243","B4","gen-31","TempWarm-16psu","KUR_gen-31","Trelleborg","Kurland",55.395972,12.982861,0.619096046288388,-0.425660508723641,-0.155902391115582,0.779511955577904
"248","KUR","254","B4","gen-32","TempWarm-5psu","KUR_gen-32","Trelleborg","Kurland",55.395972,12.982861,0.619096046288388,-0.425660508723641,-0.155902391115582,0.779511955577904
"249","KUR","229","B4","gen-29","TempWarm-16psu","KUR_gen-29","Trelleborg","Kurland",55.395972,12.982861,0.619096046288388,-0.425660508723641,-0.155902391115582,0.779511955577904
"250","KUR","333","C3","gen-42","TempControl-7psu","KUR_gen-42","Trelleborg","Kurland",55.395972,12.982861,0.619096046288388,-0.425660508723641,-0.155902391115582,0.779511955577904
"251","KUR","344","C3","gen-43","TempControl-21psu","KUR_gen-43","Trelleborg","Kurland",55.395972,12.982861,0.619096046288388,-0.425660508723641,-0.155902391115582,0.779511955577904
"252","KUR","345","C3","gen-44","TempControl-7psu","KUR_gen-44","Trelleborg","Kurland",55.395972,12.982861,0.619096046288388,-0.425660508723641,-0.155902391115582,0.779511955577904
"253","KUR","327","C3","gen-41","TempControl-21psu","KUR_gen-41","Trelleborg","Kurland",55.395972,12.982861,0.619096046288388,-0.425660508723641,-0.155902391115582,0.779511955577904
"254","KUR","363","C4","gen-46","TempControl-7psu","KUR_gen-46","Trelleborg","Kurland",55.395972,12.982861,0.619096046288388,-0.425660508723641,-0.155902391115582,0.779511955577904
"255","KUR","375","C4","gen-47","TempControl-21psu","KUR_gen-47","Trelleborg","Kurland",55.395972,12.982861,0.619096046288388,-0.425660508723641,-0.155902391115582,0.779511955577904
"256","KUR","382","C4","gen-48","TempControl-7psu","KUR_gen-48","Trelleborg","Kurland",55.395972,12.982861,0.619096046288388,-0.425660508723641,-0.155902391115582,0.779511955577904
"257","KUR","217","B3","gen-28","TempWarm-5psu","KUR_gen-28","Trelleborg","Kurland",55.395972,12.982861,0.619096046288388,-0.425660508723641,-0.155902391115582,0.779511955577904
"258","KUR","257","C1","gen-33","TempControl-21psu","KUR_gen-33","Trelleborg","Kurland",55.395972,12.982861,0.619096046288388,-0.425660508723641,-0.155902391115582,0.779511955577904
"259","KUR","271","C1","gen-34","TempControl-7psu","KUR_gen-34","Trelleborg","Kurland",55.395972,12.982861,0.619096046288388,-0.425660508723641,-0.155902391115582,0.779511955577904
"260","KUR","278","C1","gen-35","TempControl-21psu","KUR_gen-35","Trelleborg","Kurland",55.395972,12.982861,0.619096046288388,-0.425660508723641,-0.155902391115582,0.779511955577904
"261","KUR","281","C1","gen-36","TempControl-7psu","KUR_gen-36","Trelleborg","Kurland",55.395972,12.982861,0.619096046288388,-0.425660508723641,-0.155902391115582,0.779511955577904
"262","KUR","292","C2","gen-37","TempControl-21psu","KUR_gen-37","Trelleborg","Kurland",55.395972,12.982861,0.619096046288388,-0.425660508723641,-0.155902391115582,0.779511955577904
"263","KUR","303","C2","gen-38","TempControl-7psu","KUR_gen-38","Trelleborg","Kurland",55.395972,12.982861,0.619096046288388,-0.425660508723641,-0.155902391115582,0.779511955577904
"264","KUR","311","C2","gen-39","TempControl-21psu","KUR_gen-39","Trelleborg","Kurland",55.395972,12.982861,0.619096046288388,-0.425660508723641,-0.155902391115582,0.779511955577904
"265","KUR","315","C2","gen-40","TempControl-7psu","KUR_gen-40","Trelleborg","Kurland",55.395972,12.982861,0.619096046288388,-0.425660508723641,-0.155902391115582,0.779511955577904
"266","KUR","360","C4","gen-45","TempControl-21psu","KUR_gen-45","Trelleborg","Kurland",55.395972,12.982861,0.619096046288388,-0.425660508723641,-0.155902391115582,0.779511955577904
"267","KUR","002","A1","gen-01","TempControl-21psu","KUR_gen-01","Trelleborg","Kurland",55.395972,12.982861,0.619096046288388,-0.425660508723641,-0.155902391115582,0.779511955577904
"268","KUR","010","A1","gen-02","TempControl-7psu","KUR_gen-02","Trelleborg","Kurland",55.395972,12.982861,0.619096046288388,-0.425660508723641,-0.155902391115582,0.779511955577904
"269","KUR","024","A1","gen-03","TempControl-21psu","KUR_gen-03","Trelleborg","Kurland",55.395972,12.982861,0.619096046288388,-0.425660508723641,-0.155902391115582,0.779511955577904
"270","KUR","029","A1","gen-04","TempControl-7psu","KUR_gen-04","Trelleborg","Kurland",55.395972,12.982861,0.619096046288388,-0.425660508723641,-0.155902391115582,0.779511955577904
"271","KUR","040","A2","gen-05","TempControl-21psu","KUR_gen-05","Trelleborg","Kurland",55.395972,12.982861,0.619096046288388,-0.425660508723641,-0.155902391115582,0.779511955577904
"272","KUR","044","A2","gen-06","TempControl-7psu","KUR_gen-06","Trelleborg","Kurland",55.395972,12.982861,0.619096046288388,-0.425660508723641,-0.155902391115582,0.779511955577904
"273","KUR","054","A2","gen-07","TempControl-21psu","KUR_gen-07","Trelleborg","Kurland",55.395972,12.982861,0.619096046288388,-0.425660508723641,-0.155902391115582,0.779511955577904
"274","KUR","057","A2","gen-08","TempControl-7psu","KUR_gen-08","Trelleborg","Kurland",55.395972,12.982861,0.619096046288388,-0.425660508723641,-0.155902391115582,0.779511955577904
"275","KUR","068","A3","gen-09","TempWarm-16psu","KUR_gen-09","Trelleborg","Kurland",55.395972,12.982861,0.619096046288388,-0.425660508723641,-0.155902391115582,0.779511955577904
"276","KUR","078","A3","gen-10","TempWarm-5psu","KUR_gen-10","Trelleborg","Kurland",55.395972,12.982861,0.619096046288388,-0.425660508723641,-0.155902391115582,0.779511955577904
"277","KUR","088","A3","gen-11","TempWarm-16psu","KUR_gen-11","Trelleborg","Kurland",55.395972,12.982861,0.619096046288388,-0.425660508723641,-0.155902391115582,0.779511955577904
"278","KUR","092","A3","gen-12","TempWarm-5psu","KUR_gen-12","Trelleborg","Kurland",55.395972,12.982861,0.619096046288388,-0.425660508723641,-0.155902391115582,0.779511955577904
"279","KUR","104","A4","gen-13","TempWarm-16psu","KUR_gen-13","Trelleborg","Kurland",55.395972,12.982861,0.619096046288388,-0.425660508723641,-0.155902391115582,0.779511955577904
"280","KUR","108","A4","gen-14","TempWarm-5psu","KUR_gen-14","Trelleborg","Kurland",55.395972,12.982861,0.619096046288388,-0.425660508723641,-0.155902391115582,0.779511955577904
"281","KUR","115","A4","gen-15","TempWarm-16psu","KUR_gen-15","Trelleborg","Kurland",55.395972,12.982861,0.619096046288388,-0.425660508723641,-0.155902391115582,0.779511955577904
"282","KUR","123","A4","gen-16","TempWarm-5psu","KUR_gen-16","Trelleborg","Kurland",55.395972,12.982861,0.619096046288388,-0.425660508723641,-0.155902391115582,0.779511955577904
"283","KUR","136","B1","gen-17","TempWarm-16psu","KUR_gen-17","Trelleborg","Kurland",55.395972,12.982861,0.619096046288388,-0.425660508723641,-0.155902391115582,0.779511955577904
"284","KUR","139","B1","gen-18","TempWarm-5psu","KUR_gen-18","Trelleborg","Kurland",55.395972,12.982861,0.619096046288388,-0.425660508723641,-0.155902391115582,0.779511955577904
"285","KUR","147","B1","gen-19","TempWarm-16psu","KUR_gen-19","Trelleborg","Kurland",55.395972,12.982861,0.619096046288388,-0.425660508723641,-0.155902391115582,0.779511955577904
"286","KUR","153","B1","gen-20","TempWarm-5psu","KUR_gen-20","Trelleborg","Kurland",55.395972,12.982861,0.619096046288388,-0.425660508723641,-0.155902391115582,0.779511955577904
"287","KUR","166","B2","gen-21","TempWarm-16psu","KUR_gen-21","Trelleborg","Kurland",55.395972,12.982861,0.619096046288388,-0.425660508723641,-0.155902391115582,0.779511955577904
"288","KUR","172","B2","gen-22","TempWarm-5psu","KUR_gen-22","Trelleborg","Kurland",55.395972,12.982861,0.619096046288388,-0.425660508723641,-0.155902391115582,0.779511955577904
