"","Pop","MLL_no","Indv_no","Pop_no","region","site_full","long","lat","temp_scaled8.5","sal_scaled8.5"
"1","AHU",351,"AHU-01","01","Kristianstad","Åhus",14402056,55973569,-0.451463586881927,-0.522363384199117
"2","AHU",366,"AHU-02","02","Kristianstad","Åhus",14402056,55973569,-0.451463586881927,-0.522363384199117
"3","AHU",366,"AHU-03","03","Kristianstad","Åhus",14402056,55973569,-0.451463586881927,-0.522363384199117
"4","AHU",366,"AHU-04","04","Kristianstad","Åhus",14402056,55973569,-0.451463586881927,-0.522363384199117
"5","AHU",366,"AHU-06","06","Kristianstad","Åhus",14402056,55973569,-0.451463586881927,-0.522363384199117
"6","AHU",366,"AHU-07","07","Kristianstad","Åhus",14402056,55973569,-0.451463586881927,-0.522363384199117
"7","AHU",351,"AHU-08","08","Kristianstad","Åhus",14402056,55973569,-0.451463586881927,-0.522363384199117
"8","AHU",361,"AHU-09","09","Kristianstad","Åhus",14402056,55973569,-0.451463586881927,-0.522363384199117
"9","AHU",361,"AHU-10","10","Kristianstad","Åhus",14402056,55973569,-0.451463586881927,-0.522363384199117
"10","AHU",361,"AHU-11","11","Kristianstad","Åhus",14402056,55973569,-0.451463586881927,-0.522363384199117
"11","AHU",367,"AHU-13","13","Kristianstad","Åhus",14402056,55973569,-0.451463586881927,-0.522363384199117
"12","AHU",366,"AHU-14","14","Kristianstad","Åhus",14402056,55973569,-0.451463586881927,-0.522363384199117
"13","AHU",366,"AHU-15","15","Kristianstad","Åhus",14402056,55973569,-0.451463586881927,-0.522363384199117
"14","AHU",366,"AHU-16","16","Kristianstad","Åhus",14402056,55973569,-0.451463586881927,-0.522363384199117
"15","AHU",367,"AHU-17","17","Kristianstad","Åhus",14402056,55973569,-0.451463586881927,-0.522363384199117
"16","AHU",367,"AHU-18","18","Kristianstad","Åhus",14402056,55973569,-0.451463586881927,-0.522363384199117
"17","AHU",366,"AHU-19","19","Kristianstad","Åhus",14402056,55973569,-0.451463586881927,-0.522363384199117
"18","AHU",366,"AHU-20","20","Kristianstad","Åhus",14402056,55973569,-0.451463586881927,-0.522363384199117
"19","ALA",219,"ALA-01","01","Øresund","Ålabadarna",12771034,55940683,0.482321424915461,0.958217719250326
"20","ALA",222,"ALA-02","02","Øresund","Ålabadarna",12771034,55940683,0.482321424915461,0.958217719250326
"21","ALA",230,"ALA-03","03","Øresund","Ålabadarna",12771034,55940683,0.482321424915461,0.958217719250326
"22","ALA",220,"ALA-04","04","Øresund","Ålabadarna",12771034,55940683,0.482321424915461,0.958217719250326
"23","ALA",230,"ALA-07","07","Øresund","Ålabadarna",12771034,55940683,0.482321424915461,0.958217719250326
"24","ALA",230,"ALA-08","08","Øresund","Ålabadarna",12771034,55940683,0.482321424915461,0.958217719250326
"25","ALA",229,"ALA-09","09","Øresund","Ålabadarna",12771034,55940683,0.482321424915461,0.958217719250326
"26","ALA",230,"ALA-10","10","Øresund","Ålabadarna",12771034,55940683,0.482321424915461,0.958217719250326
"27","ALA",231,"ALA-11","11","Øresund","Ålabadarna",12771034,55940683,0.482321424915461,0.958217719250326
"28","ALA",230,"ALA-12","12","Øresund","Ålabadarna",12771034,55940683,0.482321424915461,0.958217719250326
"29","ALA",233,"ALA-13","13","Øresund","Ålabadarna",12771034,55940683,0.482321424915461,0.958217719250326
"30","ALA",234,"ALA-14","14","Øresund","Ålabadarna",12771034,55940683,0.482321424915461,0.958217719250326
"31","ALA",236,"ALA-15","15","Øresund","Ålabadarna",12771034,55940683,0.482321424915461,0.958217719250326
"32","ALA",236,"ALA-16","16","Øresund","Ålabadarna",12771034,55940683,0.482321424915461,0.958217719250326
"33","ALA",237,"ALA-17","17","Øresund","Ålabadarna",12771034,55940683,0.482321424915461,0.958217719250326
"34","ALA",238,"ALA-18","18","Øresund","Ålabadarna",12771034,55940683,0.482321424915461,0.958217719250326
"35","ALA",239,"ALA-19","19","Øresund","Ålabadarna",12771034,55940683,0.482321424915461,0.958217719250326
"36","ALA",240,"ALA-20","20","Øresund","Ålabadarna",12771034,55940683,0.482321424915461,0.958217719250326
"37","BAD",519,"BAD-03","03","Öland","Bödagården",17058547,57259256,0.0154289190167668,-0.6868723956935
"38","BAD",519,"BAD-04","04","Öland","Bödagården",17058547,57259256,0.0154289190167668,-0.6868723956935
"39","BAD",519,"BAD-05","05","Öland","Bödagården",17058547,57259256,0.0154289190167668,-0.6868723956935
"40","BAD",520,"BAD-06","06","Öland","Bödagården",17058547,57259256,0.0154289190167668,-0.6868723956935
"41","BAD",519,"BAD-08","08","Öland","Bödagården",17058547,57259256,0.0154289190167668,-0.6868723956935
"42","BAD",519,"BAD-10","10","Öland","Bödagården",17058547,57259256,0.0154289190167668,-0.6868723956935
"43","BAD",520,"BAD-13","13","Öland","Bödagården",17058547,57259256,0.0154289190167668,-0.6868723956935
"44","BAD",519,"BAD-15","15","Öland","Bödagården",17058547,57259256,0.0154289190167668,-0.6868723956935
"45","BAD",526,"BAD-16","16","Öland","Bödagården",17058547,57259256,0.0154289190167668,-0.6868723956935
"46","BAD",533,"BAD-17","17","Öland","Bödagården",17058547,57259256,0.0154289190167668,-0.6868723956935
"47","BAD",526,"BAD-18","18","Öland","Bödagården",17058547,57259256,0.0154289190167668,-0.6868723956935
"48","BAD",533,"BAD-19","19","Öland","Bödagården",17058547,57259256,0.0154289190167668,-0.6868723956935
"49","BAD",533,"BAD-21","21","Öland","Bödagården",17058547,57259256,0.0154289190167668,-0.6868723956935
"50","BAD",533,"BAD-22","22","Öland","Bödagården",17058547,57259256,0.0154289190167668,-0.6868723956935
"51","BAD",533,"BAD-23","23","Öland","Bödagården",17058547,57259256,0.0154289190167668,-0.6868723956935
"52","BAD",533,"BAD-24","24","Öland","Bödagården",17058547,57259256,0.0154289190167668,-0.6868723956935
"53","BAD",533,"BAD-25","25","Öland","Bödagården",17058547,57259256,0.0154289190167668,-0.6868723956935
"54","BAD",533,"BAD-26","26","Öland","Bödagården",17058547,57259256,0.0154289190167668,-0.6868723956935
"55","BAD",526,"BAD-27","27","Öland","Bödagården",17058547,57259256,0.0154289190167668,-0.6868723956935
"56","BAR",241,"BAR-01","01","Barsebäck","Barsebäck hamn",1290189,5575528,0.0154289190167668,0.958217719250326
"57","BAR",244,"BAR-02","02","Barsebäck","Barsebäck hamn",1290189,5575528,0.0154289190167668,0.958217719250326
"58","BAR",247,"BAR-03","03","Barsebäck","Barsebäck hamn",1290189,5575528,0.0154289190167668,0.958217719250326
"59","BAR",247,"BAR-04","04","Barsebäck","Barsebäck hamn",1290189,5575528,0.0154289190167668,0.958217719250326
"60","BAR",247,"BAR-05","05","Barsebäck","Barsebäck hamn",1290189,5575528,0.0154289190167668,0.958217719250326
"61","BAR",250,"BAR-06","06","Barsebäck","Barsebäck hamn",1290189,5575528,0.0154289190167668,0.958217719250326
"62","BAR",251,"BAR-07","07","Barsebäck","Barsebäck hamn",1290189,5575528,0.0154289190167668,0.958217719250326
"63","BAR",251,"BAR-08","08","Barsebäck","Barsebäck hamn",1290189,5575528,0.0154289190167668,0.958217719250326
"64","BAR",251,"BAR-09","09","Barsebäck","Barsebäck hamn",1290189,5575528,0.0154289190167668,0.958217719250326
"65","BAR",255,"BAR-10","10","Barsebäck","Barsebäck hamn",1290189,5575528,0.0154289190167668,0.958217719250326
"66","BAR",255,"BAR-11","11","Barsebäck","Barsebäck hamn",1290189,5575528,0.0154289190167668,0.958217719250326
"67","BAR",251,"BAR-12","12","Barsebäck","Barsebäck hamn",1290189,5575528,0.0154289190167668,0.958217719250326
"68","BAR",251,"BAR-13","13","Barsebäck","Barsebäck hamn",1290189,5575528,0.0154289190167668,0.958217719250326
"69","BAR",258,"BAR-14","14","Barsebäck","Barsebäck hamn",1290189,5575528,0.0154289190167668,0.958217719250326
"70","BAR",259,"BAR-15","15","Barsebäck","Barsebäck hamn",1290189,5575528,0.0154289190167668,0.958217719250326
"71","BAR",260,"BAR-16","16","Barsebäck","Barsebäck hamn",1290189,5575528,0.0154289190167668,0.958217719250326
"72","BAR",261,"BAR-17","17","Barsebäck","Barsebäck hamn",1290189,5575528,0.0154289190167668,0.958217719250326
"73","BAR",262,"BAR-18","18","Barsebäck","Barsebäck hamn",1290189,5575528,0.0154289190167668,0.958217719250326
"74","BAR",263,"BAR-19","19","Barsebäck","Barsebäck hamn",1290189,5575528,0.0154289190167668,0.958217719250326
"75","BAR",264,"BAR-20","20","Barsebäck","Barsebäck hamn",1290189,5575528,0.0154289190167668,0.958217719250326
"76","BJN",394,"BJN-02","02","Karlskrona","Björkenäs",15925111,56159447,-0.918356092780621,-0.522363384199117
"77","BJN",394,"BJN-08","08","Karlskrona","Björkenäs",15925111,56159447,-0.918356092780621,-0.522363384199117
"78","BJN",394,"BJN-10","10","Karlskrona","Björkenäs",15925111,56159447,-0.918356092780621,-0.522363384199117
"79","BJN",394,"BJN-14","14","Karlskrona","Björkenäs",15925111,56159447,-0.918356092780621,-0.522363384199117
"80","BJN",394,"BJN-15","15","Karlskrona","Björkenäs",15925111,56159447,-0.918356092780621,-0.522363384199117
"81","BJN",394,"BJN-16","16","Karlskrona","Björkenäs",15925111,56159447,-0.918356092780621,-0.522363384199117
"82","BJN",394,"BJN-21","21","Karlskrona","Björkenäs",15925111,56159447,-0.918356092780621,-0.522363384199117
"83","BJN",394,"BJN-22","22","Karlskrona","Björkenäs",15925111,56159447,-0.918356092780621,-0.522363384199117
"84","BJN",394,"BJN-27","27","Karlskrona","Björkenäs",15925111,56159447,-0.918356092780621,-0.522363384199117
"85","BJO",703,"BJO-01","01","Östersjö","Björkö",1907867998,5983484289,0.482321424915461,-0.851381407187882
"86","BJO",703,"BJO-02","02","Östersjö","Björkö",1907867998,5983484289,0.482321424915461,-0.851381407187882
"87","BJO",703,"BJO-04","04","Östersjö","Björkö",1907867998,5983484289,0.482321424915461,-0.851381407187882
"88","BJO",703,"BJO-05","05","Östersjö","Björkö",1907867998,5983484289,0.482321424915461,-0.851381407187882
"89","BJO",703,"BJO-06","06","Östersjö","Björkö",1907867998,5983484289,0.482321424915461,-0.851381407187882
"90","BJO",703,"BJO-07","07","Östersjö","Björkö",1907867998,5983484289,0.482321424915461,-0.851381407187882
"91","BJO",703,"BJO-08","08","Östersjö","Björkö",1907867998,5983484289,0.482321424915461,-0.851381407187882
"92","BJO",703,"BJO-09","09","Östersjö","Björkö",1907867998,5983484289,0.482321424915461,-0.851381407187882
"93","BJO",703,"BJO-10","10","Östersjö","Björkö",1907867998,5983484289,0.482321424915461,-0.851381407187882
"94","BJO",703,"BJO-12","12","Östersjö","Björkö",1907867998,5983484289,0.482321424915461,-0.851381407187882
"95","BJO",703,"BJO-13","13","Östersjö","Björkö",1907867998,5983484289,0.482321424915461,-0.851381407187882
"96","BJO",703,"BJO-14","14","Östersjö","Björkö",1907867998,5983484289,0.482321424915461,-0.851381407187882
"97","BJO",703,"BJO-15","15","Östersjö","Björkö",1907867998,5983484289,0.482321424915461,-0.851381407187882
"98","BJO",703,"BJO-16","16","Östersjö","Björkö",1907867998,5983484289,0.482321424915461,-0.851381407187882
"99","BJO",703,"BJO-20","20","Östersjö","Björkö",1907867998,5983484289,0.482321424915461,-0.851381407187882
"100","BJO",703,"BJO-03","03","Östersjö","Björkö",1907867998,5983484289,0.482321424915461,-0.851381407187882
"101","BJO",703,"BJO-17","17","Östersjö","Björkö",1907867998,5983484289,0.482321424915461,-0.851381407187882
"102","BJO",703,"BJO-18","18","Östersjö","Björkö",1907867998,5983484289,0.482321424915461,-0.851381407187882
"103","BJO",703,"BJO-19","19","Östersjö","Björkö",1907867998,5983484289,0.482321424915461,-0.851381407187882
"104","BLA",404,"BLA-01","01","Öland","Bläsinge",16704923,56621246,-2.3190336104767,-0.522363384199117
"105","BLA",404,"BLA-02","02","Öland","Bläsinge",16704923,56621246,-2.3190336104767,-0.522363384199117
"106","BLA",404,"BLA-03","03","Öland","Bläsinge",16704923,56621246,-2.3190336104767,-0.522363384199117
"107","BLA",404,"BLA-04","04","Öland","Bläsinge",16704923,56621246,-2.3190336104767,-0.522363384199117
"108","BLA",404,"BLA-05","05","Öland","Bläsinge",16704923,56621246,-2.3190336104767,-0.522363384199117
"109","BLA",404,"BLA-06","06","Öland","Bläsinge",16704923,56621246,-2.3190336104767,-0.522363384199117
"110","BLA",404,"BLA-07","07","Öland","Bläsinge",16704923,56621246,-2.3190336104767,-0.522363384199117
"111","BLA",404,"BLA-08","08","Öland","Bläsinge",16704923,56621246,-2.3190336104767,-0.522363384199117
"112","BLA",404,"BLA-09","09","Öland","Bläsinge",16704923,56621246,-2.3190336104767,-0.522363384199117
"113","BLA",404,"BLA-10","10","Öland","Bläsinge",16704923,56621246,-2.3190336104767,-0.522363384199117
"114","BLA",404,"BLA-11","11","Öland","Bläsinge",16704923,56621246,-2.3190336104767,-0.522363384199117
"115","BLA",404,"BLA-12","12","Öland","Bläsinge",16704923,56621246,-2.3190336104767,-0.522363384199117
"116","BLA",404,"BLA-13","13","Öland","Bläsinge",16704923,56621246,-2.3190336104767,-0.522363384199117
"117","BLA",404,"BLA-14","14","Öland","Bläsinge",16704923,56621246,-2.3190336104767,-0.522363384199117
"118","BLA",404,"BLA-15","15","Öland","Bläsinge",16704923,56621246,-2.3190336104767,-0.522363384199117
"119","BLA",404,"BLA-16","16","Öland","Bläsinge",16704923,56621246,-2.3190336104767,-0.522363384199117
"120","BLA",404,"BLA-17","17","Öland","Bläsinge",16704923,56621246,-2.3190336104767,-0.522363384199117
"121","BLA",404,"BLA-18","18","Öland","Bläsinge",16704923,56621246,-2.3190336104767,-0.522363384199117
"122","BLA",404,"BLA-19","19","Öland","Bläsinge",16704923,56621246,-2.3190336104767,-0.522363384199117
"123","BLA",404,"BLA-20","20","Öland","Bläsinge",16704923,56621246,-2.3190336104767,-0.522363384199117
"124","BUR",489,"BUR-01","01","Gotland","Burgsvik",18223786,57032289,0.949213930814155,-0.6868723956935
"125","BUR",489,"BUR-02","02","Gotland","Burgsvik",18223786,57032289,0.949213930814155,-0.6868723956935
"126","BUR",491,"BUR-03","03","Gotland","Burgsvik",18223786,57032289,0.949213930814155,-0.6868723956935
"127","BUR",491,"BUR-04","04","Gotland","Burgsvik",18223786,57032289,0.949213930814155,-0.6868723956935
"128","BUR",493,"BUR-05","05","Gotland","Burgsvik",18223786,57032289,0.949213930814155,-0.6868723956935
"129","BUR",494,"BUR-06","06","Gotland","Burgsvik",18223786,57032289,0.949213930814155,-0.6868723956935
"130","BUR",496,"BUR-07","07","Gotland","Burgsvik",18223786,57032289,0.949213930814155,-0.6868723956935
"131","BUR",496,"BUR-08","08","Gotland","Burgsvik",18223786,57032289,0.949213930814155,-0.6868723956935
"132","BUR",498,"BUR-09","09","Gotland","Burgsvik",18223786,57032289,0.949213930814155,-0.6868723956935
"133","BUR",499,"BUR-10","10","Gotland","Burgsvik",18223786,57032289,0.949213930814155,-0.6868723956935
"134","BUR",501,"BUR-11","11","Gotland","Burgsvik",18223786,57032289,0.949213930814155,-0.6868723956935
"135","BUR",494,"BUR-12","12","Gotland","Burgsvik",18223786,57032289,0.949213930814155,-0.6868723956935
"136","BUR",504,"BUR-13","13","Gotland","Burgsvik",18223786,57032289,0.949213930814155,-0.6868723956935
"137","BUR",507,"BUR-14","14","Gotland","Burgsvik",18223786,57032289,0.949213930814155,-0.6868723956935
"138","BUR",507,"BUR-15","15","Gotland","Burgsvik",18223786,57032289,0.949213930814155,-0.6868723956935
"139","BUR",508,"BUR-16","16","Gotland","Burgsvik",18223786,57032289,0.949213930814155,-0.6868723956935
"140","BUR",509,"BUR-17","17","Gotland","Burgsvik",18223786,57032289,0.949213930814155,-0.6868723956935
"141","BUR",511,"BUR-18","18","Gotland","Burgsvik",18223786,57032289,0.949213930814155,-0.6868723956935
"142","BUR",511,"BUR-20","20","Gotland","Burgsvik",18223786,57032289,0.949213930814155,-0.6868723956935
"143","EKO",615,"EKO-01","01","Valdemarsvik","Ekön",16854798,58175265,-1.85214110457801,-0.6868723956935
"144","EKO",615,"EKO-02","02","Valdemarsvik","Ekön",16854798,58175265,-1.85214110457801,-0.6868723956935
"145","EKO",615,"EKO-03","03","Valdemarsvik","Ekön",16854798,58175265,-1.85214110457801,-0.6868723956935
"146","EKO",615,"EKO-04","04","Valdemarsvik","Ekön",16854798,58175265,-1.85214110457801,-0.6868723956935
"147","EKO",615,"EKO-05","05","Valdemarsvik","Ekön",16854798,58175265,-1.85214110457801,-0.6868723956935
"148","EKO",615,"EKO-06","06","Valdemarsvik","Ekön",16854798,58175265,-1.85214110457801,-0.6868723956935
"149","EKO",615,"EKO-07","07","Valdemarsvik","Ekön",16854798,58175265,-1.85214110457801,-0.6868723956935
"150","EKO",615,"EKO-08","08","Valdemarsvik","Ekön",16854798,58175265,-1.85214110457801,-0.6868723956935
"151","EKO",624,"EKO-09","09","Valdemarsvik","Ekön",16854798,58175265,-1.85214110457801,-0.6868723956935
"152","EKO",615,"EKO-10","10","Valdemarsvik","Ekön",16854798,58175265,-1.85214110457801,-0.6868723956935
"153","EKO",615,"EKO-11","11","Valdemarsvik","Ekön",16854798,58175265,-1.85214110457801,-0.6868723956935
"154","EKO",615,"EKO-12","12","Valdemarsvik","Ekön",16854798,58175265,-1.85214110457801,-0.6868723956935
"155","EKO",615,"EKO-13","13","Valdemarsvik","Ekön",16854798,58175265,-1.85214110457801,-0.6868723956935
"156","EKO",615,"EKO-14","14","Valdemarsvik","Ekön",16854798,58175265,-1.85214110457801,-0.6868723956935
"157","EKO",615,"EKO-15","15","Valdemarsvik","Ekön",16854798,58175265,-1.85214110457801,-0.6868723956935
"158","EKO",615,"EKO-16","16","Valdemarsvik","Ekön",16854798,58175265,-1.85214110457801,-0.6868723956935
"159","EKO",615,"EKO-17","17","Valdemarsvik","Ekön",16854798,58175265,-1.85214110457801,-0.6868723956935
"160","EKO",615,"EKO-18","18","Valdemarsvik","Ekön",16854798,58175265,-1.85214110457801,-0.6868723956935
"161","EKO",615,"EKO-19","19","Valdemarsvik","Ekön",16854798,58175265,-1.85214110457801,-0.6868723956935
"162","EKO",615,"EKO-20","20","Valdemarsvik","Ekön",16854798,58175265,-1.85214110457801,-0.6868723956935
"163","FUR",383,"FUR-02","02","Pukaviksbukten","Furumon",1472029998,560954,-0.918356092780621,-0.522363384199117
"164","FUR",383,"FUR-07","07","Pukaviksbukten","Furumon",1472029998,560954,-0.918356092780621,-0.522363384199117
"165","FUR",383,"FUR-08","08","Pukaviksbukten","Furumon",1472029998,560954,-0.918356092780621,-0.522363384199117
"166","FUR",383,"FUR-09","09","Pukaviksbukten","Furumon",1472029998,560954,-0.918356092780621,-0.522363384199117
"167","FUR",383,"FUR-11","11","Pukaviksbukten","Furumon",1472029998,560954,-0.918356092780621,-0.522363384199117
"168","FUR",383,"FUR-13","13","Pukaviksbukten","Furumon",1472029998,560954,-0.918356092780621,-0.522363384199117
"169","FUR",383,"FUR-14","14","Pukaviksbukten","Furumon",1472029998,560954,-0.918356092780621,-0.522363384199117
"170","FUR",383,"FUR-17","17","Pukaviksbukten","Furumon",1472029998,560954,-0.918356092780621,-0.522363384199117
"171","FUR",379,"FUR-18","18","Pukaviksbukten","Furumon",1472029998,560954,-0.918356092780621,-0.522363384199117
"172","FUR",379,"FUR-19","19","Pukaviksbukten","Furumon",1472029998,560954,-0.918356092780621,-0.522363384199117
"173","FUR",383,"FUR-20","20","Pukaviksbukten","Furumon",1472029998,560954,-0.918356092780621,-0.522363384199117
"174","FUR",383,"FUR-03","03","Pukaviksbukten","Furumon",1472029998,560954,-0.918356092780621,-0.522363384199117
"175","FUR",383,"FUR-04","04","Pukaviksbukten","Furumon",1472029998,560954,-0.918356092780621,-0.522363384199117
"176","FUR",383,"FUR-06","06","Pukaviksbukten","Furumon",1472029998,560954,-0.918356092780621,-0.522363384199117
"177","FUR",383,"FUR-10","10","Pukaviksbukten","Furumon",1472029998,560954,-0.918356092780621,-0.522363384199117
"178","FUR",383,"FUR-12","12","Pukaviksbukten","Furumon",1472029998,560954,-0.918356092780621,-0.522363384199117
"179","FUR",383,"FUR-15","15","Pukaviksbukten","Furumon",1472029998,560954,-0.918356092780621,-0.522363384199117
"180","GAL",669,"GAL-01","01","Haninge","Gålö",1832692339,5909087305,0.949213930814155,-0.6868723956935
"181","GAL",669,"GAL-02","02","Haninge","Gålö",1832692339,5909087305,0.949213930814155,-0.6868723956935
"182","GAL",669,"GAL-03","03","Haninge","Gålö",1832692339,5909087305,0.949213930814155,-0.6868723956935
"183","GAL",669,"GAL-04","04","Haninge","Gålö",1832692339,5909087305,0.949213930814155,-0.6868723956935
"184","GAL",669,"GAL-05","05","Haninge","Gålö",1832692339,5909087305,0.949213930814155,-0.6868723956935
"185","GAL",669,"GAL-06","06","Haninge","Gålö",1832692339,5909087305,0.949213930814155,-0.6868723956935
"186","GAL",669,"GAL-07","07","Haninge","Gålö",1832692339,5909087305,0.949213930814155,-0.6868723956935
"187","GAL",669,"GAL-08","08","Haninge","Gålö",1832692339,5909087305,0.949213930814155,-0.6868723956935
"188","GAL",669,"GAL-09","09","Haninge","Gålö",1832692339,5909087305,0.949213930814155,-0.6868723956935
"189","GAL",669,"GAL-10","10","Haninge","Gålö",1832692339,5909087305,0.949213930814155,-0.6868723956935
"190","GAL",669,"GAL-11","11","Haninge","Gålö",1832692339,5909087305,0.949213930814155,-0.6868723956935
"191","GAL",669,"GAL-12","12","Haninge","Gålö",1832692339,5909087305,0.949213930814155,-0.6868723956935
"192","GAL",669,"GAL-13","13","Haninge","Gålö",1832692339,5909087305,0.949213930814155,-0.6868723956935
"193","GAL",669,"GAL-14","14","Haninge","Gålö",1832692339,5909087305,0.949213930814155,-0.6868723956935
"194","GAL",669,"GAL-15","15","Haninge","Gålö",1832692339,5909087305,0.949213930814155,-0.6868723956935
"195","GAL",687,"GAL-16","16","Haninge","Gålö",1832692339,5909087305,0.949213930814155,-0.6868723956935
"196","GAL",687,"GAL-17","17","Haninge","Gålö",1832692339,5909087305,0.949213930814155,-0.6868723956935
"197","GAL",687,"GAL-18","18","Haninge","Gålö",1832692339,5909087305,0.949213930814155,-0.6868723956935
"198","GAL",687,"GAL-19","19","Haninge","Gålö",1832692339,5909087305,0.949213930814155,-0.6868723956935
"199","GAL",687,"GAL-20","20","Haninge","Gålö",1832692339,5909087305,0.949213930814155,-0.6868723956935
"200","GAS",44,"GAS-01","01","Kosterhavet","Gåsholmen ",11134688,58878628,0.0154289190167668,1.94527178821662
"201","GAS",46,"GAS-02","02","Kosterhavet","Gåsholmen ",11134688,58878628,0.0154289190167668,1.94527178821662
"202","GAS",46,"GAS-03","03","Kosterhavet","Gåsholmen ",11134688,58878628,0.0154289190167668,1.94527178821662
"203","GAS",47,"GAS-04","04","Kosterhavet","Gåsholmen ",11134688,58878628,0.0154289190167668,1.94527178821662
"204","GAS",48,"GAS-05","05","Kosterhavet","Gåsholmen ",11134688,58878628,0.0154289190167668,1.94527178821662
"205","GAS",49,"GAS-06","06","Kosterhavet","Gåsholmen ",11134688,58878628,0.0154289190167668,1.94527178821662
"206","GAS",50,"GAS-07","07","Kosterhavet","Gåsholmen ",11134688,58878628,0.0154289190167668,1.94527178821662
"207","GAS",51,"GAS-08","08","Kosterhavet","Gåsholmen ",11134688,58878628,0.0154289190167668,1.94527178821662
"208","GAS",52,"GAS-09","09","Kosterhavet","Gåsholmen ",11134688,58878628,0.0154289190167668,1.94527178821662
"209","GAS",53,"GAS-10","10","Kosterhavet","Gåsholmen ",11134688,58878628,0.0154289190167668,1.94527178821662
"210","GAS",56,"GAS-11","11","Kosterhavet","Gåsholmen ",11134688,58878628,0.0154289190167668,1.94527178821662
"211","GAS",56,"GAS-12","12","Kosterhavet","Gåsholmen ",11134688,58878628,0.0154289190167668,1.94527178821662
"212","GAS",56,"GAS-13","13","Kosterhavet","Gåsholmen ",11134688,58878628,0.0154289190167668,1.94527178821662
"213","GAS",56,"GAS-14","14","Kosterhavet","Gåsholmen ",11134688,58878628,0.0154289190167668,1.94527178821662
"214","GAS",56,"GAS-15","15","Kosterhavet","Gåsholmen ",11134688,58878628,0.0154289190167668,1.94527178821662
"215","GAS",56,"GAS-16","16","Kosterhavet","Gåsholmen ",11134688,58878628,0.0154289190167668,1.94527178821662
"216","GAS",56,"GAS-17","17","Kosterhavet","Gåsholmen ",11134688,58878628,0.0154289190167668,1.94527178821662
"217","GAS",56,"GAS-18","18","Kosterhavet","Gåsholmen ",11134688,58878628,0.0154289190167668,1.94527178821662
"218","GAS",56,"GAS-19","19","Kosterhavet","Gåsholmen ",11134688,58878628,0.0154289190167668,1.94527178821662
"219","GAS",66,"GAS-20","20","Kosterhavet","Gåsholmen ",11134688,58878628,0.0154289190167668,1.94527178821662
"220","GOT",176,"GOT-01","01","Kungsbacka","Gottskär",1202123,5739626,0.482321424915461,1.45174475373347
"221","GOT",177,"GOT-05","05","Kungsbacka","Gottskär",1202123,5739626,0.482321424915461,1.45174475373347
"222","GOT",178,"GOT-06","06","Kungsbacka","Gottskär",1202123,5739626,0.482321424915461,1.45174475373347
"223","GOT",179,"GOT-09","09","Kungsbacka","Gottskär",1202123,5739626,0.482321424915461,1.45174475373347
"224","GRO",193,"GRO-01","01","Lahalmsbukten","Grötvik",1278014,5664116,0.949213930814155,0.464690684767178
"225","GRO",193,"GRO-03","03","Lahalmsbukten","Grötvik",1278014,5664116,0.949213930814155,0.464690684767178
"226","GRO",193,"GRO-04","04","Lahalmsbukten","Grötvik",1278014,5664116,0.949213930814155,0.464690684767178
"227","GRO",193,"GRO-09","09","Lahalmsbukten","Grötvik",1278014,5664116,0.949213930814155,0.464690684767178
"228","GRO",193,"GRO-12","12","Lahalmsbukten","Grötvik",1278014,5664116,0.949213930814155,0.464690684767178
"229","GRO",193,"GRO-14","14","Lahalmsbukten","Grötvik",1278014,5664116,0.949213930814155,0.464690684767178
"230","GRO",193,"GRO-15","15","Lahalmsbukten","Grötvik",1278014,5664116,0.949213930814155,0.464690684767178
"231","GRO",193,"GRO-16","16","Lahalmsbukten","Grötvik",1278014,5664116,0.949213930814155,0.464690684767178
"232","GRO",193,"GRO-18","18","Lahalmsbukten","Grötvik",1278014,5664116,0.949213930814155,0.464690684767178
"233","GRO",193,"GRO-19","19","Lahalmsbukten","Grötvik",1278014,5664116,0.949213930814155,0.464690684767178
"234","GRO",193,"GRO-02","02","Lahalmsbukten","Grötvik",1278014,5664116,0.949213930814155,0.464690684767178
"235","GRO",193,"GRO-05","05","Lahalmsbukten","Grötvik",1278014,5664116,0.949213930814155,0.464690684767178
"236","GRO",193,"GRO-06","06","Lahalmsbukten","Grötvik",1278014,5664116,0.949213930814155,0.464690684767178
"237","GRO",193,"GRO-07","07","Lahalmsbukten","Grötvik",1278014,5664116,0.949213930814155,0.464690684767178
"238","GRO",193,"GRO-08","08","Lahalmsbukten","Grötvik",1278014,5664116,0.949213930814155,0.464690684767178
"239","GRO",197,"GRO-10","10","Lahalmsbukten","Grötvik",1278014,5664116,0.949213930814155,0.464690684767178
"240","GRO",193,"GRO-11","11","Lahalmsbukten","Grötvik",1278014,5664116,0.949213930814155,0.464690684767178
"241","GRO",193,"GRO-17","17","Lahalmsbukten","Grötvik",1278014,5664116,0.949213930814155,0.464690684767178
"242","HAN",744,"HAN-01","01","Finland","Hanko",22990247,59824232,-0.451463586881927,-0.851381407187882
"243","HAN",744,"HAN-02","02","Finland","Hanko",22990247,59824232,-0.451463586881927,-0.851381407187882
"244","HAN",744,"HAN-03","03","Finland","Hanko",22990247,59824232,-0.451463586881927,-0.851381407187882
"245","HAN",744,"HAN-04","04","Finland","Hanko",22990247,59824232,-0.451463586881927,-0.851381407187882
"246","HAN",744,"HAN-05","05","Finland","Hanko",22990247,59824232,-0.451463586881927,-0.851381407187882
"247","HAN",744,"HAN-06","06","Finland","Hanko",22990247,59824232,-0.451463586881927,-0.851381407187882
"248","HAN",744,"HAN-07","07","Finland","Hanko",22990247,59824232,-0.451463586881927,-0.851381407187882
"249","HAN",744,"HAN-08","08","Finland","Hanko",22990247,59824232,-0.451463586881927,-0.851381407187882
"250","HAN",744,"HAN-09","09","Finland","Hanko",22990247,59824232,-0.451463586881927,-0.851381407187882
"251","HAN",744,"HAN-10","10","Finland","Hanko",22990247,59824232,-0.451463586881927,-0.851381407187882
"252","HAN",749,"HAN-11","11","Finland","Hanko",22990247,59824232,-0.451463586881927,-0.851381407187882
"253","HAN",749,"HAN-12","12","Finland","Hanko",22990247,59824232,-0.451463586881927,-0.851381407187882
"254","HAN",749,"HAN-13","13","Finland","Hanko",22990247,59824232,-0.451463586881927,-0.851381407187882
"255","HAN",749,"HAN-14","14","Finland","Hanko",22990247,59824232,-0.451463586881927,-0.851381407187882
"256","HAN",754,"HAN-16","16","Finland","Hanko",22990247,59824232,-0.451463586881927,-0.851381407187882
"257","HAN",754,"HAN-17","17","Finland","Hanko",22990247,59824232,-0.451463586881927,-0.851381407187882
"258","HAN",754,"HAN-18","18","Finland","Hanko",22990247,59824232,-0.451463586881927,-0.851381407187882
"259","HAN",754,"HAN-19","19","Finland","Hanko",22990247,59824232,-0.451463586881927,-0.851381407187882
"260","HAN",754,"HAN-20","20","Finland","Hanko",22990247,59824232,-0.451463586881927,-0.851381407187882
"261","HOG",200,"HOG-01","01","Södra Höganäs","Höganäs",1255141,561969,0.482321424915461,0.958217719250326
"262","HOG",216,"HOG-02","02","Södra Höganäs","Höganäs",1255141,561969,0.482321424915461,0.958217719250326
"263","HOG",216,"HOG-03","03","Södra Höganäs","Höganäs",1255141,561969,0.482321424915461,0.958217719250326
"264","HOG",203,"HOG-04","04","Södra Höganäs","Höganäs",1255141,561969,0.482321424915461,0.958217719250326
"265","HOG",204,"HOG-05","05","Södra Höganäs","Höganäs",1255141,561969,0.482321424915461,0.958217719250326
"266","HOG",205,"HOG-06","06","Södra Höganäs","Höganäs",1255141,561969,0.482321424915461,0.958217719250326
"267","HOG",217,"HOG-07","07","Södra Höganäs","Höganäs",1255141,561969,0.482321424915461,0.958217719250326
"268","HOG",216,"HOG-08","08","Södra Höganäs","Höganäs",1255141,561969,0.482321424915461,0.958217719250326
"269","HOG",208,"HOG-09","09","Södra Höganäs","Höganäs",1255141,561969,0.482321424915461,0.958217719250326
"270","HOG",216,"HOG-11","11","Södra Höganäs","Höganäs",1255141,561969,0.482321424915461,0.958217719250326
"271","HOG",210,"HOG-15","15","Södra Höganäs","Höganäs",1255141,561969,0.482321424915461,0.958217719250326
"272","HOG",210,"HOG-16","16","Södra Höganäs","Höganäs",1255141,561969,0.482321424915461,0.958217719250326
"273","HOG",212,"HOG-17","17","Södra Höganäs","Höganäs",1255141,561969,0.482321424915461,0.958217719250326
"274","HOG",213,"HOG-18","18","Södra Höganäs","Höganäs",1255141,561969,0.482321424915461,0.958217719250326
"275","HOG",214,"HOG-10","10","Södra Höganäs","Höganäs",1255141,561969,0.482321424915461,0.958217719250326
"276","HOG",216,"HOG-12","12","Södra Höganäs","Höganäs",1255141,561969,0.482321424915461,0.958217719250326
"277","HOG",217,"HOG-13","13","Södra Höganäs","Höganäs",1255141,561969,0.482321424915461,0.958217719250326
"278","HOG",218,"HOG-19","19","Södra Höganäs","Höganäs",1255141,561969,0.482321424915461,0.958217719250326
"279","HOR",587,"HOR-10","10","Hornsudde","Hornsudde",16730625,57695151,-0.451463586881927,-0.6868723956935
"280","HOR",587,"HOR-11","11","Hornsudde","Hornsudde",16730625,57695151,-0.451463586881927,-0.6868723956935
"281","HOR",587,"HOR-12","12","Hornsudde","Hornsudde",16730625,57695151,-0.451463586881927,-0.6868723956935
"282","HOR",587,"HOR-13","13","Hornsudde","Hornsudde",16730625,57695151,-0.451463586881927,-0.6868723956935
"283","HOR",587,"HOR-14","14","Hornsudde","Hornsudde",16730625,57695151,-0.451463586881927,-0.6868723956935
"284","HOR",587,"HOR-15","15","Hornsudde","Hornsudde",16730625,57695151,-0.451463586881927,-0.6868723956935
"285","HOR",587,"HOR-16","16","Hornsudde","Hornsudde",16730625,57695151,-0.451463586881927,-0.6868723956935
"286","HOR",587,"HOR-17","17","Hornsudde","Hornsudde",16730625,57695151,-0.451463586881927,-0.6868723956935
"287","HOR",587,"HOR-18","18","Hornsudde","Hornsudde",16730625,57695151,-0.451463586881927,-0.6868723956935
"288","HOR",587,"HOR-19","19","Hornsudde","Hornsudde",16730625,57695151,-0.451463586881927,-0.6868723956935
"289","HOR",587,"HOR-02","02","Hornsudde","Hornsudde",16730625,57695151,-0.451463586881927,-0.6868723956935
"290","HOR",587,"HOR-03","03","Hornsudde","Hornsudde",16730625,57695151,-0.451463586881927,-0.6868723956935
"291","HOR",587,"HOR-05","05","Hornsudde","Hornsudde",16730625,57695151,-0.451463586881927,-0.6868723956935
"292","HOR",587,"HOR-08","08","Hornsudde","Hornsudde",16730625,57695151,-0.451463586881927,-0.6868723956935
"293","HOR",587,"HOR-09","09","Hornsudde","Hornsudde",16730625,57695151,-0.451463586881927,-0.6868723956935
"294","HOR",587,"HOR-20","20","Hornsudde","Hornsudde",16730625,57695151,-0.451463586881927,-0.6868723956935
"295","ING",771,"ING-01","01","Finland","Ingå",24039419,599906558,-0.451463586881927,-0.851381407187882
"296","ING",771,"ING-02","02","Finland","Ingå",24039419,599906558,-0.451463586881927,-0.851381407187882
"297","ING",771,"ING-03","03","Finland","Ingå",24039419,599906558,-0.451463586881927,-0.851381407187882
"298","ING",771,"ING-04","04","Finland","Ingå",24039419,599906558,-0.451463586881927,-0.851381407187882
"299","ING",771,"ING-05","05","Finland","Ingå",24039419,599906558,-0.451463586881927,-0.851381407187882
"300","ING",771,"ING-06","06","Finland","Ingå",24039419,599906558,-0.451463586881927,-0.851381407187882
"301","ING",771,"ING-07","07","Finland","Ingå",24039419,599906558,-0.451463586881927,-0.851381407187882
"302","ING",771,"ING-08","08","Finland","Ingå",24039419,599906558,-0.451463586881927,-0.851381407187882
"303","ING",771,"ING-09","09","Finland","Ingå",24039419,599906558,-0.451463586881927,-0.851381407187882
"304","ING",771,"ING-10","10","Finland","Ingå",24039419,599906558,-0.451463586881927,-0.851381407187882
"305","ING",771,"ING-11","11","Finland","Ingå",24039419,599906558,-0.451463586881927,-0.851381407187882
"306","ING",771,"ING-12","12","Finland","Ingå",24039419,599906558,-0.451463586881927,-0.851381407187882
"307","ING",771,"ING-14","14","Finland","Ingå",24039419,599906558,-0.451463586881927,-0.851381407187882
"308","ING",771,"ING-15","15","Finland","Ingå",24039419,599906558,-0.451463586881927,-0.851381407187882
"309","ING",771,"ING-16","16","Finland","Ingå",24039419,599906558,-0.451463586881927,-0.851381407187882
"310","ING",771,"ING-17","17","Finland","Ingå",24039419,599906558,-0.451463586881927,-0.851381407187882
"311","ING",771,"ING-18","18","Finland","Ingå",24039419,599906558,-0.451463586881927,-0.851381407187882
"312","ING",771,"ING-19","19","Finland","Ingå",24039419,599906558,-0.451463586881927,-0.851381407187882
"313","ING",771,"ING-20","20","Finland","Ingå",24039419,599906558,-0.451463586881927,-0.851381407187882
"314","KAL",426,"KAL-01","01","Kalmar","Kalmarsund",16351908,56654431,1.41610643671285,-0.522363384199117
"315","KAL",427,"KAL-02","02","Kalmar","Kalmarsund",16351908,56654431,1.41610643671285,-0.522363384199117
"316","KAL",427,"KAL-03","03","Kalmar","Kalmarsund",16351908,56654431,1.41610643671285,-0.522363384199117
"317","KAL",441,"KAL-04","04","Kalmar","Kalmarsund",16351908,56654431,1.41610643671285,-0.522363384199117
"318","KAL",427,"KAL-05","05","Kalmar","Kalmarsund",16351908,56654431,1.41610643671285,-0.522363384199117
"319","KAL",436,"KAL-06","06","Kalmar","Kalmarsund",16351908,56654431,1.41610643671285,-0.522363384199117
"320","KAL",426,"KAL-07","07","Kalmar","Kalmarsund",16351908,56654431,1.41610643671285,-0.522363384199117
"321","KAL",436,"KAL-08","08","Kalmar","Kalmarsund",16351908,56654431,1.41610643671285,-0.522363384199117
"322","KAL",426,"KAL-09","09","Kalmar","Kalmarsund",16351908,56654431,1.41610643671285,-0.522363384199117
"323","KAL",441,"KAL-10","10","Kalmar","Kalmarsund",16351908,56654431,1.41610643671285,-0.522363384199117
"324","KAL",441,"KAL-11","11","Kalmar","Kalmarsund",16351908,56654431,1.41610643671285,-0.522363384199117
"325","KAL",436,"KAL-12","12","Kalmar","Kalmarsund",16351908,56654431,1.41610643671285,-0.522363384199117
"326","KAL",441,"KAL-13","13","Kalmar","Kalmarsund",16351908,56654431,1.41610643671285,-0.522363384199117
"327","KAL",426,"KAL-14","14","Kalmar","Kalmarsund",16351908,56654431,1.41610643671285,-0.522363384199117
"328","KAL",436,"KAL-15","15","Kalmar","Kalmarsund",16351908,56654431,1.41610643671285,-0.522363384199117
"329","KAL",436,"KAL-16","16","Kalmar","Kalmarsund",16351908,56654431,1.41610643671285,-0.522363384199117
"330","KAL",427,"KAL-17","17","Kalmar","Kalmarsund",16351908,56654431,1.41610643671285,-0.522363384199117
"331","KAL",441,"KAL-18","18","Kalmar","Kalmarsund",16351908,56654431,1.41610643671285,-0.522363384199117
"332","KAL",427,"KAL-19","19","Kalmar","Kalmarsund",16351908,56654431,1.41610643671285,-0.522363384199117
"333","KAL",448,"KAL-20","20","Kalmar","Kalmarsund",16351908,56654431,1.41610643671285,-0.522363384199117
"334","KAR",451,"KAR-02","02","Öland","Kårehamn",16912377,56969566,0.0154289190167668,-0.6868723956935
"335","KAR",451,"KAR-08","08","Öland","Kårehamn",16912377,56969566,0.0154289190167668,-0.6868723956935
"336","KAR",451,"KAR-09","09","Öland","Kårehamn",16912377,56969566,0.0154289190167668,-0.6868723956935
"337","KAR",451,"KAR-12","12","Öland","Kårehamn",16912377,56969566,0.0154289190167668,-0.6868723956935
"338","KAR",451,"KAR-13","13","Öland","Kårehamn",16912377,56969566,0.0154289190167668,-0.6868723956935
"339","KAR",451,"KAR-14","14","Öland","Kårehamn",16912377,56969566,0.0154289190167668,-0.6868723956935
"340","KAR",451,"KAR-15","15","Öland","Kårehamn",16912377,56969566,0.0154289190167668,-0.6868723956935
"341","KAR",451,"KAR-16","16","Öland","Kårehamn",16912377,56969566,0.0154289190167668,-0.6868723956935
"342","KAR",451,"KAR-18","18","Öland","Kårehamn",16912377,56969566,0.0154289190167668,-0.6868723956935
"343","KAR",451,"KAR-20","20","Öland","Kårehamn",16912377,56969566,0.0154289190167668,-0.6868723956935
"344","KAR",451,"KAR-01","01","Öland","Kårehamn",16912377,56969566,0.0154289190167668,-0.6868723956935
"345","KAR",460,"KAR-03","03","Öland","Kårehamn",16912377,56969566,0.0154289190167668,-0.6868723956935
"346","KAR",451,"KAR-07","07","Öland","Kårehamn",16912377,56969566,0.0154289190167668,-0.6868723956935
"347","KAR",451,"KAR-11","11","Öland","Kårehamn",16912377,56969566,0.0154289190167668,-0.6868723956935
"348","KAR",451,"KAR-17","17","Öland","Kårehamn",16912377,56969566,0.0154289190167668,-0.6868723956935
"349","KAV",69,"KAV-01","01","Grebbestad-Fjällbacka","Kämpersvik",1127672,5864622,0.949213930814155,1.78076277672224
"350","KAV",71,"KAV-02","02","Grebbestad-Fjällbacka","Kämpersvik",1127672,5864622,0.949213930814155,1.78076277672224
"351","KAV",72,"KAV-03","03","Grebbestad-Fjällbacka","Kämpersvik",1127672,5864622,0.949213930814155,1.78076277672224
"352","KAV",75,"KAV-04","04","Grebbestad-Fjällbacka","Kämpersvik",1127672,5864622,0.949213930814155,1.78076277672224
"353","KAV",76,"KAV-05","05","Grebbestad-Fjällbacka","Kämpersvik",1127672,5864622,0.949213930814155,1.78076277672224
"354","KAV",77,"KAV-06","06","Grebbestad-Fjällbacka","Kämpersvik",1127672,5864622,0.949213930814155,1.78076277672224
"355","KAV",78,"KAV-07","07","Grebbestad-Fjällbacka","Kämpersvik",1127672,5864622,0.949213930814155,1.78076277672224
"356","KAV",79,"KAV-08","08","Grebbestad-Fjällbacka","Kämpersvik",1127672,5864622,0.949213930814155,1.78076277672224
"357","KAV",69,"KAV-09","09","Grebbestad-Fjällbacka","Kämpersvik",1127672,5864622,0.949213930814155,1.78076277672224
"358","KAV",79,"KAV-10","10","Grebbestad-Fjällbacka","Kämpersvik",1127672,5864622,0.949213930814155,1.78076277672224
"359","KAV",84,"KAV-11","11","Grebbestad-Fjällbacka","Kämpersvik",1127672,5864622,0.949213930814155,1.78076277672224
"360","KAV",84,"KAV-12","12","Grebbestad-Fjällbacka","Kämpersvik",1127672,5864622,0.949213930814155,1.78076277672224
"361","KAV",84,"KAV-13","13","Grebbestad-Fjällbacka","Kämpersvik",1127672,5864622,0.949213930814155,1.78076277672224
"362","KAV",85,"KAV-14","14","Grebbestad-Fjällbacka","Kämpersvik",1127672,5864622,0.949213930814155,1.78076277672224
"363","KAV",86,"KAV-15","15","Grebbestad-Fjällbacka","Kämpersvik",1127672,5864622,0.949213930814155,1.78076277672224
"364","KAV",87,"KAV-16","16","Grebbestad-Fjällbacka","Kämpersvik",1127672,5864622,0.949213930814155,1.78076277672224
"365","KAV",90,"KAV-17","17","Grebbestad-Fjällbacka","Kämpersvik",1127672,5864622,0.949213930814155,1.78076277672224
"366","KAV",90,"KAV-18","18","Grebbestad-Fjällbacka","Kämpersvik",1127672,5864622,0.949213930814155,1.78076277672224
"367","KAV",90,"KAV-19","19","Grebbestad-Fjällbacka","Kämpersvik",1127672,5864622,0.949213930814155,1.78076277672224
"368","KAV",90,"KAV-20","20","Grebbestad-Fjällbacka","Kämpersvik",1127672,5864622,0.949213930814155,1.78076277672224
"369","KIE",2,"KIE-01","01","Germany","Kiel",10154972,54345615,1.41610643671285,0.135672661778413
"370","KIE",2,"KIE-02","02","Germany","Kiel",10154972,54345615,1.41610643671285,0.135672661778413
"371","KIE",4,"KIE-03","03","Germany","Kiel",10154972,54345615,1.41610643671285,0.135672661778413
"372","KIE",5,"KIE-04","04","Germany","Kiel",10154972,54345615,1.41610643671285,0.135672661778413
"373","KIE",7,"KIE-05","05","Germany","Kiel",10154972,54345615,1.41610643671285,0.135672661778413
"374","KIE",5,"KIE-06","06","Germany","Kiel",10154972,54345615,1.41610643671285,0.135672661778413
"375","KIE",5,"KIE-08","08","Germany","Kiel",10154972,54345615,1.41610643671285,0.135672661778413
"376","KIE",11,"KIE-09","09","Germany","Kiel",10154972,54345615,1.41610643671285,0.135672661778413
"377","KIE",12,"KIE-10","10","Germany","Kiel",10154972,54345615,1.41610643671285,0.135672661778413
"378","KIE",14,"KIE-11","11","Germany","Kiel",10154972,54345615,1.41610643671285,0.135672661778413
"379","KIE",15,"KIE-12","12","Germany","Kiel",10154972,54345615,1.41610643671285,0.135672661778413
"380","KIE",16,"KIE-13","13","Germany","Kiel",10154972,54345615,1.41610643671285,0.135672661778413
"381","KIE",20,"KIE-14","14","Germany","Kiel",10154972,54345615,1.41610643671285,0.135672661778413
"382","KIE",20,"KIE-15","15","Germany","Kiel",10154972,54345615,1.41610643671285,0.135672661778413
"383","KIE",20,"KIE-16","16","Germany","Kiel",10154972,54345615,1.41610643671285,0.135672661778413
"384","KIE",20,"KIE-17","17","Germany","Kiel",10154972,54345615,1.41610643671285,0.135672661778413
"385","KIE",21,"KIE-18","18","Germany","Kiel",10154972,54345615,1.41610643671285,0.135672661778413
"386","KIE",21,"KIE-19","19","Germany","Kiel",10154972,54345615,1.41610643671285,0.135672661778413
"387","KIE",21,"KIE-20","20","Germany","Kiel",10154972,54345615,1.41610643671285,0.135672661778413
"388","KLI",563,"KLI-02","02","Gotland","Klintehamn",18152719,57401162,0.949213930814155,-0.6868723956935
"389","KLI",563,"KLI-03","03","Gotland","Klintehamn",18152719,57401162,0.949213930814155,-0.6868723956935
"390","KLI",563,"KLI-04","04","Gotland","Klintehamn",18152719,57401162,0.949213930814155,-0.6868723956935
"391","KLI",563,"KLI-05","05","Gotland","Klintehamn",18152719,57401162,0.949213930814155,-0.6868723956935
"392","KLI",561,"KLI-07","07","Gotland","Klintehamn",18152719,57401162,0.949213930814155,-0.6868723956935
"393","KLI",561,"KLI-08","08","Gotland","Klintehamn",18152719,57401162,0.949213930814155,-0.6868723956935
"394","KLI",561,"KLI-09","09","Gotland","Klintehamn",18152719,57401162,0.949213930814155,-0.6868723956935
"395","KLI",563,"KLI-10","10","Gotland","Klintehamn",18152719,57401162,0.949213930814155,-0.6868723956935
"396","KLI",563,"KLI-13","13","Gotland","Klintehamn",18152719,57401162,0.949213930814155,-0.6868723956935
"397","KLI",561,"KLI-15","15","Gotland","Klintehamn",18152719,57401162,0.949213930814155,-0.6868723956935
"398","KLI",561,"KLI-16","16","Gotland","Klintehamn",18152719,57401162,0.949213930814155,-0.6868723956935
"399","KLI",575,"KLI-17","17","Gotland","Klintehamn",18152719,57401162,0.949213930814155,-0.6868723956935
"400","KLI",561,"KLI-01","01","Gotland","Klintehamn",18152719,57401162,0.949213930814155,-0.6868723956935
"401","KLI",569,"KLI-06","06","Gotland","Klintehamn",18152719,57401162,0.949213930814155,-0.6868723956935
"402","KLI",563,"KLI-12","12","Gotland","Klintehamn",18152719,57401162,0.949213930814155,-0.6868723956935
"403","KLI",561,"KLI-14","14","Gotland","Klintehamn",18152719,57401162,0.949213930814155,-0.6868723956935
"404","KLI",573,"KLI-18","18","Gotland","Klintehamn",18152719,57401162,0.949213930814155,-0.6868723956935
"405","KLI",573,"KLI-19","19","Gotland","Klintehamn",18152719,57401162,0.949213930814155,-0.6868723956935
"406","KLI",575,"KLI-20","20","Gotland","Klintehamn",18152719,57401162,0.949213930814155,-0.6868723956935
"407","KOD",39,"KOD-04","04","Kosterhavet","Koster donor site",10991989,58882538,0.482321424915461,1.78076277672224
"408","KOD",25,"KOD-13","13","Kosterhavet","Koster donor site",10991989,58882538,0.482321424915461,1.78076277672224
"409","KOD",25,"KOD-14","14","Kosterhavet","Koster donor site",10991989,58882538,0.482321424915461,1.78076277672224
"410","KOD",43,"KOD-15","15","Kosterhavet","Koster donor site",10991989,58882538,0.482321424915461,1.78076277672224
"411","KOD",28,"KOD-16","16","Kosterhavet","Koster donor site",10991989,58882538,0.482321424915461,1.78076277672224
"412","KOD",29,"KOD-18","18","Kosterhavet","Koster donor site",10991989,58882538,0.482321424915461,1.78076277672224
"413","KOD",30,"KOD-19","19","Kosterhavet","Koster donor site",10991989,58882538,0.482321424915461,1.78076277672224
"414","KOD",31,"KOD-20","20","Kosterhavet","Koster donor site",10991989,58882538,0.482321424915461,1.78076277672224
"415","KOD",33,"KOD-01","01","Kosterhavet","Koster donor site",10991989,58882538,0.482321424915461,1.78076277672224
"416","KOD",33,"KOD-02","02","Kosterhavet","Koster donor site",10991989,58882538,0.482321424915461,1.78076277672224
"417","KOD",39,"KOD-03","03","Kosterhavet","Koster donor site",10991989,58882538,0.482321424915461,1.78076277672224
"418","KOD",39,"KOD-05","05","Kosterhavet","Koster donor site",10991989,58882538,0.482321424915461,1.78076277672224
"419","KOD",39,"KOD-06","06","Kosterhavet","Koster donor site",10991989,58882538,0.482321424915461,1.78076277672224
"420","KOD",39,"KOD-07","07","Kosterhavet","Koster donor site",10991989,58882538,0.482321424915461,1.78076277672224
"421","KOD",39,"KOD-08","08","Kosterhavet","Koster donor site",10991989,58882538,0.482321424915461,1.78076277672224
"422","KOD",39,"KOD-09","09","Kosterhavet","Koster donor site",10991989,58882538,0.482321424915461,1.78076277672224
"423","KOD",41,"KOD-10","10","Kosterhavet","Koster donor site",10991989,58882538,0.482321424915461,1.78076277672224
"424","KOD",42,"KOD-11","11","Kosterhavet","Koster donor site",10991989,58882538,0.482321424915461,1.78076277672224
"425","KOD",43,"KOD-17","17","Kosterhavet","Koster donor site",10991989,58882538,0.482321424915461,1.78076277672224
"426","KRA",642,"KRA-04","04","Tystberga","Krampö",174658689,58690647,-1.38524859867931,-0.6868723956935
"427","KRA",642,"KRA-11","11","Tystberga","Krampö",174658689,58690647,-1.38524859867931,-0.6868723956935
"428","KRA",642,"KRA-15","15","Tystberga","Krampö",174658689,58690647,-1.38524859867931,-0.6868723956935
"429","KRA",642,"KRA-17","17","Tystberga","Krampö",174658689,58690647,-1.38524859867931,-0.6868723956935
"430","KRA",642,"KRA-18","18","Tystberga","Krampö",174658689,58690647,-1.38524859867931,-0.6868723956935
"431","KRA",642,"KRA-01","01","Tystberga","Krampö",174658689,58690647,-1.38524859867931,-0.6868723956935
"432","KRA",642,"KRA-03","03","Tystberga","Krampö",174658689,58690647,-1.38524859867931,-0.6868723956935
"433","KRA",642,"KRA-16","16","Tystberga","Krampö",174658689,58690647,-1.38524859867931,-0.6868723956935
"434","KRA",642,"KRA-20","20","Tystberga","Krampö",174658689,58690647,-1.38524859867931,-0.6868723956935
"435","KUR",288,"KUR-01","01","Trelleborg","Kurland",12982861,55395972,0.482321424915461,-0.357854372704734
"436","KUR",288,"KUR-02","02","Trelleborg","Kurland",12982861,55395972,0.482321424915461,-0.357854372704734
"437","KUR",288,"KUR-03","03","Trelleborg","Kurland",12982861,55395972,0.482321424915461,-0.357854372704734
"438","KUR",288,"KUR-04","04","Trelleborg","Kurland",12982861,55395972,0.482321424915461,-0.357854372704734
"439","KUR",288,"KUR-05","05","Trelleborg","Kurland",12982861,55395972,0.482321424915461,-0.357854372704734
"440","KUR",288,"KUR-06","06","Trelleborg","Kurland",12982861,55395972,0.482321424915461,-0.357854372704734
"441","KUR",291,"KUR-07","07","Trelleborg","Kurland",12982861,55395972,0.482321424915461,-0.357854372704734
"442","KUR",288,"KUR-08","08","Trelleborg","Kurland",12982861,55395972,0.482321424915461,-0.357854372704734
"443","KUR",294,"KUR-09","09","Trelleborg","Kurland",12982861,55395972,0.482321424915461,-0.357854372704734
"444","KUR",296,"KUR-10","10","Trelleborg","Kurland",12982861,55395972,0.482321424915461,-0.357854372704734
"445","KUR",297,"KUR-11","11","Trelleborg","Kurland",12982861,55395972,0.482321424915461,-0.357854372704734
"446","KUR",297,"KUR-12","12","Trelleborg","Kurland",12982861,55395972,0.482321424915461,-0.357854372704734
"447","KUR",299,"KUR-13","13","Trelleborg","Kurland",12982861,55395972,0.482321424915461,-0.357854372704734
"448","KUR",302,"KUR-14","14","Trelleborg","Kurland",12982861,55395972,0.482321424915461,-0.357854372704734
"449","KUR",302,"KUR-15","15","Trelleborg","Kurland",12982861,55395972,0.482321424915461,-0.357854372704734
"450","KUR",302,"KUR-16","16","Trelleborg","Kurland",12982861,55395972,0.482321424915461,-0.357854372704734
"451","KUR",302,"KUR-17","17","Trelleborg","Kurland",12982861,55395972,0.482321424915461,-0.357854372704734
"452","KUR",306,"KUR-18","18","Trelleborg","Kurland",12982861,55395972,0.482321424915461,-0.357854372704734
"453","KUR",306,"KUR-19","19","Trelleborg","Kurland",12982861,55395972,0.482321424915461,-0.357854372704734
"454","KUR",306,"KUR-20","20","Trelleborg","Kurland",12982861,55395972,0.482321424915461,-0.357854372704734
"455","LJU",540,"LJU-01","01","Gotland","Ljugarn",18695397,57319176,0.0154289190167668,-0.6868723956935
"456","LJU",540,"LJU-02","02","Gotland","Ljugarn",18695397,57319176,0.0154289190167668,-0.6868723956935
"457","LJU",540,"LJU-03","03","Gotland","Ljugarn",18695397,57319176,0.0154289190167668,-0.6868723956935
"458","LJU",540,"LJU-04","04","Gotland","Ljugarn",18695397,57319176,0.0154289190167668,-0.6868723956935
"459","LJU",540,"LJU-05","05","Gotland","Ljugarn",18695397,57319176,0.0154289190167668,-0.6868723956935
"460","LJU",540,"LJU-06","06","Gotland","Ljugarn",18695397,57319176,0.0154289190167668,-0.6868723956935
"461","LJU",546,"LJU-08","08","Gotland","Ljugarn",18695397,57319176,0.0154289190167668,-0.6868723956935
"462","LJU",546,"LJU-09","09","Gotland","Ljugarn",18695397,57319176,0.0154289190167668,-0.6868723956935
"463","LJU",546,"LJU-10","10","Gotland","Ljugarn",18695397,57319176,0.0154289190167668,-0.6868723956935
"464","LJU",546,"LJU-11","11","Gotland","Ljugarn",18695397,57319176,0.0154289190167668,-0.6868723956935
"465","LJU",546,"LJU-12","12","Gotland","Ljugarn",18695397,57319176,0.0154289190167668,-0.6868723956935
"466","LJU",546,"LJU-13","13","Gotland","Ljugarn",18695397,57319176,0.0154289190167668,-0.6868723956935
"467","LJU",546,"LJU-14","14","Gotland","Ljugarn",18695397,57319176,0.0154289190167668,-0.6868723956935
"468","LJU",551,"LJU-17","17","Gotland","Ljugarn",18695397,57319176,0.0154289190167668,-0.6868723956935
"469","LJU",546,"LJU-18","18","Gotland","Ljugarn",18695397,57319176,0.0154289190167668,-0.6868723956935
"470","LJU",546,"LJU-19","19","Gotland","Ljugarn",18695397,57319176,0.0154289190167668,-0.6868723956935
"471","LJU",555,"LJU-20","20","Gotland","Ljugarn",18695397,57319176,0.0154289190167668,-0.6868723956935
"472","LOM",265,"LOM-01","01","Lomma","South Lomma Bay",1305485,5567242,0.482321424915461,-0.357854372704734
"473","LOM",267,"LOM-02","02","Lomma","South Lomma Bay",1305485,5567242,0.482321424915461,-0.357854372704734
"474","LOM",267,"LOM-03","03","Lomma","South Lomma Bay",1305485,5567242,0.482321424915461,-0.357854372704734
"475","LOM",268,"LOM-04","04","Lomma","South Lomma Bay",1305485,5567242,0.482321424915461,-0.357854372704734
"476","LOM",270,"LOM-05","05","Lomma","South Lomma Bay",1305485,5567242,0.482321424915461,-0.357854372704734
"477","LOM",270,"LOM-06","06","Lomma","South Lomma Bay",1305485,5567242,0.482321424915461,-0.357854372704734
"478","LOM",273,"LOM-07","07","Lomma","South Lomma Bay",1305485,5567242,0.482321424915461,-0.357854372704734
"479","LOM",273,"LOM-08","08","Lomma","South Lomma Bay",1305485,5567242,0.482321424915461,-0.357854372704734
"480","LOM",273,"LOM-09","09","Lomma","South Lomma Bay",1305485,5567242,0.482321424915461,-0.357854372704734
"481","LOM",274,"LOM-10","10","Lomma","South Lomma Bay",1305485,5567242,0.482321424915461,-0.357854372704734
"482","LOM",275,"LOM-11","11","Lomma","South Lomma Bay",1305485,5567242,0.482321424915461,-0.357854372704734
"483","LOM",277,"LOM-12","12","Lomma","South Lomma Bay",1305485,5567242,0.482321424915461,-0.357854372704734
"484","LOM",277,"LOM-13","13","Lomma","South Lomma Bay",1305485,5567242,0.482321424915461,-0.357854372704734
"485","LOM",278,"LOM-14","14","Lomma","South Lomma Bay",1305485,5567242,0.482321424915461,-0.357854372704734
"486","LOM",279,"LOM-16","16","Lomma","South Lomma Bay",1305485,5567242,0.482321424915461,-0.357854372704734
"487","LOM",280,"LOM-17","17","Lomma","South Lomma Bay",1305485,5567242,0.482321424915461,-0.357854372704734
"488","LOM",281,"LOM-18","18","Lomma","South Lomma Bay",1305485,5567242,0.482321424915461,-0.357854372704734
"489","LOM",282,"LOM-19","19","Lomma","South Lomma Bay",1305485,5567242,0.482321424915461,-0.357854372704734
"490","LOM",284,"LOM-20","20","Lomma","South Lomma Bay",1305485,5567242,0.482321424915461,-0.357854372704734
"491","NOV",138,"NOV-01","01","Sälöfjorden","N. Överön",11728779,57795244,0.949213930814155,1.28723574223909
"492","NOV",138,"NOV-03","03","Sälöfjorden","N. Överön",11728779,57795244,0.949213930814155,1.28723574223909
"493","NOV",144,"NOV-04","04","Sälöfjorden","N. Överön",11728779,57795244,0.949213930814155,1.28723574223909
"494","NOV",144,"NOV-05","05","Sälöfjorden","N. Överön",11728779,57795244,0.949213930814155,1.28723574223909
"495","NOV",147,"NOV-06","06","Sälöfjorden","N. Överön",11728779,57795244,0.949213930814155,1.28723574223909
"496","NOV",146,"NOV-08","08","Sälöfjorden","N. Överön",11728779,57795244,0.949213930814155,1.28723574223909
"497","NOV",147,"NOV-09","09","Sälöfjorden","N. Överön",11728779,57795244,0.949213930814155,1.28723574223909
"498","NOV",148,"NOV-13","13","Sälöfjorden","N. Överön",11728779,57795244,0.949213930814155,1.28723574223909
"499","NOV",149,"NOV-14","14","Sälöfjorden","N. Överön",11728779,57795244,0.949213930814155,1.28723574223909
"500","NOV",150,"NOV-15","15","Sälöfjorden","N. Överön",11728779,57795244,0.949213930814155,1.28723574223909
"501","NOV",150,"NOV-16","16","Sälöfjorden","N. Överön",11728779,57795244,0.949213930814155,1.28723574223909
"502","NOV",152,"NOV-18","18","Sälöfjorden","N. Överön",11728779,57795244,0.949213930814155,1.28723574223909
"503","NOV",153,"NOV-20","20","Sälöfjorden","N. Överön",11728779,57795244,0.949213930814155,1.28723574223909
"504","NYN",659,"NYN-02","02","Nynäshamn","Nynäshamn",179542217,588811079,-2.7859261163754,-0.6868723956935
"505","NYN",649,"NYN-03","03","Nynäshamn","Nynäshamn",179542217,588811079,-2.7859261163754,-0.6868723956935
"506","NYN",659,"NYN-04","04","Nynäshamn","Nynäshamn",179542217,588811079,-2.7859261163754,-0.6868723956935
"507","NYN",659,"NYN-11","11","Nynäshamn","Nynäshamn",179542217,588811079,-2.7859261163754,-0.6868723956935
"508","NYN",659,"NYN-12","12","Nynäshamn","Nynäshamn",179542217,588811079,-2.7859261163754,-0.6868723956935
"509","NYN",659,"NYN-13","13","Nynäshamn","Nynäshamn",179542217,588811079,-2.7859261163754,-0.6868723956935
"510","NYN",659,"NYN-14","14","Nynäshamn","Nynäshamn",179542217,588811079,-2.7859261163754,-0.6868723956935
"511","NYN",659,"NYN-18","18","Nynäshamn","Nynäshamn",179542217,588811079,-2.7859261163754,-0.6868723956935
"512","NYN",659,"NYN-19","19","Nynäshamn","Nynäshamn",179542217,588811079,-2.7859261163754,-0.6868723956935
"513","NYN",659,"NYN-01","01","Nynäshamn","Nynäshamn",179542217,588811079,-2.7859261163754,-0.6868723956935
"514","NYN",659,"NYN-07","07","Nynäshamn","Nynäshamn",179542217,588811079,-2.7859261163754,-0.6868723956935
"515","NYN",659,"NYN-08","08","Nynäshamn","Nynäshamn",179542217,588811079,-2.7859261163754,-0.6868723956935
"516","NYN",659,"NYN-09","09","Nynäshamn","Nynäshamn",179542217,588811079,-2.7859261163754,-0.6868723956935
"517","NYN",659,"NYN-10","10","Nynäshamn","Nynäshamn",179542217,588811079,-2.7859261163754,-0.6868723956935
"518","NYN",659,"NYN-15","15","Nynäshamn","Nynäshamn",179542217,588811079,-2.7859261163754,-0.6868723956935
"519","NYN",659,"NYN-16","16","Nynäshamn","Nynäshamn",179542217,588811079,-2.7859261163754,-0.6868723956935
"520","NYN",659,"NYN-17","17","Nynäshamn","Nynäshamn",179542217,588811079,-2.7859261163754,-0.6868723956935
"521","OSK",471,"OSK-01","01","Oskarshamn","Oskarshamn",16583068,57031518,-0.918356092780621,-0.522363384199117
"522","OSK",471,"OSK-02","02","Oskarshamn","Oskarshamn",16583068,57031518,-0.918356092780621,-0.522363384199117
"523","OSK",471,"OSK-03","03","Oskarshamn","Oskarshamn",16583068,57031518,-0.918356092780621,-0.522363384199117
"524","OSK",471,"OSK-04","04","Oskarshamn","Oskarshamn",16583068,57031518,-0.918356092780621,-0.522363384199117
"525","OSK",471,"OSK-05","05","Oskarshamn","Oskarshamn",16583068,57031518,-0.918356092780621,-0.522363384199117
"526","OSK",474,"OSK-06","06","Oskarshamn","Oskarshamn",16583068,57031518,-0.918356092780621,-0.522363384199117
"527","OSK",474,"OSK-07","07","Oskarshamn","Oskarshamn",16583068,57031518,-0.918356092780621,-0.522363384199117
"528","OSK",474,"OSK-08","08","Oskarshamn","Oskarshamn",16583068,57031518,-0.918356092780621,-0.522363384199117
"529","OSK",474,"OSK-09","09","Oskarshamn","Oskarshamn",16583068,57031518,-0.918356092780621,-0.522363384199117
"530","OSK",474,"OSK-10","10","Oskarshamn","Oskarshamn",16583068,57031518,-0.918356092780621,-0.522363384199117
"531","OSK",474,"OSK-11","11","Oskarshamn","Oskarshamn",16583068,57031518,-0.918356092780621,-0.522363384199117
"532","OSK",474,"OSK-12","12","Oskarshamn","Oskarshamn",16583068,57031518,-0.918356092780621,-0.522363384199117
"533","OSK",474,"OSK-13","13","Oskarshamn","Oskarshamn",16583068,57031518,-0.918356092780621,-0.522363384199117
"534","OSK",474,"OSK-14","14","Oskarshamn","Oskarshamn",16583068,57031518,-0.918356092780621,-0.522363384199117
"535","OSK",474,"OSK-15","15","Oskarshamn","Oskarshamn",16583068,57031518,-0.918356092780621,-0.522363384199117
"536","OSK",474,"OSK-16","16","Oskarshamn","Oskarshamn",16583068,57031518,-0.918356092780621,-0.522363384199117
"537","OSK",474,"OSK-17","17","Oskarshamn","Oskarshamn",16583068,57031518,-0.918356092780621,-0.522363384199117
"538","OSK",474,"OSK-18","18","Oskarshamn","Oskarshamn",16583068,57031518,-0.918356092780621,-0.522363384199117
"539","OSK",474,"OSK-19","19","Oskarshamn","Oskarshamn",16583068,57031518,-0.918356092780621,-0.522363384199117
"540","OSK",474,"OSK-20","20","Oskarshamn","Oskarshamn",16583068,57031518,-0.918356092780621,-0.522363384199117
"541","RAU",714,"RAU-01","01","Finland","Rauma",21319105,61052267,0.0154289190167668,-0.851381407187882
"542","RAU",714,"RAU-02","02","Finland","Rauma",21319105,61052267,0.0154289190167668,-0.851381407187882
"543","RAU",714,"RAU-03","03","Finland","Rauma",21319105,61052267,0.0154289190167668,-0.851381407187882
"544","RAU",714,"RAU-04","04","Finland","Rauma",21319105,61052267,0.0154289190167668,-0.851381407187882
"545","RAU",714,"RAU-05","05","Finland","Rauma",21319105,61052267,0.0154289190167668,-0.851381407187882
"546","RAU",714,"RAU-06","06","Finland","Rauma",21319105,61052267,0.0154289190167668,-0.851381407187882
"547","RAU",714,"RAU-07","07","Finland","Rauma",21319105,61052267,0.0154289190167668,-0.851381407187882
"548","RAU",714,"RAU-08","08","Finland","Rauma",21319105,61052267,0.0154289190167668,-0.851381407187882
"549","RAU",714,"RAU-09","09","Finland","Rauma",21319105,61052267,0.0154289190167668,-0.851381407187882
"550","RAU",714,"RAU-10","10","Finland","Rauma",21319105,61052267,0.0154289190167668,-0.851381407187882
"551","RAU",714,"RAU-11","11","Finland","Rauma",21319105,61052267,0.0154289190167668,-0.851381407187882
"552","RAU",714,"RAU-12","12","Finland","Rauma",21319105,61052267,0.0154289190167668,-0.851381407187882
"553","RAU",714,"RAU-13","13","Finland","Rauma",21319105,61052267,0.0154289190167668,-0.851381407187882
"554","RAU",714,"RAU-14","14","Finland","Rauma",21319105,61052267,0.0154289190167668,-0.851381407187882
"555","RAU",714,"RAU-15","15","Finland","Rauma",21319105,61052267,0.0154289190167668,-0.851381407187882
"556","RAU",714,"RAU-16","16","Finland","Rauma",21319105,61052267,0.0154289190167668,-0.851381407187882
"557","RAU",714,"RAU-17","17","Finland","Rauma",21319105,61052267,0.0154289190167668,-0.851381407187882
"558","RAU",714,"RAU-18","18","Finland","Rauma",21319105,61052267,0.0154289190167668,-0.851381407187882
"559","RAU",714,"RAU-19","19","Finland","Rauma",21319105,61052267,0.0154289190167668,-0.851381407187882
"560","RAU",714,"RAU-20","20","Finland","Rauma",21319105,61052267,0.0154289190167668,-0.851381407187882
"561","SBR",154,"SBR-01","01","Göteborgs S skärgård","S. Brännö",1179115,5764159,0.949213930814155,1.12272673074471
"562","SBR",157,"SBR-02","02","Göteborgs S skärgård","S. Brännö",1179115,5764159,0.949213930814155,1.12272673074471
"563","SBR",159,"SBR-03","03","Göteborgs S skärgård","S. Brännö",1179115,5764159,0.949213930814155,1.12272673074471
"564","SBR",160,"SBR-04","04","Göteborgs S skärgård","S. Brännö",1179115,5764159,0.949213930814155,1.12272673074471
"565","SBR",161,"SBR-05","05","Göteborgs S skärgård","S. Brännö",1179115,5764159,0.949213930814155,1.12272673074471
"566","SBR",162,"SBR-07","07","Göteborgs S skärgård","S. Brännö",1179115,5764159,0.949213930814155,1.12272673074471
"567","SBR",163,"SBR-08","08","Göteborgs S skärgård","S. Brännö",1179115,5764159,0.949213930814155,1.12272673074471
"568","SBR",164,"SBR-09","09","Göteborgs S skärgård","S. Brännö",1179115,5764159,0.949213930814155,1.12272673074471
"569","SBR",165,"SBR-10","10","Göteborgs S skärgård","S. Brännö",1179115,5764159,0.949213930814155,1.12272673074471
"570","SBR",166,"SBR-11","11","Göteborgs S skärgård","S. Brännö",1179115,5764159,0.949213930814155,1.12272673074471
"571","SBR",167,"SBR-12","12","Göteborgs S skärgård","S. Brännö",1179115,5764159,0.949213930814155,1.12272673074471
"572","SBR",168,"SBR-13","13","Göteborgs S skärgård","S. Brännö",1179115,5764159,0.949213930814155,1.12272673074471
"573","SBR",169,"SBR-14","14","Göteborgs S skärgård","S. Brännö",1179115,5764159,0.949213930814155,1.12272673074471
"574","SBR",170,"SBR-15","15","Göteborgs S skärgård","S. Brännö",1179115,5764159,0.949213930814155,1.12272673074471
"575","SBR",171,"SBR-16","16","Göteborgs S skärgård","S. Brännö",1179115,5764159,0.949213930814155,1.12272673074471
"576","SBR",172,"SBR-17","17","Göteborgs S skärgård","S. Brännö",1179115,5764159,0.949213930814155,1.12272673074471
"577","SBR",173,"SBR-18","18","Göteborgs S skärgård","S. Brännö",1179115,5764159,0.949213930814155,1.12272673074471
"578","SBR",174,"SBR-19","19","Göteborgs S skärgård","S. Brännö",1179115,5764159,0.949213930814155,1.12272673074471
"579","SBR",175,"SBR-20","20","Göteborgs S skärgård","S. Brännö",1179115,5764159,0.949213930814155,1.12272673074471
"580","SKI",327,"SKI-01","01","Skillinge","Skillinge",142785,55457556,-1.85214110457801,-0.522363384199117
"581","SKI",327,"SKI-02","02","Skillinge","Skillinge",142785,55457556,-1.85214110457801,-0.522363384199117
"582","SKI",327,"SKI-03","03","Skillinge","Skillinge",142785,55457556,-1.85214110457801,-0.522363384199117
"583","SKI",336,"SKI-04","04","Skillinge","Skillinge",142785,55457556,-1.85214110457801,-0.522363384199117
"584","SKI",336,"SKI-05","05","Skillinge","Skillinge",142785,55457556,-1.85214110457801,-0.522363384199117
"585","SKI",336,"SKI-06","06","Skillinge","Skillinge",142785,55457556,-1.85214110457801,-0.522363384199117
"586","SKI",336,"SKI-07","07","Skillinge","Skillinge",142785,55457556,-1.85214110457801,-0.522363384199117
"587","SKI",336,"SKI-08","08","Skillinge","Skillinge",142785,55457556,-1.85214110457801,-0.522363384199117
"588","SKI",336,"SKI-09","09","Skillinge","Skillinge",142785,55457556,-1.85214110457801,-0.522363384199117
"589","SKI",327,"SKI-10","10","Skillinge","Skillinge",142785,55457556,-1.85214110457801,-0.522363384199117
"590","SKI",336,"SKI-11","11","Skillinge","Skillinge",142785,55457556,-1.85214110457801,-0.522363384199117
"591","SKI",336,"SKI-12","12","Skillinge","Skillinge",142785,55457556,-1.85214110457801,-0.522363384199117
"592","SKI",336,"SKI-13","13","Skillinge","Skillinge",142785,55457556,-1.85214110457801,-0.522363384199117
"593","SKI",346,"SKI-14","14","Skillinge","Skillinge",142785,55457556,-1.85214110457801,-0.522363384199117
"594","SKI",346,"SKI-15","15","Skillinge","Skillinge",142785,55457556,-1.85214110457801,-0.522363384199117
"595","SKI",346,"SKI-16","16","Skillinge","Skillinge",142785,55457556,-1.85214110457801,-0.522363384199117
"596","SKI",346,"SKI-17","17","Skillinge","Skillinge",142785,55457556,-1.85214110457801,-0.522363384199117
"597","SKI",346,"SKI-18","18","Skillinge","Skillinge",142785,55457556,-1.85214110457801,-0.522363384199117
"598","SKI",346,"SKI-19","19","Skillinge","Skillinge",142785,55457556,-1.85214110457801,-0.522363384199117
"599","SKI",346,"SKI-20","20","Skillinge","Skillinge",142785,55457556,-1.85214110457801,-0.522363384199117
"600","SLI",597,"SLI-02","02","Gotland","Slite",18831167,57713318,0.0154289190167668,-0.6868723956935
"601","SLI",594,"SLI-04","04","Gotland","Slite",18831167,57713318,0.0154289190167668,-0.6868723956935
"602","SLI",597,"SLI-06","06","Gotland","Slite",18831167,57713318,0.0154289190167668,-0.6868723956935
"603","SLI",597,"SLI-08","08","Gotland","Slite",18831167,57713318,0.0154289190167668,-0.6868723956935
"604","SLI",597,"SLI-09","09","Gotland","Slite",18831167,57713318,0.0154289190167668,-0.6868723956935
"605","SLI",597,"SLI-10","10","Gotland","Slite",18831167,57713318,0.0154289190167668,-0.6868723956935
"606","SLI",597,"SLI-11","11","Gotland","Slite",18831167,57713318,0.0154289190167668,-0.6868723956935
"607","SLI",597,"SLI-12","12","Gotland","Slite",18831167,57713318,0.0154289190167668,-0.6868723956935
"608","SLI",597,"SLI-14","14","Gotland","Slite",18831167,57713318,0.0154289190167668,-0.6868723956935
"609","SLI",597,"SLI-16","16","Gotland","Slite",18831167,57713318,0.0154289190167668,-0.6868723956935
"610","SLI",597,"SLI-18","18","Gotland","Slite",18831167,57713318,0.0154289190167668,-0.6868723956935
"611","SLI",597,"SLI-01","01","Gotland","Slite",18831167,57713318,0.0154289190167668,-0.6868723956935
"612","SLI",597,"SLI-03","03","Gotland","Slite",18831167,57713318,0.0154289190167668,-0.6868723956935
"613","SLI",606,"SLI-05","05","Gotland","Slite",18831167,57713318,0.0154289190167668,-0.6868723956935
"614","SLI",597,"SLI-07","07","Gotland","Slite",18831167,57713318,0.0154289190167668,-0.6868723956935
"615","SLI",597,"SLI-15","15","Gotland","Slite",18831167,57713318,0.0154289190167668,-0.6868723956935
"616","SLI",597,"SLI-17","17","Gotland","Slite",18831167,57713318,0.0154289190167668,-0.6868723956935
"617","SLI",597,"SLI-19","19","Gotland","Slite",18831167,57713318,0.0154289190167668,-0.6868723956935
"618","SLI",597,"SLI-20","20","Gotland","Slite",18831167,57713318,0.0154289190167668,-0.6868723956935
"619","STE",116,"STE-01","01","Hake-Älgöfjorden","Stenungsund",1181013,5805143,0.482321424915461,1.78076277672224
"620","STE",117,"STE-03","03","Hake-Älgöfjorden","Stenungsund",1181013,5805143,0.482321424915461,1.78076277672224
"621","STE",118,"STE-04","04","Hake-Älgöfjorden","Stenungsund",1181013,5805143,0.482321424915461,1.78076277672224
"622","STE",119,"STE-05","05","Hake-Älgöfjorden","Stenungsund",1181013,5805143,0.482321424915461,1.78076277672224
"623","STE",135,"STE-06","06","Hake-Älgöfjorden","Stenungsund",1181013,5805143,0.482321424915461,1.78076277672224
"624","STE",121,"STE-07","07","Hake-Älgöfjorden","Stenungsund",1181013,5805143,0.482321424915461,1.78076277672224
"625","STE",122,"STE-09","09","Hake-Älgöfjorden","Stenungsund",1181013,5805143,0.482321424915461,1.78076277672224
"626","STE",123,"STE-11","11","Hake-Älgöfjorden","Stenungsund",1181013,5805143,0.482321424915461,1.78076277672224
"627","STE",124,"STE-12","12","Hake-Älgöfjorden","Stenungsund",1181013,5805143,0.482321424915461,1.78076277672224
"628","STE",123,"STE-13","13","Hake-Älgöfjorden","Stenungsund",1181013,5805143,0.482321424915461,1.78076277672224
"629","STE",126,"STE-14","14","Hake-Älgöfjorden","Stenungsund",1181013,5805143,0.482321424915461,1.78076277672224
"630","STE",127,"STE-17","17","Hake-Älgöfjorden","Stenungsund",1181013,5805143,0.482321424915461,1.78076277672224
"631","STE",137,"STE-18","18","Hake-Älgöfjorden","Stenungsund",1181013,5805143,0.482321424915461,1.78076277672224
"632","STE",131,"STE-19","19","Hake-Älgöfjorden","Stenungsund",1181013,5805143,0.482321424915461,1.78076277672224
"633","STE",132,"STE-20","20","Hake-Älgöfjorden","Stenungsund",1181013,5805143,0.482321424915461,1.78076277672224
"634","STE",133,"STE-02","02","Hake-Älgöfjorden","Stenungsund",1181013,5805143,0.482321424915461,1.78076277672224
"635","STE",136,"STE-08","08","Hake-Älgöfjorden","Stenungsund",1181013,5805143,0.482321424915461,1.78076277672224
"636","STE",135,"STE-10","10","Hake-Älgöfjorden","Stenungsund",1181013,5805143,0.482321424915461,1.78076277672224
"637","STE",136,"STE-15","15","Hake-Älgöfjorden","Stenungsund",1181013,5805143,0.482321424915461,1.78076277672224
"638","STE",137,"STE-16","16","Hake-Älgöfjorden","Stenungsund",1181013,5805143,0.482321424915461,1.78076277672224
"639","TAL",785,"TAL-01","01","Estonia","Tallinn",245688,594576,0.949213930814155,-0.851381407187882
"640","TAL",785,"TAL-02","02","Estonia","Tallinn",245688,594576,0.949213930814155,-0.851381407187882
"641","TAL",785,"TAL-03","03","Estonia","Tallinn",245688,594576,0.949213930814155,-0.851381407187882
"642","TAL",785,"TAL-04","04","Estonia","Tallinn",245688,594576,0.949213930814155,-0.851381407187882
"643","TAL",785,"TAL-05","05","Estonia","Tallinn",245688,594576,0.949213930814155,-0.851381407187882
"644","TAL",785,"TAL-06","06","Estonia","Tallinn",245688,594576,0.949213930814155,-0.851381407187882
"645","TAL",785,"TAL-07","07","Estonia","Tallinn",245688,594576,0.949213930814155,-0.851381407187882
"646","TAL",785,"TAL-08","08","Estonia","Tallinn",245688,594576,0.949213930814155,-0.851381407187882
"647","TAL",785,"TAL-09","09","Estonia","Tallinn",245688,594576,0.949213930814155,-0.851381407187882
"648","TAL",785,"TAL-10","10","Estonia","Tallinn",245688,594576,0.949213930814155,-0.851381407187882
"649","TAL",785,"TAL-11","11","Estonia","Tallinn",245688,594576,0.949213930814155,-0.851381407187882
"650","TAL",801,"TAL-12","12","Estonia","Tallinn",245688,594576,0.949213930814155,-0.851381407187882
"651","TAL",801,"TAL-13","13","Estonia","Tallinn",245688,594576,0.949213930814155,-0.851381407187882
"652","TAL",785,"TAL-14","14","Estonia","Tallinn",245688,594576,0.949213930814155,-0.851381407187882
"653","TAL",801,"TAL-15","15","Estonia","Tallinn",245688,594576,0.949213930814155,-0.851381407187882
"654","TAL",801,"TAL-16","16","Estonia","Tallinn",245688,594576,0.949213930814155,-0.851381407187882
"655","TAL",801,"TAL-17","17","Estonia","Tallinn",245688,594576,0.949213930814155,-0.851381407187882
"656","TAL",801,"TAL-18","18","Estonia","Tallinn",245688,594576,0.949213930814155,-0.851381407187882
"657","TAL",785,"TAL-19","19","Estonia","Tallinn",245688,594576,0.949213930814155,-0.851381407187882
"658","TAL",801,"TAL-20","20","Estonia","Tallinn",245688,594576,0.949213930814155,-0.851381407187882
"659","VHA",92,"VHA-01","01","Ellös-Havstenfjord","Väst Hjältön",1160238,5825641,-0.451463586881927,2.43879882269977
"660","VHA",93,"VHA-02","02","Ellös-Havstenfjord","Väst Hjältön",1160238,5825641,-0.451463586881927,2.43879882269977
"661","VHA",94,"VHA-03","03","Ellös-Havstenfjord","Väst Hjältön",1160238,5825641,-0.451463586881927,2.43879882269977
"662","VHA",96,"VHA-04","04","Ellös-Havstenfjord","Väst Hjältön",1160238,5825641,-0.451463586881927,2.43879882269977
"663","VHA",96,"VHA-05","05","Ellös-Havstenfjord","Väst Hjältön",1160238,5825641,-0.451463586881927,2.43879882269977
"664","VHA",97,"VHA-06","06","Ellös-Havstenfjord","Väst Hjältön",1160238,5825641,-0.451463586881927,2.43879882269977
"665","VHA",98,"VHA-07","07","Ellös-Havstenfjord","Väst Hjältön",1160238,5825641,-0.451463586881927,2.43879882269977
"666","VHA",99,"VHA-08","08","Ellös-Havstenfjord","Väst Hjältön",1160238,5825641,-0.451463586881927,2.43879882269977
"667","VHA",100,"VHA-09","09","Ellös-Havstenfjord","Väst Hjältön",1160238,5825641,-0.451463586881927,2.43879882269977
"668","VHA",101,"VHA-10","10","Ellös-Havstenfjord","Väst Hjältön",1160238,5825641,-0.451463586881927,2.43879882269977
"669","VHA",102,"VHA-11","11","Ellös-Havstenfjord","Väst Hjältön",1160238,5825641,-0.451463586881927,2.43879882269977
"670","VHA",102,"VHA-12","12","Ellös-Havstenfjord","Väst Hjältön",1160238,5825641,-0.451463586881927,2.43879882269977
"671","VHA",104,"VHA-13","13","Ellös-Havstenfjord","Väst Hjältön",1160238,5825641,-0.451463586881927,2.43879882269977
"672","VHA",104,"VHA-14","14","Ellös-Havstenfjord","Väst Hjältön",1160238,5825641,-0.451463586881927,2.43879882269977
"673","VHA",106,"VHA-15","15","Ellös-Havstenfjord","Väst Hjältön",1160238,5825641,-0.451463586881927,2.43879882269977
"674","VHA",107,"VHA-16","16","Ellös-Havstenfjord","Väst Hjältön",1160238,5825641,-0.451463586881927,2.43879882269977
"675","VHA",108,"VHA-17","17","Ellös-Havstenfjord","Väst Hjältön",1160238,5825641,-0.451463586881927,2.43879882269977
"676","VHA",110,"VHA-18","18","Ellös-Havstenfjord","Väst Hjältön",1160238,5825641,-0.451463586881927,2.43879882269977
"677","VHA",112,"VHA-19","19","Ellös-Havstenfjord","Väst Hjältön",1160238,5825641,-0.451463586881927,2.43879882269977
"678","VHA",115,"VHA-20","20","Ellös-Havstenfjord","Väst Hjältön",1160238,5825641,-0.451463586881927,2.43879882269977
"679","YST",312,"YST-01","01","Gamla Staden-Sandskogen","Ystad",1384636159,5542155879,0.0154289190167668,-0.522363384199117
"680","YST",312,"YST-02","02","Gamla Staden-Sandskogen","Ystad",1384636159,5542155879,0.0154289190167668,-0.522363384199117
"681","YST",312,"YST-03","03","Gamla Staden-Sandskogen","Ystad",1384636159,5542155879,0.0154289190167668,-0.522363384199117
"682","YST",312,"YST-04","04","Gamla Staden-Sandskogen","Ystad",1384636159,5542155879,0.0154289190167668,-0.522363384199117
"683","YST",312,"YST-05","05","Gamla Staden-Sandskogen","Ystad",1384636159,5542155879,0.0154289190167668,-0.522363384199117
"684","YST",312,"YST-08","08","Gamla Staden-Sandskogen","Ystad",1384636159,5542155879,0.0154289190167668,-0.522363384199117
"685","YST",315,"YST-11","11","Gamla Staden-Sandskogen","Ystad",1384636159,5542155879,0.0154289190167668,-0.522363384199117
"686","YST",315,"YST-12","12","Gamla Staden-Sandskogen","Ystad",1384636159,5542155879,0.0154289190167668,-0.522363384199117
"687","YST",317,"YST-15","15","Gamla Staden-Sandskogen","Ystad",1384636159,5542155879,0.0154289190167668,-0.522363384199117
"688","YST",317,"YST-19","19","Gamla Staden-Sandskogen","Ystad",1384636159,5542155879,0.0154289190167668,-0.522363384199117
"689","YST",312,"YST-06","06","Gamla Staden-Sandskogen","Ystad",1384636159,5542155879,0.0154289190167668,-0.522363384199117
"690","YST",312,"YST-07","07","Gamla Staden-Sandskogen","Ystad",1384636159,5542155879,0.0154289190167668,-0.522363384199117
"691","YST",321,"YST-09","09","Gamla Staden-Sandskogen","Ystad",1384636159,5542155879,0.0154289190167668,-0.522363384199117
"692","YST",315,"YST-10","10","Gamla Staden-Sandskogen","Ystad",1384636159,5542155879,0.0154289190167668,-0.522363384199117
"693","YST",315,"YST-14","14","Gamla Staden-Sandskogen","Ystad",1384636159,5542155879,0.0154289190167668,-0.522363384199117
"694","YST",317,"YST-16","16","Gamla Staden-Sandskogen","Ystad",1384636159,5542155879,0.0154289190167668,-0.522363384199117
"695","YST",326,"YST-18","18","Gamla Staden-Sandskogen","Ystad",1384636159,5542155879,0.0154289190167668,-0.522363384199117
"696","YST",326,"YST-20","20","Gamla Staden-Sandskogen","Ystad",1384636159,5542155879,0.0154289190167668,-0.522363384199117
