"","Pop","MLL_no","Indv_no","Pop_no","coast","lat","long","temp_mean_adjust","temp_max","temp_mean_adjust.1","sal_min","sal_mean_adjust","temp_scaled","max_temp_scaled","sal_scaled","min_sal_scaled"
"1","BAR",251,"BAR-07","07","East",55.75528,12.90189,16.9228,22.8748690287272,16.9228,6.60179917017619,21.4911,-0.241771561003386,-0.0532271950516348,1.64310701726581,0.510819479719842
"2","BAR",260,"BAR-16","16","East",55.75528,12.90189,16.9228,22.8748690287272,16.9228,6.60179917017619,21.4911,-0.241771561003386,-0.0532271950516348,1.64310701726581,0.510819479719842
"3","BAR",261,"BAR-17","17","East",55.75528,12.90189,16.9228,22.8748690287272,16.9228,6.60179917017619,21.4911,-0.241771561003386,-0.0532271950516348,1.64310701726581,0.510819479719842
"4","BAR",247,"BAR-05","05","East",55.75528,12.90189,16.9228,22.8748690287272,16.9228,6.60179917017619,21.4911,-0.241771561003386,-0.0532271950516348,1.64310701726581,0.510819479719842
"5","BAR",247,"BAR-04","04","East",55.75528,12.90189,16.9228,22.8748690287272,16.9228,6.60179917017619,21.4911,-0.241771561003386,-0.0532271950516348,1.64310701726581,0.510819479719842
"6","BAR",250,"BAR-06","06","East",55.75528,12.90189,16.9228,22.8748690287272,16.9228,6.60179917017619,21.4911,-0.241771561003386,-0.0532271950516348,1.64310701726581,0.510819479719842
"7","BAR",251,"BAR-08","08","East",55.75528,12.90189,16.9228,22.8748690287272,16.9228,6.60179917017619,21.4911,-0.241771561003386,-0.0532271950516348,1.64310701726581,0.510819479719842
"8","BAR",251,"BAR-09","09","East",55.75528,12.90189,16.9228,22.8748690287272,16.9228,6.60179917017619,21.4911,-0.241771561003386,-0.0532271950516348,1.64310701726581,0.510819479719842
"9","BAR",258,"BAR-14","14","East",55.75528,12.90189,16.9228,22.8748690287272,16.9228,6.60179917017619,21.4911,-0.241771561003386,-0.0532271950516348,1.64310701726581,0.510819479719842
"10","BAR",259,"BAR-15","15","East",55.75528,12.90189,16.9228,22.8748690287272,16.9228,6.60179917017619,21.4911,-0.241771561003386,-0.0532271950516348,1.64310701726581,0.510819479719842
"11","BAR",241,"BAR-01","01","East",55.75528,12.90189,16.9228,22.8748690287272,16.9228,6.60179917017619,21.4911,-0.241771561003386,-0.0532271950516348,1.64310701726581,0.510819479719842
"12","BAR",244,"BAR-02","02","East",55.75528,12.90189,16.9228,22.8748690287272,16.9228,6.60179917017619,21.4911,-0.241771561003386,-0.0532271950516348,1.64310701726581,0.510819479719842
"13","BAR",247,"BAR-03","03","East",55.75528,12.90189,16.9228,22.8748690287272,16.9228,6.60179917017619,21.4911,-0.241771561003386,-0.0532271950516348,1.64310701726581,0.510819479719842
"14","BAR",262,"BAR-18","18","East",55.75528,12.90189,16.9228,22.8748690287272,16.9228,6.60179917017619,21.4911,-0.241771561003386,-0.0532271950516348,1.64310701726581,0.510819479719842
"15","BAR",263,"BAR-19","19","East",55.75528,12.90189,16.9228,22.8748690287272,16.9228,6.60179917017619,21.4911,-0.241771561003386,-0.0532271950516348,1.64310701726581,0.510819479719842
"16","BAR",251,"BAR-12","12","East",55.75528,12.90189,16.9228,22.8748690287272,16.9228,6.60179917017619,21.4911,-0.241771561003386,-0.0532271950516348,1.64310701726581,0.510819479719842
"17","BAR",264,"BAR-20","20","East",55.75528,12.90189,16.9228,22.8748690287272,16.9228,6.60179917017619,21.4911,-0.241771561003386,-0.0532271950516348,1.64310701726581,0.510819479719842
"18","BAR",255,"BAR-10","10","East",55.75528,12.90189,16.9228,22.8748690287272,16.9228,6.60179917017619,21.4911,-0.241771561003386,-0.0532271950516348,1.64310701726581,0.510819479719842
"19","BAR",255,"BAR-11","11","East",55.75528,12.90189,16.9228,22.8748690287272,16.9228,6.60179917017619,21.4911,-0.241771561003386,-0.0532271950516348,1.64310701726581,0.510819479719842
"20","BAR",251,"BAR-13","13","East",55.75528,12.90189,16.9228,22.8748690287272,16.9228,6.60179917017619,21.4911,-0.241771561003386,-0.0532271950516348,1.64310701726581,0.510819479719842
"21","BJO",703,"BJO-18","18","East",59.83484289,19.07867998,16.4019,21.3371880849202,16.4019,4.24618355433146,5.4394,-0.686316541349064,-1.76470993890219,-0.717422764163656,-1.90352104722099
"22","BJO",703,"BJO-19","19","East",59.83484289,19.07867998,16.4019,21.3371880849202,16.4019,4.24618355433146,5.4394,-0.686316541349064,-1.76470993890219,-0.717422764163656,-1.90352104722099
"23","BJO",703,"BJO-01","01","East",59.83484289,19.07867998,16.4019,21.3371880849202,16.4019,4.24618355433146,5.4394,-0.686316541349064,-1.76470993890219,-0.717422764163656,-1.90352104722099
"24","BJO",703,"BJO-02","02","East",59.83484289,19.07867998,16.4019,21.3371880849202,16.4019,4.24618355433146,5.4394,-0.686316541349064,-1.76470993890219,-0.717422764163656,-1.90352104722099
"25","BJO",703,"BJO-04","04","East",59.83484289,19.07867998,16.4019,21.3371880849202,16.4019,4.24618355433146,5.4394,-0.686316541349064,-1.76470993890219,-0.717422764163656,-1.90352104722099
"26","BJO",703,"BJO-05","05","East",59.83484289,19.07867998,16.4019,21.3371880849202,16.4019,4.24618355433146,5.4394,-0.686316541349064,-1.76470993890219,-0.717422764163656,-1.90352104722099
"27","BJO",703,"BJO-06","06","East",59.83484289,19.07867998,16.4019,21.3371880849202,16.4019,4.24618355433146,5.4394,-0.686316541349064,-1.76470993890219,-0.717422764163656,-1.90352104722099
"28","BJO",703,"BJO-07","07","East",59.83484289,19.07867998,16.4019,21.3371880849202,16.4019,4.24618355433146,5.4394,-0.686316541349064,-1.76470993890219,-0.717422764163656,-1.90352104722099
"29","BJO",703,"BJO-08","08","East",59.83484289,19.07867998,16.4019,21.3371880849202,16.4019,4.24618355433146,5.4394,-0.686316541349064,-1.76470993890219,-0.717422764163656,-1.90352104722099
"30","BJO",703,"BJO-09","09","East",59.83484289,19.07867998,16.4019,21.3371880849202,16.4019,4.24618355433146,5.4394,-0.686316541349064,-1.76470993890219,-0.717422764163656,-1.90352104722099
"31","BJO",703,"BJO-10","10","East",59.83484289,19.07867998,16.4019,21.3371880849202,16.4019,4.24618355433146,5.4394,-0.686316541349064,-1.76470993890219,-0.717422764163656,-1.90352104722099
"32","BJO",703,"BJO-12","12","East",59.83484289,19.07867998,16.4019,21.3371880849202,16.4019,4.24618355433146,5.4394,-0.686316541349064,-1.76470993890219,-0.717422764163656,-1.90352104722099
"33","BJO",703,"BJO-13","13","East",59.83484289,19.07867998,16.4019,21.3371880849202,16.4019,4.24618355433146,5.4394,-0.686316541349064,-1.76470993890219,-0.717422764163656,-1.90352104722099
"34","BJO",703,"BJO-14","14","East",59.83484289,19.07867998,16.4019,21.3371880849202,16.4019,4.24618355433146,5.4394,-0.686316541349064,-1.76470993890219,-0.717422764163656,-1.90352104722099
"35","BJO",703,"BJO-15","15","East",59.83484289,19.07867998,16.4019,21.3371880849202,16.4019,4.24618355433146,5.4394,-0.686316541349064,-1.76470993890219,-0.717422764163656,-1.90352104722099
"36","BJO",703,"BJO-16","16","East",59.83484289,19.07867998,16.4019,21.3371880849202,16.4019,4.24618355433146,5.4394,-0.686316541349064,-1.76470993890219,-0.717422764163656,-1.90352104722099
"37","BJO",703,"BJO-20","20","East",59.83484289,19.07867998,16.4019,21.3371880849202,16.4019,4.24618355433146,5.4394,-0.686316541349064,-1.76470993890219,-0.717422764163656,-1.90352104722099
"38","BJO",703,"BJO-03","03","East",59.83484289,19.07867998,16.4019,21.3371880849202,16.4019,4.24618355433146,5.4394,-0.686316541349064,-1.76470993890219,-0.717422764163656,-1.90352104722099
"39","BJO",703,"BJO-17","17","East",59.83484289,19.07867998,16.4019,21.3371880849202,16.4019,4.24618355433146,5.4394,-0.686316541349064,-1.76470993890219,-0.717422764163656,-1.90352104722099
"40","HOG",203,"HOG-04","04","West",56.1969,12.55141,17.7467,22.4425182342529,17.7467,7.18325344721476,16.7431,0.461358808178416,-0.534445959589902,0.944875963718393,1.10676926718713
"41","HOG",216,"HOG-03","03","West",56.1969,12.55141,17.7467,22.4425182342529,17.7467,7.18325344721476,16.7431,0.461358808178416,-0.534445959589902,0.944875963718393,1.10676926718713
"42","HOG",210,"HOG-16","16","West",56.1969,12.55141,17.7467,22.4425182342529,17.7467,7.18325344721476,16.7431,0.461358808178416,-0.534445959589902,0.944875963718393,1.10676926718713
"43","HOG",216,"HOG-02","02","West",56.1969,12.55141,17.7467,22.4425182342529,17.7467,7.18325344721476,16.7431,0.461358808178416,-0.534445959589902,0.944875963718393,1.10676926718713
"44","HOG",200,"HOG-01","01","West",56.1969,12.55141,17.7467,22.4425182342529,17.7467,7.18325344721476,16.7431,0.461358808178416,-0.534445959589902,0.944875963718393,1.10676926718713
"45","HOG",213,"HOG-18","18","West",56.1969,12.55141,17.7467,22.4425182342529,17.7467,7.18325344721476,16.7431,0.461358808178416,-0.534445959589902,0.944875963718393,1.10676926718713
"46","HOG",217,"HOG-07","07","West",56.1969,12.55141,17.7467,22.4425182342529,17.7467,7.18325344721476,16.7431,0.461358808178416,-0.534445959589902,0.944875963718393,1.10676926718713
"47","HOG",214,"HOG-10","10","West",56.1969,12.55141,17.7467,22.4425182342529,17.7467,7.18325344721476,16.7431,0.461358808178416,-0.534445959589902,0.944875963718393,1.10676926718713
"48","HOG",212,"HOG-17","17","West",56.1969,12.55141,17.7467,22.4425182342529,17.7467,7.18325344721476,16.7431,0.461358808178416,-0.534445959589902,0.944875963718393,1.10676926718713
"49","HOG",205,"HOG-06","06","West",56.1969,12.55141,17.7467,22.4425182342529,17.7467,7.18325344721476,16.7431,0.461358808178416,-0.534445959589902,0.944875963718393,1.10676926718713
"50","HOG",210,"HOG-15","15","West",56.1969,12.55141,17.7467,22.4425182342529,17.7467,7.18325344721476,16.7431,0.461358808178416,-0.534445959589902,0.944875963718393,1.10676926718713
"51","HOG",216,"HOG-08","08","West",56.1969,12.55141,17.7467,22.4425182342529,17.7467,7.18325344721476,16.7431,0.461358808178416,-0.534445959589902,0.944875963718393,1.10676926718713
"52","HOG",204,"HOG-05","05","West",56.1969,12.55141,17.7467,22.4425182342529,17.7467,7.18325344721476,16.7431,0.461358808178416,-0.534445959589902,0.944875963718393,1.10676926718713
"53","HOG",216,"HOG-11","11","West",56.1969,12.55141,17.7467,22.4425182342529,17.7467,7.18325344721476,16.7431,0.461358808178416,-0.534445959589902,0.944875963718393,1.10676926718713
"54","HOG",216,"HOG-12","12","West",56.1969,12.55141,17.7467,22.4425182342529,17.7467,7.18325344721476,16.7431,0.461358808178416,-0.534445959589902,0.944875963718393,1.10676926718713
"55","HOG",217,"HOG-13","13","West",56.1969,12.55141,17.7467,22.4425182342529,17.7467,7.18325344721476,16.7431,0.461358808178416,-0.534445959589902,0.944875963718393,1.10676926718713
"56","HOG",218,"HOG-19","19","West",56.1969,12.55141,17.7467,22.4425182342529,17.7467,7.18325344721476,16.7431,0.461358808178416,-0.534445959589902,0.944875963718393,1.10676926718713
"57","HOG",208,"HOG-09","09","West",56.1969,12.55141,17.7467,22.4425182342529,17.7467,7.18325344721476,16.7431,0.461358808178416,-0.534445959589902,0.944875963718393,1.10676926718713
"58","HOR",587,"HOR-02","02","West",57.695151,16.730625,15.1634,23.5119126637777,15.1634,5.73694976170858,1.7548,-1.74327365050268,0.655820538719076,-1.25927241452188,-0.375590409278697
"59","HOR",587,"HOR-03","03","West",57.695151,16.730625,15.1634,23.5119126637777,15.1634,5.73694976170858,1.7548,-1.74327365050268,0.655820538719076,-1.25927241452188,-0.375590409278697
"60","HOR",587,"HOR-10","10","West",57.695151,16.730625,15.1634,23.5119126637777,15.1634,5.73694976170858,1.7548,-1.74327365050268,0.655820538719076,-1.25927241452188,-0.375590409278697
"61","HOR",587,"HOR-11","11","West",57.695151,16.730625,15.1634,23.5119126637777,15.1634,5.73694976170858,1.7548,-1.74327365050268,0.655820538719076,-1.25927241452188,-0.375590409278697
"62","HOR",587,"HOR-12","12","West",57.695151,16.730625,15.1634,23.5119126637777,15.1634,5.73694976170858,1.7548,-1.74327365050268,0.655820538719076,-1.25927241452188,-0.375590409278697
"63","HOR",587,"HOR-17","17","West",57.695151,16.730625,15.1634,23.5119126637777,15.1634,5.73694976170858,1.7548,-1.74327365050268,0.655820538719076,-1.25927241452188,-0.375590409278697
"64","HOR",587,"HOR-18","18","West",57.695151,16.730625,15.1634,23.5119126637777,15.1634,5.73694976170858,1.7548,-1.74327365050268,0.655820538719076,-1.25927241452188,-0.375590409278697
"65","HOR",587,"HOR-19","19","West",57.695151,16.730625,15.1634,23.5119126637777,15.1634,5.73694976170858,1.7548,-1.74327365050268,0.655820538719076,-1.25927241452188,-0.375590409278697
"66","HOR",587,"HOR-09","09","West",57.695151,16.730625,15.1634,23.5119126637777,15.1634,5.73694976170858,1.7548,-1.74327365050268,0.655820538719076,-1.25927241452188,-0.375590409278697
"67","HOR",587,"HOR-20","20","West",57.695151,16.730625,15.1634,23.5119126637777,15.1634,5.73694976170858,1.7548,-1.74327365050268,0.655820538719076,-1.25927241452188,-0.375590409278697
"68","HOR",587,"HOR-05","05","West",57.695151,16.730625,15.1634,23.5119126637777,15.1634,5.73694976170858,1.7548,-1.74327365050268,0.655820538719076,-1.25927241452188,-0.375590409278697
"69","HOR",587,"HOR-08","08","West",57.695151,16.730625,15.1634,23.5119126637777,15.1634,5.73694976170858,1.7548,-1.74327365050268,0.655820538719076,-1.25927241452188,-0.375590409278697
"70","HOR",587,"HOR-15","15","West",57.695151,16.730625,15.1634,23.5119126637777,15.1634,5.73694976170858,1.7548,-1.74327365050268,0.655820538719076,-1.25927241452188,-0.375590409278697
"71","HOR",587,"HOR-16","16","West",57.695151,16.730625,15.1634,23.5119126637777,15.1634,5.73694976170858,1.7548,-1.74327365050268,0.655820538719076,-1.25927241452188,-0.375590409278697
"72","HOR",587,"HOR-13","13","West",57.695151,16.730625,15.1634,23.5119126637777,15.1634,5.73694976170858,1.7548,-1.74327365050268,0.655820538719076,-1.25927241452188,-0.375590409278697
"73","HOR",587,"HOR-14","14","West",57.695151,16.730625,15.1634,23.5119126637777,15.1634,5.73694976170858,1.7548,-1.74327365050268,0.655820538719076,-1.25927241452188,-0.375590409278697
"74","KAL",441,"KAL-18","18","East",56.654431,16.351908,19.0051,24.1787846883138,19.0051,5.90900532404582,6.9842,1.53529891811698,1.39806812066835,-0.490247673279062,-0.19924554458929
"75","KAL",426,"KAL-07","07","East",56.654431,16.351908,19.0051,24.1787846883138,19.0051,5.90900532404582,6.9842,1.53529891811698,1.39806812066835,-0.490247673279062,-0.19924554458929
"76","KAL",448,"KAL-20","20","East",56.654431,16.351908,19.0051,24.1787846883138,19.0051,5.90900532404582,6.9842,1.53529891811698,1.39806812066835,-0.490247673279062,-0.19924554458929
"77","KAL",426,"KAL-09","09","East",56.654431,16.351908,19.0051,24.1787846883138,19.0051,5.90900532404582,6.9842,1.53529891811698,1.39806812066835,-0.490247673279062,-0.19924554458929
"78","KAL",427,"KAL-19","19","East",56.654431,16.351908,19.0051,24.1787846883138,19.0051,5.90900532404582,6.9842,1.53529891811698,1.39806812066835,-0.490247673279062,-0.19924554458929
"79","KAL",441,"KAL-11","11","East",56.654431,16.351908,19.0051,24.1787846883138,19.0051,5.90900532404582,6.9842,1.53529891811698,1.39806812066835,-0.490247673279062,-0.19924554458929
"80","KAL",436,"KAL-12","12","East",56.654431,16.351908,19.0051,24.1787846883138,19.0051,5.90900532404582,6.9842,1.53529891811698,1.39806812066835,-0.490247673279062,-0.19924554458929
"81","KAL",441,"KAL-13","13","East",56.654431,16.351908,19.0051,24.1787846883138,19.0051,5.90900532404582,6.9842,1.53529891811698,1.39806812066835,-0.490247673279062,-0.19924554458929
"82","KAL",441,"KAL-10","10","East",56.654431,16.351908,19.0051,24.1787846883138,19.0051,5.90900532404582,6.9842,1.53529891811698,1.39806812066835,-0.490247673279062,-0.19924554458929
"83","KAL",436,"KAL-15","15","East",56.654431,16.351908,19.0051,24.1787846883138,19.0051,5.90900532404582,6.9842,1.53529891811698,1.39806812066835,-0.490247673279062,-0.19924554458929
"84","KAL",436,"KAL-16","16","East",56.654431,16.351908,19.0051,24.1787846883138,19.0051,5.90900532404582,6.9842,1.53529891811698,1.39806812066835,-0.490247673279062,-0.19924554458929
"85","KAL",427,"KAL-17","17","East",56.654431,16.351908,19.0051,24.1787846883138,19.0051,5.90900532404582,6.9842,1.53529891811698,1.39806812066835,-0.490247673279062,-0.19924554458929
"86","KAL",441,"KAL-04","04","East",56.654431,16.351908,19.0051,24.1787846883138,19.0051,5.90900532404582,6.9842,1.53529891811698,1.39806812066835,-0.490247673279062,-0.19924554458929
"87","KAL",427,"KAL-05","05","East",56.654431,16.351908,19.0051,24.1787846883138,19.0051,5.90900532404582,6.9842,1.53529891811698,1.39806812066835,-0.490247673279062,-0.19924554458929
"88","KAL",436,"KAL-06","06","East",56.654431,16.351908,19.0051,24.1787846883138,19.0051,5.90900532404582,6.9842,1.53529891811698,1.39806812066835,-0.490247673279062,-0.19924554458929
"89","KAL",427,"KAL-02","02","East",56.654431,16.351908,19.0051,24.1787846883138,19.0051,5.90900532404582,6.9842,1.53529891811698,1.39806812066835,-0.490247673279062,-0.19924554458929
"90","KAL",427,"KAL-03","03","East",56.654431,16.351908,19.0051,24.1787846883138,19.0051,5.90900532404582,6.9842,1.53529891811698,1.39806812066835,-0.490247673279062,-0.19924554458929
"91","KAL",436,"KAL-08","08","East",56.654431,16.351908,19.0051,24.1787846883138,19.0051,5.90900532404582,6.9842,1.53529891811698,1.39806812066835,-0.490247673279062,-0.19924554458929
"92","KAL",426,"KAL-01","01","East",56.654431,16.351908,19.0051,24.1787846883138,19.0051,5.90900532404582,6.9842,1.53529891811698,1.39806812066835,-0.490247673279062,-0.19924554458929
"93","KAL",426,"KAL-14","14","East",56.654431,16.351908,19.0051,24.1787846883138,19.0051,5.90900532404582,6.9842,1.53529891811698,1.39806812066835,-0.490247673279062,-0.19924554458929
"94","KUR",296,"KUR-10","10","East",55.395972,12.982861,17.602,23.1814250946045,17.602,6.88506889343262,8.1808,0.337869350209479,0.287978448996175,-0.31427815376035,0.801151046683945
"95","KUR",302,"KUR-16","16","East",55.395972,12.982861,17.602,23.1814250946045,17.602,6.88506889343262,8.1808,0.337869350209479,0.287978448996175,-0.31427815376035,0.801151046683945
"96","KUR",302,"KUR-17","17","East",55.395972,12.982861,17.602,23.1814250946045,17.602,6.88506889343262,8.1808,0.337869350209479,0.287978448996175,-0.31427815376035,0.801151046683945
"97","KUR",306,"KUR-18","18","East",55.395972,12.982861,17.602,23.1814250946045,17.602,6.88506889343262,8.1808,0.337869350209479,0.287978448996175,-0.31427815376035,0.801151046683945
"98","KUR",306,"KUR-19","19","East",55.395972,12.982861,17.602,23.1814250946045,17.602,6.88506889343262,8.1808,0.337869350209479,0.287978448996175,-0.31427815376035,0.801151046683945
"99","KUR",306,"KUR-20","20","East",55.395972,12.982861,17.602,23.1814250946045,17.602,6.88506889343262,8.1808,0.337869350209479,0.287978448996175,-0.31427815376035,0.801151046683945
"100","KUR",291,"KUR-07","07","East",55.395972,12.982861,17.602,23.1814250946045,17.602,6.88506889343262,8.1808,0.337869350209479,0.287978448996175,-0.31427815376035,0.801151046683945
"101","KUR",288,"KUR-08","08","East",55.395972,12.982861,17.602,23.1814250946045,17.602,6.88506889343262,8.1808,0.337869350209479,0.287978448996175,-0.31427815376035,0.801151046683945
"102","KUR",302,"KUR-14","14","East",55.395972,12.982861,17.602,23.1814250946045,17.602,6.88506889343262,8.1808,0.337869350209479,0.287978448996175,-0.31427815376035,0.801151046683945
"103","KUR",297,"KUR-11","11","East",55.395972,12.982861,17.602,23.1814250946045,17.602,6.88506889343262,8.1808,0.337869350209479,0.287978448996175,-0.31427815376035,0.801151046683945
"104","KUR",297,"KUR-12","12","East",55.395972,12.982861,17.602,23.1814250946045,17.602,6.88506889343262,8.1808,0.337869350209479,0.287978448996175,-0.31427815376035,0.801151046683945
"105","KUR",299,"KUR-13","13","East",55.395972,12.982861,17.602,23.1814250946045,17.602,6.88506889343262,8.1808,0.337869350209479,0.287978448996175,-0.31427815376035,0.801151046683945
"106","KUR",288,"KUR-04","04","East",55.395972,12.982861,17.602,23.1814250946045,17.602,6.88506889343262,8.1808,0.337869350209479,0.287978448996175,-0.31427815376035,0.801151046683945
"107","KUR",302,"KUR-15","15","East",55.395972,12.982861,17.602,23.1814250946045,17.602,6.88506889343262,8.1808,0.337869350209479,0.287978448996175,-0.31427815376035,0.801151046683945
"108","KUR",288,"KUR-02","02","East",55.395972,12.982861,17.602,23.1814250946045,17.602,6.88506889343262,8.1808,0.337869350209479,0.287978448996175,-0.31427815376035,0.801151046683945
"109","KUR",288,"KUR-03","03","East",55.395972,12.982861,17.602,23.1814250946045,17.602,6.88506889343262,8.1808,0.337869350209479,0.287978448996175,-0.31427815376035,0.801151046683945
"110","KUR",288,"KUR-01","01","East",55.395972,12.982861,17.602,23.1814250946045,17.602,6.88506889343262,8.1808,0.337869350209479,0.287978448996175,-0.31427815376035,0.801151046683945
"111","KUR",288,"KUR-05","05","East",55.395972,12.982861,17.602,23.1814250946045,17.602,6.88506889343262,8.1808,0.337869350209479,0.287978448996175,-0.31427815376035,0.801151046683945
"112","KUR",288,"KUR-06","06","East",55.395972,12.982861,17.602,23.1814250946045,17.602,6.88506889343262,8.1808,0.337869350209479,0.287978448996175,-0.31427815376035,0.801151046683945
"113","KUR",294,"KUR-09","09","East",55.395972,12.982861,17.602,23.1814250946045,17.602,6.88506889343262,8.1808,0.337869350209479,0.287978448996175,-0.31427815376035,0.801151046683945
