bagKey,tank_ID,trt,bagnum_text,PopID,new_label,bagnum_num,genetID,DNA_label,temp_full,sal_full,gen,genet,board
871C9089,A1,TempControl-21psu,001,HOR,001_A1_HOR_gen-01_TempControl-21psu,1,1,HOR_gen-01,TempControl,21psu,gen-01,HOR-01,1
6D4F9AB3,A1,TempControl-21psu,002,KUR,002_A1_KUR_gen-01_TempControl-21psu,2,1,KUR_gen-01,TempControl,21psu,gen-01,KUR-01,1
A622BDC6,A1,TempControl-21psu,003,BAR,003_A1_BAR_gen-01_TempControl-21psu,3,1,BAR_gen-01,TempControl,21psu,gen-01,BAR-01,1
A96C6176,A1,TempControl-21psu,004,HOG,004_A1_HOG_gen-01_TempControl-21psu,4,1,HOG_gen-01,TempControl,21psu,gen-01,HOG-01,1
D58072B0,A1,TempControl-21psu,005,VIK,005_A1_VIK_gen-01_TempControl-21psu,5,1,VIK_gen-01,TempControl,21psu,gen-01,VIK-01,1
3E6FDEC4,A1,TempControl-21psu,006,VAT,006_A1_VAT_gen-01_TempControl-21psu,6,1,VAT_gen-01,TempControl,21psu,gen-01,VAT-01,1
0F56358C,A1,TempControl-21psu,007,KAL,007_A1_KAL_gen-01_TempControl-21psu,7,1,KAL_gen-01,TempControl,21psu,gen-01,KAL-01,1
6A6DBE63,A1,TempControl-21psu,008,BJO,008_A1_BJO_gen-01_TempControl-21psu,8,1,BJO_gen-01,TempControl,21psu,gen-01,BJO-01,1
FC8888C3,A1,TempControl-7psu,009,KAL,009_A1_KAL_gen-02_TempControl-7psu,9,2,KAL_gen-02,TempControl,7psu,gen-02,KAL-02,2
9F479928,A1,TempControl-7psu,010,KUR,010_A1_KUR_gen-02_TempControl-7psu,10,2,KUR_gen-02,TempControl,7psu,gen-02,KUR-02,2
7350357C,A1,TempControl-7psu,011,BJO,011_A1_BJO_gen-02_TempControl-7psu,11,2,BJO_gen-02,TempControl,7psu,gen-02,BJO-02,2
5A20C34C,A1,TempControl-7psu,012,VIK,012_A1_VIK_gen-02_TempControl-7psu,12,2,VIK_gen-02,TempControl,7psu,gen-02,VIK-02,2
C6683E66,A1,TempControl-7psu,013,VAT,013_A1_VAT_gen-02_TempControl-7psu,13,2,VAT_gen-02,TempControl,7psu,gen-02,VAT-02,2
D2F3A374,A1,TempControl-7psu,014,HOR,014_A1_HOR_gen-02_TempControl-7psu,14,2,HOR_gen-02,TempControl,7psu,gen-02,HOR-02,2
DF59D6C9,A1,TempControl-7psu,015,HOG,015_A1_HOG_gen-02_TempControl-7psu,15,2,HOG_gen-02,TempControl,7psu,gen-02,HOG-02,2
7CEB63EA,A1,TempControl-7psu,016,BAR,016_A1_BAR_gen-02_TempControl-7psu,16,2,BAR_gen-02,TempControl,7psu,gen-02,BAR-02,2
821A0DAE,A1,TempControl-21psu,017,VIK,017_A1_VIK_gen-03_TempControl-21psu,17,3,VIK_gen-03,TempControl,21psu,gen-03,VIK-03,3
732AA4DD,A1,TempControl-21psu,018,HOG,018_A1_HOG_gen-03_TempControl-21psu,18,3,HOG_gen-03,TempControl,21psu,gen-03,HOG-03,3
C68CD1B0,A1,TempControl-21psu,019,VAT,019_A1_VAT_gen-03_TempControl-21psu,19,3,VAT_gen-03,TempControl,21psu,gen-03,VAT-03,3
BCAC6342,A1,TempControl-21psu,020,BJO,020_A1_BJO_gen-03_TempControl-21psu,20,3,BJO_gen-03,TempControl,21psu,gen-03,BJO-03,3
7150E0DB,A1,TempControl-21psu,021,BAR,021_A1_BAR_gen-03_TempControl-21psu,21,3,BAR_gen-03,TempControl,21psu,gen-03,BAR-03,3
B76CC141,A1,TempControl-21psu,022,KAL,022_A1_KAL_gen-03_TempControl-21psu,22,3,KAL_gen-03,TempControl,21psu,gen-03,KAL-03,3
7639C1B3,A1,TempControl-21psu,023,HOR,023_A1_HOR_gen-03_TempControl-21psu,23,3,HOR_gen-03,TempControl,21psu,gen-03,HOR-03,3
15BE5A7B,A1,TempControl-21psu,024,KUR,024_A1_KUR_gen-03_TempControl-21psu,24,3,KUR_gen-03,TempControl,21psu,gen-03,KUR-03,3
7F9297DC,A1,TempControl-7psu,025,VAT,025_A1_VAT_gen-04_TempControl-7psu,25,4,VAT_gen-04,TempControl,7psu,gen-04,VAT-04,4
F7FC6BA2,A1,TempControl-7psu,026,HOG,026_A1_HOG_gen-04_TempControl-7psu,26,4,HOG_gen-04,TempControl,7psu,gen-04,HOG-04,4
5C4F1755,A1,TempControl-7psu,027,VIK,027_A1_VIK_gen-04_TempControl-7psu,27,4,VIK_gen-04,TempControl,7psu,gen-04,VIK-04,4
BB0780DF,A1,TempControl-7psu,028,BAR,028_A1_BAR_gen-04_TempControl-7psu,28,4,BAR_gen-04,TempControl,7psu,gen-04,BAR-04,4
5B3B94A7,A1,TempControl-7psu,029,KUR,029_A1_KUR_gen-04_TempControl-7psu,29,4,KUR_gen-04,TempControl,7psu,gen-04,KUR-04,4
89EAD61F,A1,TempControl-7psu,030,KAL,030_A1_KAL_gen-04_TempControl-7psu,30,4,KAL_gen-04,TempControl,7psu,gen-04,KAL-04,4
50B529FA,A1,TempControl-7psu,031,HOR,031_A1_HOR_gen-04_TempControl-7psu,31,4,HOR_gen-04,TempControl,7psu,gen-04,HOR-04,4
8E61A8D8,A1,TempControl-7psu,032,BJO,032_A1_BJO_gen-04_TempControl-7psu,32,4,BJO_gen-04,TempControl,7psu,gen-04,BJO-04,4
5EFDE8D2,A2,TempControl-21psu,033,VIK,033_A2_VIK_gen-05_TempControl-21psu,33,5,VIK_gen-05,TempControl,21psu,gen-05,VIK-05,5
870464D1,A2,TempControl-21psu,034,VAT,034_A2_VAT_gen-05_TempControl-21psu,34,5,VAT_gen-05,TempControl,21psu,gen-05,VAT-05,5
63288483,A2,TempControl-21psu,035,HOR,035_A2_HOR_gen-05_TempControl-21psu,35,5,HOR_gen-05,TempControl,21psu,gen-05,HOR-05,5
07A21C15,A2,TempControl-21psu,036,BJO,036_A2_BJO_gen-05_TempControl-21psu,36,5,BJO_gen-05,TempControl,21psu,gen-05,BJO-05,5
ABD85331,A2,TempControl-21psu,037,KAL,037_A2_KAL_gen-05_TempControl-21psu,37,5,KAL_gen-05,TempControl,21psu,gen-05,KAL-05,5
8E10126B,A2,TempControl-21psu,038,BAR,038_A2_BAR_gen-05_TempControl-21psu,38,5,BAR_gen-05,TempControl,21psu,gen-05,BAR-05,5
26C61770,A2,TempControl-21psu,039,HOG,039_A2_HOG_gen-05_TempControl-21psu,39,5,HOG_gen-05,TempControl,21psu,gen-05,HOG-05,5
2BA43506,A2,TempControl-21psu,040,KUR,040_A2_KUR_gen-05_TempControl-21psu,40,5,KUR_gen-05,TempControl,21psu,gen-05,KUR-05,5
8C1A73C9,A2,TempControl-7psu,041,VAT,041_A2_VAT_gen-06_TempControl-7psu,41,6,VAT_gen-06,TempControl,7psu,gen-06,VAT-06,6
A370BACA,A2,TempControl-7psu,042,HOG,042_A2_HOG_gen-06_TempControl-7psu,42,6,HOG_gen-06,TempControl,7psu,gen-06,HOG-06,6
1C0011C4,A2,TempControl-7psu,043,BJO,043_A2_BJO_gen-06_TempControl-7psu,43,6,BJO_gen-06,TempControl,7psu,gen-06,BJO-06,6
6794474F,A2,TempControl-7psu,044,KUR,044_A2_KUR_gen-06_TempControl-7psu,44,6,KUR_gen-06,TempControl,7psu,gen-06,KUR-06,6
D9E7C45A,A2,TempControl-7psu,045,BAR,045_A2_BAR_gen-06_TempControl-7psu,45,6,BAR_gen-06,TempControl,7psu,gen-06,BAR-06,6
6D809231,A2,TempControl-7psu,046,VIK,046_A2_VIK_gen-06_TempControl-7psu,46,6,VIK_gen-06,TempControl,7psu,gen-06,VIK-06,6
4459091D,A2,TempControl-7psu,047,KAL,047_A2_KAL_gen-06_TempControl-7psu,47,6,KAL_gen-06,TempControl,7psu,gen-06,KAL-06,6
3089D8E3,A2,TempControl-7psu,048,HOR,048_A2_HOR_gen-06_TempControl-7psu,48,6,HOR_gen-06,TempControl,7psu,gen-06,HOR-06,6
16F4F8C0,A2,TempControl-21psu,049,HOG,049_A2_HOG_gen-07_TempControl-21psu,49,7,HOG_gen-07,TempControl,21psu,gen-07,HOG-07,7
DA48EA5D,A2,TempControl-21psu,050,BJO,050_A2_BJO_gen-07_TempControl-21psu,50,7,BJO_gen-07,TempControl,21psu,gen-07,BJO-07,7
5DD875C2,A2,TempControl-21psu,051,HOR,051_A2_HOR_gen-07_TempControl-21psu,51,7,HOR_gen-07,TempControl,21psu,gen-07,HOR-07,7
9791BDF6,A2,TempControl-21psu,052,KAL,052_A2_KAL_gen-07_TempControl-21psu,52,7,KAL_gen-07,TempControl,21psu,gen-07,KAL-07,7
073B206A,A2,TempControl-21psu,053,VAT,053_A2_VAT_gen-07_TempControl-21psu,53,7,VAT_gen-07,TempControl,21psu,gen-07,VAT-07,7
05A62A4B,A2,TempControl-21psu,054,KUR,054_A2_KUR_gen-07_TempControl-21psu,54,7,KUR_gen-07,TempControl,21psu,gen-07,KUR-07,7
7FC73D59,A2,TempControl-21psu,055,VIK,055_A2_VIK_gen-07_TempControl-21psu,55,7,VIK_gen-07,TempControl,21psu,gen-07,VIK-07,7
7A7B2461,A2,TempControl-21psu,056,BAR,056_A2_BAR_gen-07_TempControl-21psu,56,7,BAR_gen-07,TempControl,21psu,gen-07,BAR-07,7
71C82EA8,A2,TempControl-7psu,057,KUR,057_A2_KUR_gen-08_TempControl-7psu,57,8,KUR_gen-08,TempControl,7psu,gen-08,KUR-08,8
CB7DCA43,A2,TempControl-7psu,058,BJO,058_A2_BJO_gen-08_TempControl-7psu,58,8,BJO_gen-08,TempControl,7psu,gen-08,BJO-08,8
34FDE356,A2,TempControl-7psu,059,KAL,059_A2_KAL_gen-08_TempControl-7psu,59,8,KAL_gen-08,TempControl,7psu,gen-08,KAL-08,8
5AB95C80,A2,TempControl-7psu,060,HOR,060_A2_HOR_gen-08_TempControl-7psu,60,8,HOR_gen-08,TempControl,7psu,gen-08,HOR-08,8
FF4D887C,A2,TempControl-7psu,061,VIK,061_A2_VIK_gen-08_TempControl-7psu,61,8,VIK_gen-08,TempControl,7psu,gen-08,VIK-08,8
F9D4293C,A2,TempControl-7psu,062,HOG,062_A2_HOG_gen-08_TempControl-7psu,62,8,HOG_gen-08,TempControl,7psu,gen-08,HOG-08,8
95923563,A2,TempControl-7psu,063,BAR,063_A2_BAR_gen-08_TempControl-7psu,63,8,BAR_gen-08,TempControl,7psu,gen-08,BAR-08,8
40F0739F,A2,TempControl-7psu,064,VAT,064_A2_VAT_gen-08_TempControl-7psu,64,8,VAT_gen-08,TempControl,7psu,gen-08,VAT-08,8
4A50A4B5,A3,TempWarm-16psu,065,VIK,065_A3_VIK_gen-09_TempWarm-16psu,65,9,VIK_gen-09,TempWarm,16psu,gen-09,VIK-09,9
146E545D,A3,TempWarm-16psu,066,KAL,066_A3_KAL_gen-09_TempWarm-16psu,66,9,KAL_gen-09,TempWarm,16psu,gen-09,KAL-09,9
F8EE1E70,A3,TempWarm-16psu,067,HOG,067_A3_HOG_gen-09_TempWarm-16psu,67,9,HOG_gen-09,TempWarm,16psu,gen-09,HOG-09,9
DEE179F7,A3,TempWarm-16psu,068,KUR,068_A3_KUR_gen-09_TempWarm-16psu,68,9,KUR_gen-09,TempWarm,16psu,gen-09,KUR-09,9
5ACBB993,A3,TempWarm-16psu,069,BJO,069_A3_BJO_gen-09_TempWarm-16psu,69,9,BJO_gen-09,TempWarm,16psu,gen-09,BJO-09,9
9DD26146,A3,TempWarm-16psu,070,BAR,070_A3_BAR_gen-09_TempWarm-16psu,70,9,BAR_gen-09,TempWarm,16psu,gen-09,BAR-09,9
593CE2A5,A3,TempWarm-16psu,071,VAT,071_A3_VAT_gen-09_TempWarm-16psu,71,9,VAT_gen-09,TempWarm,16psu,gen-09,VAT-09,9
02A3413D,A3,TempWarm-16psu,072,HOR,072_A3_HOR_gen-09_TempWarm-16psu,72,9,HOR_gen-09,TempWarm,16psu,gen-09,HOR-09,9
992553F7,A3,TempWarm-5psu,073,KAL,073_A3_KAL_gen-10_TempWarm-5psu,73,10,KAL_gen-10,TempWarm,5psu,gen-10,KAL-10,10
73172B23,A3,TempWarm-5psu,074,HOR,074_A3_HOR_gen-10_TempWarm-5psu,74,10,HOR_gen-10,TempWarm,5psu,gen-10,HOR-10,10
B98C052C,A3,TempWarm-5psu,075,VAT,075_A3_VAT_gen-10_TempWarm-5psu,75,10,VAT_gen-10,TempWarm,5psu,gen-10,VAT-10,10
7A882DEA,A3,TempWarm-5psu,076,BAR,076_A3_BAR_gen-10_TempWarm-5psu,76,10,BAR_gen-10,TempWarm,5psu,gen-10,BAR-10,10
76B90E9F,A3,TempWarm-5psu,077,VIK,077_A3_VIK_gen-10_TempWarm-5psu,77,10,VIK_gen-10,TempWarm,5psu,gen-10,VIK-10,10
D0DC85DA,A3,TempWarm-5psu,078,KUR,078_A3_KUR_gen-10_TempWarm-5psu,78,10,KUR_gen-10,TempWarm,5psu,gen-10,KUR-10,10
2314F740,A3,TempWarm-5psu,079,BJO,079_A3_BJO_gen-10_TempWarm-5psu,79,10,BJO_gen-10,TempWarm,5psu,gen-10,BJO-10,10
9F841C1E,A3,TempWarm-5psu,080,HOG,080_A3_HOG_gen-10_TempWarm-5psu,80,10,HOG_gen-10,TempWarm,5psu,gen-10,HOG-10,10
FC77CEBA,A3,TempWarm-16psu,081,KAL,081_A3_KAL_gen-11_TempWarm-16psu,81,11,KAL_gen-11,TempWarm,16psu,gen-11,KAL-11,11
A87C20E7,A3,TempWarm-16psu,082,BJO,082_A3_BJO_gen-11_TempWarm-16psu,82,11,BJO_gen-11,TempWarm,16psu,gen-11,BJO-11,11
B66B32E2,A3,TempWarm-16psu,083,BAR,083_A3_BAR_gen-11_TempWarm-16psu,83,11,BAR_gen-11,TempWarm,16psu,gen-11,BAR-11,11
911BC4B1,A3,TempWarm-16psu,084,HOR,084_A3_HOR_gen-11_TempWarm-16psu,84,11,HOR_gen-11,TempWarm,16psu,gen-11,HOR-11,11
BBD91F67,A3,TempWarm-16psu,085,HOG,085_A3_HOG_gen-11_TempWarm-16psu,85,11,HOG_gen-11,TempWarm,16psu,gen-11,HOG-11,11
F178662B,A3,TempWarm-16psu,086,VIK,086_A3_VIK_gen-11_TempWarm-16psu,86,11,VIK_gen-11,TempWarm,16psu,gen-11,VIK-11,11
AC6FE4FE,A3,TempWarm-16psu,087,VAT,087_A3_VAT_gen-11_TempWarm-16psu,87,11,VAT_gen-11,TempWarm,16psu,gen-11,VAT-11,11
9A8E6AF9,A3,TempWarm-16psu,088,KUR,088_A3_KUR_gen-11_TempWarm-16psu,88,11,KUR_gen-11,TempWarm,16psu,gen-11,KUR-11,11
C32A3CFE,A3,TempWarm-5psu,089,HOG,089_A3_HOG_gen-12_TempWarm-5psu,89,12,HOG_gen-12,TempWarm,5psu,gen-12,HOG-12,12
C5A68D33,A3,TempWarm-5psu,090,BAR,090_A3_BAR_gen-12_TempWarm-5psu,90,12,BAR_gen-12,TempWarm,5psu,gen-12,BAR-12,12
9BDBC70E,A3,TempWarm-5psu,091,BJO,091_A3_BJO_gen-12_TempWarm-5psu,91,12,BJO_gen-12,TempWarm,5psu,gen-12,BJO-12,12
B34EC89F,A3,TempWarm-5psu,092,KUR,092_A3_KUR_gen-12_TempWarm-5psu,92,12,KUR_gen-12,TempWarm,5psu,gen-12,KUR-12,12
8E943B9E,A3,TempWarm-5psu,093,KAL,093_A3_KAL_gen-12_TempWarm-5psu,93,12,KAL_gen-12,TempWarm,5psu,gen-12,KAL-12,12
9965A39C,A3,TempWarm-5psu,094,VIK,094_A3_VIK_gen-12_TempWarm-5psu,94,12,VIK_gen-12,TempWarm,5psu,gen-12,VIK-12,12
58A7BC36,A3,TempWarm-5psu,095,HOR,095_A3_HOR_gen-12_TempWarm-5psu,95,12,HOR_gen-12,TempWarm,5psu,gen-12,HOR-12,12
4A6C3667,A3,TempWarm-5psu,096,VAT,096_A3_VAT_gen-12_TempWarm-5psu,96,12,VAT_gen-12,TempWarm,5psu,gen-12,VAT-12,12
11412828,A4,TempWarm-16psu,097,HOG,097_A4_HOG_gen-13_TempWarm-16psu,97,13,HOG_gen-13,TempWarm,16psu,gen-13,HOG-13,13
5B5747E3,A4,TempWarm-16psu,098,BJO,098_A4_BJO_gen-13_TempWarm-16psu,98,13,BJO_gen-13,TempWarm,16psu,gen-13,BJO-13,13
ADB1A907,A4,TempWarm-16psu,099,VAT,099_A4_VAT_gen-13_TempWarm-16psu,99,13,VAT_gen-13,TempWarm,16psu,gen-13,VAT-13,13
97E60232,A4,TempWarm-16psu,100,BAR,100_A4_BAR_gen-13_TempWarm-16psu,100,13,BAR_gen-13,TempWarm,16psu,gen-13,BAR-13,13
0ED71178,A4,TempWarm-16psu,101,VIK,101_A4_VIK_gen-13_TempWarm-16psu,101,13,VIK_gen-13,TempWarm,16psu,gen-13,VIK-13,13
55B33E6B,A4,TempWarm-16psu,102,HOR,102_A4_HOR_gen-13_TempWarm-16psu,102,13,HOR_gen-13,TempWarm,16psu,gen-13,HOR-13,13
0D822C5B,A4,TempWarm-16psu,103,KAL,103_A4_KAL_gen-13_TempWarm-16psu,103,13,KAL_gen-13,TempWarm,16psu,gen-13,KAL-13,13
C62E3D4F,A4,TempWarm-16psu,104,KUR,104_A4_KUR_gen-13_TempWarm-16psu,104,13,KUR_gen-13,TempWarm,16psu,gen-13,KUR-13,13
16A0D2ED,A4,TempWarm-5psu,105,KAL,105_A4_KAL_gen-14_TempWarm-5psu,105,14,KAL_gen-14,TempWarm,5psu,gen-14,KAL-14,14
FB547F69,A4,TempWarm-5psu,106,VIK,106_A4_VIK_gen-14_TempWarm-5psu,106,14,VIK_gen-14,TempWarm,5psu,gen-14,VIK-14,14
EFD2763B,A4,TempWarm-5psu,107,BJO,107_A4_BJO_gen-14_TempWarm-5psu,107,14,BJO_gen-14,TempWarm,5psu,gen-14,BJO-14,14
C443225D,A4,TempWarm-5psu,108,KUR,108_A4_KUR_gen-14_TempWarm-5psu,108,14,KUR_gen-14,TempWarm,5psu,gen-14,KUR-14,14
9A1D9CE9,A4,TempWarm-5psu,109,VAT,109_A4_VAT_gen-14_TempWarm-5psu,109,14,VAT_gen-14,TempWarm,5psu,gen-14,VAT-14,14
907867F8,A4,TempWarm-5psu,110,BAR,110_A4_BAR_gen-14_TempWarm-5psu,110,14,BAR_gen-14,TempWarm,5psu,gen-14,BAR-14,14
0A4E419E,A4,TempWarm-5psu,111,HOR,111_A4_HOR_gen-14_TempWarm-5psu,111,14,HOR_gen-14,TempWarm,5psu,gen-14,HOR-14,14
80CA0C0B,A4,TempWarm-5psu,112,HOG,112_A4_HOG_gen-14_TempWarm-5psu,112,14,HOG_gen-14,TempWarm,5psu,gen-14,HOG-14,14
5A359A5A,A4,TempWarm-16psu,113,KAL,113_A4_KAL_gen-15_TempWarm-16psu,113,15,KAL_gen-15,TempWarm,16psu,gen-15,KAL-15,15
165AB158,A4,TempWarm-16psu,114,BAR,114_A4_BAR_gen-15_TempWarm-16psu,114,15,BAR_gen-15,TempWarm,16psu,gen-15,BAR-15,15
95F8100F,A4,TempWarm-16psu,115,KUR,115_A4_KUR_gen-15_TempWarm-16psu,115,15,KUR_gen-15,TempWarm,16psu,gen-15,KUR-15,15
7851A560,A4,TempWarm-16psu,116,HOR,116_A4_HOR_gen-15_TempWarm-16psu,116,15,HOR_gen-15,TempWarm,16psu,gen-15,HOR-15,15
E2F8E7D9,A4,TempWarm-16psu,117,HOG,117_A4_HOG_gen-15_TempWarm-16psu,117,15,HOG_gen-15,TempWarm,16psu,gen-15,HOG-15,15
133C5B79,A4,TempWarm-16psu,118,BJO,118_A4_BJO_gen-15_TempWarm-16psu,118,15,BJO_gen-15,TempWarm,16psu,gen-15,BJO-15,15
4E4FAD40,A4,TempWarm-16psu,119,VAT,119_A4_VAT_gen-15_TempWarm-16psu,119,15,VAT_gen-15,TempWarm,16psu,gen-15,VAT-15,15
A3954816,A4,TempWarm-16psu,120,VIK,120_A4_VIK_gen-15_TempWarm-16psu,120,15,VIK_gen-15,TempWarm,16psu,gen-15,VIK-15,15
67F0FFEA,A4,TempWarm-5psu,121,HOR,121_A4_HOR_gen-16_TempWarm-5psu,121,16,HOR_gen-16,TempWarm,5psu,gen-16,HOR-16,16
26D4DE97,A4,TempWarm-5psu,122,BJO,122_A4_BJO_gen-16_TempWarm-5psu,122,16,BJO_gen-16,TempWarm,5psu,gen-16,BJO-16,16
A10A3239,A4,TempWarm-5psu,123,KUR,123_A4_KUR_gen-16_TempWarm-5psu,123,16,KUR_gen-16,TempWarm,5psu,gen-16,KUR-16,16
BF77D16E,A4,TempWarm-5psu,124,HOG,124_A4_HOG_gen-16_TempWarm-5psu,124,16,HOG_gen-16,TempWarm,5psu,gen-16,HOG-16,16
37A4B78A,A4,TempWarm-5psu,125,VAT,125_A4_VAT_gen-16_TempWarm-5psu,125,16,VAT_gen-16,TempWarm,5psu,gen-16,VAT-16,16
1AA555FA,A4,TempWarm-5psu,126,KAL,126_A4_KAL_gen-16_TempWarm-5psu,126,16,KAL_gen-16,TempWarm,5psu,gen-16,KAL-16,16
80D13F8D,A4,TempWarm-5psu,127,BAR,127_A4_BAR_gen-16_TempWarm-5psu,127,16,BAR_gen-16,TempWarm,5psu,gen-16,BAR-16,16
DADBBD1F,A4,TempWarm-5psu,128,VIK,128_A4_VIK_gen-16_TempWarm-5psu,128,16,VIK_gen-16,TempWarm,5psu,gen-16,VIK-16,16
E21EC2FC,B1,TempWarm-16psu,129,BAR,129_B1_BAR_gen-17_TempWarm-16psu,129,17,BAR_gen-17,TempWarm,16psu,gen-17,BAR-17,17
66568068,B1,TempWarm-16psu,130,HOG,130_B1_HOG_gen-17_TempWarm-16psu,130,17,HOG_gen-17,TempWarm,16psu,gen-17,HOG-17,17
F34218FA,B1,TempWarm-16psu,131,HOR,131_B1_HOR_gen-17_TempWarm-16psu,131,17,HOR_gen-17,TempWarm,16psu,gen-17,HOR-17,17
2B0A27C0,B1,TempWarm-16psu,132,VAT,132_B1_VAT_gen-17_TempWarm-16psu,132,17,VAT_gen-17,TempWarm,16psu,gen-17,VAT-17,17
E44B9AA1,B1,TempWarm-16psu,133,BJO,133_B1_BJO_gen-17_TempWarm-16psu,133,17,BJO_gen-17,TempWarm,16psu,gen-17,BJO-17,17
0F8B8D1F,B1,TempWarm-16psu,134,KAL,134_B1_KAL_gen-17_TempWarm-16psu,134,17,KAL_gen-17,TempWarm,16psu,gen-17,KAL-17,17
9B2772BF,B1,TempWarm-16psu,135,VIK,135_B1_VIK_gen-17_TempWarm-16psu,135,17,VIK_gen-17,TempWarm,16psu,gen-17,VIK-17,17
64039CDF,B1,TempWarm-16psu,136,KUR,136_B1_KUR_gen-17_TempWarm-16psu,136,17,KUR_gen-17,TempWarm,16psu,gen-17,KUR-17,17
A0D2E4C8,B1,TempWarm-5psu,137,KAL,137_B1_KAL_gen-18_TempWarm-5psu,137,18,KAL_gen-18,TempWarm,5psu,gen-18,KAL-18,18
6D28C642,B1,TempWarm-5psu,138,BAR,138_B1_BAR_gen-18_TempWarm-5psu,138,18,BAR_gen-18,TempWarm,5psu,gen-18,BAR-18,18
A77B7C88,B1,TempWarm-5psu,139,KUR,139_B1_KUR_gen-18_TempWarm-5psu,139,18,KUR_gen-18,TempWarm,5psu,gen-18,KUR-18,18
FAB22374,B1,TempWarm-5psu,140,HOR,140_B1_HOR_gen-18_TempWarm-5psu,140,18,HOR_gen-18,TempWarm,5psu,gen-18,HOR-18,18
FD28FE5E,B1,TempWarm-5psu,141,BJO,141_B1_BJO_gen-18_TempWarm-5psu,141,18,BJO_gen-18,TempWarm,5psu,gen-18,BJO-18,18
D087DA6E,B1,TempWarm-5psu,142,VAT,142_B1_VAT_gen-18_TempWarm-5psu,142,18,VAT_gen-18,TempWarm,5psu,gen-18,VAT-18,18
8B4C6BED,B1,TempWarm-5psu,143,VIK,143_B1_VIK_gen-18_TempWarm-5psu,143,18,VIK_gen-18,TempWarm,5psu,gen-18,VIK-18,18
938BA6B1,B1,TempWarm-5psu,144,HOG,144_B1_HOG_gen-18_TempWarm-5psu,144,18,HOG_gen-18,TempWarm,5psu,gen-18,HOG-18,18
E49AF12A,B1,TempWarm-16psu,145,BJO,145_B1_BJO_gen-19_TempWarm-16psu,145,19,BJO_gen-19,TempWarm,16psu,gen-19,BJO-19,19
6FACA715,B1,TempWarm-16psu,146,VIK,146_B1_VIK_gen-19_TempWarm-16psu,146,19,VIK_gen-19,TempWarm,16psu,gen-19,VIK-19,19
8FF9EA4A,B1,TempWarm-16psu,147,KUR,147_B1_KUR_gen-19_TempWarm-16psu,147,19,KUR_gen-19,TempWarm,16psu,gen-19,KUR-19,19
388FE2A0,B1,TempWarm-16psu,148,KAL,148_B1_KAL_gen-19_TempWarm-16psu,148,19,KAL_gen-19,TempWarm,16psu,gen-19,KAL-19,19
D054476E,B1,TempWarm-16psu,149,BAR,149_B1_BAR_gen-19_TempWarm-16psu,149,19,BAR_gen-19,TempWarm,16psu,gen-19,BAR-19,19
362BAB14,B1,TempWarm-16psu,150,HOR,150_B1_HOR_gen-19_TempWarm-16psu,150,19,HOR_gen-19,TempWarm,16psu,gen-19,HOR-19,19
BF734F02,B1,TempWarm-16psu,151,HOG,151_B1_HOG_gen-19_TempWarm-16psu,151,19,HOG_gen-19,TempWarm,16psu,gen-19,HOG-19,19
102C036C,B1,TempWarm-16psu,152,VAT,152_B1_VAT_gen-19_TempWarm-16psu,152,19,VAT_gen-19,TempWarm,16psu,gen-19,VAT-19,19
7F442F83,B1,TempWarm-5psu,153,KUR,153_B1_KUR_gen-20_TempWarm-5psu,153,20,KUR_gen-20,TempWarm,5psu,gen-20,KUR-20,20
9AB415E6,B1,TempWarm-5psu,154,BAR,154_B1_BAR_gen-20_TempWarm-5psu,154,20,BAR_gen-20,TempWarm,5psu,gen-20,BAR-20,20
A9D8E27C,B1,TempWarm-5psu,155,BJO,155_B1_BJO_gen-20_TempWarm-5psu,155,20,BJO_gen-20,TempWarm,5psu,gen-20,BJO-20,20
DDB212F0,B1,TempWarm-5psu,156,HOG,156_B1_HOG_gen-20_TempWarm-5psu,156,20,HOG_gen-20,TempWarm,5psu,gen-20,HOG-20,20
23B26CF8,B1,TempWarm-5psu,157,VAT,157_B1_VAT_gen-20_TempWarm-5psu,157,20,VAT_gen-20,TempWarm,5psu,gen-20,VAT-20,20
59F0D311,B1,TempWarm-5psu,158,VIK,158_B1_VIK_gen-20_TempWarm-5psu,158,20,VIK_gen-20,TempWarm,5psu,gen-20,VIK-20,20
8B040979,B1,TempWarm-5psu,159,KAL,159_B1_KAL_gen-20_TempWarm-5psu,159,20,KAL_gen-20,TempWarm,5psu,gen-20,KAL-20,20
F68408C4,B1,TempWarm-5psu,160,HOR,160_B1_HOR_gen-20_TempWarm-5psu,160,20,HOR_gen-20,TempWarm,5psu,gen-20,HOR-20,20
009F4461,B2,TempWarm-16psu,161,BAR,161_B2_BAR_gen-21_TempWarm-16psu,161,21,BAR_gen-21,TempWarm,16psu,gen-21,BAR-21,21
0B2ED587,B2,TempWarm-16psu,162,HOG,162_B2_HOG_gen-21_TempWarm-16psu,162,21,HOG_gen-21,TempWarm,16psu,gen-21,HOG-21,21
CA0A8A71,B2,TempWarm-16psu,163,VAT,163_B2_VAT_gen-21_TempWarm-16psu,163,21,VAT_gen-21,TempWarm,16psu,gen-21,VAT-21,21
459BB5D7,B2,TempWarm-16psu,164,KAL,164_B2_KAL_gen-21_TempWarm-16psu,164,21,KAL_gen-21,TempWarm,16psu,gen-21,KAL-21,21
32972568,B2,TempWarm-16psu,165,VIK,165_B2_VIK_gen-21_TempWarm-16psu,165,21,VIK_gen-21,TempWarm,16psu,gen-21,VIK-21,21
C5FA5469,B2,TempWarm-16psu,166,KUR,166_B2_KUR_gen-21_TempWarm-16psu,166,21,KUR_gen-21,TempWarm,16psu,gen-21,KUR-21,21
8E0468F9,B2,TempWarm-16psu,167,BJO,167_B2_BJO_gen-21_TempWarm-16psu,167,21,BJO_gen-21,TempWarm,16psu,gen-21,BJO-21,21
82BE8194,B2,TempWarm-16psu,168,HOR,168_B2_HOR_gen-21_TempWarm-16psu,168,21,HOR_gen-21,TempWarm,16psu,gen-21,HOR-21,21
330374F3,B2,TempWarm-5psu,169,KAL,169_B2_KAL_gen-22_TempWarm-5psu,169,22,KAL_gen-22,TempWarm,5psu,gen-22,KAL-22,22
6E890AFC,B2,TempWarm-5psu,170,HOR,170_B2_HOR_gen-22_TempWarm-5psu,170,22,HOR_gen-22,TempWarm,5psu,gen-22,HOR-22,22
6AB74912,B2,TempWarm-5psu,171,VIK,171_B2_VIK_gen-22_TempWarm-5psu,171,22,VIK_gen-22,TempWarm,5psu,gen-22,VIK-22,22
193C2DEC,B2,TempWarm-5psu,172,KUR,172_B2_KUR_gen-22_TempWarm-5psu,172,22,KUR_gen-22,TempWarm,5psu,gen-22,KUR-22,22
A360A4BC,B2,TempWarm-5psu,173,BAR,173_B2_BAR_gen-22_TempWarm-5psu,173,22,BAR_gen-22,TempWarm,5psu,gen-22,BAR-22,22
5D817BBE,B2,TempWarm-5psu,174,BJO,174_B2_BJO_gen-22_TempWarm-5psu,174,22,BJO_gen-22,TempWarm,5psu,gen-22,BJO-22,22
1D17202C,B2,TempWarm-5psu,175,VAT,175_B2_VAT_gen-22_TempWarm-5psu,175,22,VAT_gen-22,TempWarm,5psu,gen-22,VAT-22,22
BE6E1917,B2,TempWarm-5psu,176,HOG,176_B2_HOG_gen-22_TempWarm-5psu,176,22,HOG_gen-22,TempWarm,5psu,gen-22,HOG-22,22
5F9A287E,B2,TempWarm-16psu,177,KAL,177_B2_KAL_gen-23_TempWarm-16psu,177,23,KAL_gen-23,TempWarm,16psu,gen-23,KAL-23,23
AAABBD75,B2,TempWarm-16psu,178,HOG,178_B2_HOG_gen-23_TempWarm-16psu,178,23,HOG_gen-23,TempWarm,16psu,gen-23,HOG-23,23
066B3EF1,B2,TempWarm-16psu,179,BJO,179_B2_BJO_gen-23_TempWarm-16psu,179,23,BJO_gen-23,TempWarm,16psu,gen-23,BJO-23,23
C194142C,B2,TempWarm-16psu,180,KUR,180_B2_KUR_gen-23_TempWarm-16psu,180,23,KUR_gen-23,TempWarm,16psu,gen-23,KUR-23,23
B47C8F59,B2,TempWarm-16psu,181,VIK,181_B2_VIK_gen-23_TempWarm-16psu,181,23,VIK_gen-23,TempWarm,16psu,gen-23,VIK-23,23
42D822BF,B2,TempWarm-16psu,182,BAR,182_B2_BAR_gen-23_TempWarm-16psu,182,23,BAR_gen-23,TempWarm,16psu,gen-23,BAR-23,23
69D1B0A5,B2,TempWarm-16psu,183,HOR,183_B2_HOR_gen-23_TempWarm-16psu,183,23,HOR_gen-23,TempWarm,16psu,gen-23,HOR-23,23
FC717784,B2,TempWarm-16psu,184,VAT,184_B2_VAT_gen-23_TempWarm-16psu,184,23,VAT_gen-23,TempWarm,16psu,gen-23,VAT-23,23
9606B041,B2,TempWarm-5psu,185,BJO,185_B2_BJO_gen-24_TempWarm-5psu,185,24,BJO_gen-24,TempWarm,5psu,gen-24,BJO-24,24
8BFA319B,B2,TempWarm-5psu,186,KUR,186_B2_KUR_gen-24_TempWarm-5psu,186,24,KUR_gen-24,TempWarm,5psu,gen-24,KUR-24,24
E730A918,B2,TempWarm-5psu,187,KAL,187_B2_KAL_gen-24_TempWarm-5psu,187,24,KAL_gen-24,TempWarm,5psu,gen-24,KAL-24,24
2D3C7402,B2,TempWarm-5psu,188,HOR,188_B2_HOR_gen-24_TempWarm-5psu,188,24,HOR_gen-24,TempWarm,5psu,gen-24,HOR-24,24
9CEA44F8,B2,TempWarm-5psu,189,VAT,189_B2_VAT_gen-24_TempWarm-5psu,189,24,VAT_gen-24,TempWarm,5psu,gen-24,VAT-24,24
1CF6C8B9,B2,TempWarm-5psu,190,VIK,190_B2_VIK_gen-24_TempWarm-5psu,190,24,VIK_gen-24,TempWarm,5psu,gen-24,VIK-24,24
EAA1AF92,B2,TempWarm-5psu,191,HOG,191_B2_HOG_gen-24_TempWarm-5psu,191,24,HOG_gen-24,TempWarm,5psu,gen-24,HOG-24,24
E8864319,B2,TempWarm-5psu,192,BAR,192_B2_BAR_gen-24_TempWarm-5psu,192,24,BAR_gen-24,TempWarm,5psu,gen-24,BAR-24,24
A05D1D5A,B3,TempWarm-16psu,193,HOR,193_B3_HOR_gen-25_TempWarm-16psu,193,25,HOR_gen-25,TempWarm,16psu,gen-25,HOR-25,25
9C36CBD3,B3,TempWarm-16psu,194,KUR,194_B3_KUR_gen-25_TempWarm-16psu,194,25,KUR_gen-25,TempWarm,16psu,gen-25,KUR-25,25
4AEB8C3C,B3,TempWarm-16psu,195,BJO,195_B3_BJO_gen-25_TempWarm-16psu,195,25,BJO_gen-25,TempWarm,16psu,gen-25,BJO-25,25
1605D38B,B3,TempWarm-16psu,196,KAL,196_B3_KAL_gen-25_TempWarm-16psu,196,25,KAL_gen-25,TempWarm,16psu,gen-25,KAL-25,25
81FC2B84,B3,TempWarm-16psu,197,BAR,197_B3_BAR_gen-25_TempWarm-16psu,197,25,BAR_gen-25,TempWarm,16psu,gen-25,BAR-25,25
751EAAE5,B3,TempWarm-16psu,198,VIK,198_B3_VIK_gen-25_TempWarm-16psu,198,25,VIK_gen-25,TempWarm,16psu,gen-25,VIK-25,25
5B21EB07,B3,TempWarm-16psu,199,HOG,199_B3_HOG_gen-25_TempWarm-16psu,199,25,HOG_gen-25,TempWarm,16psu,gen-25,HOG-25,25
A8C78462,B3,TempWarm-16psu,200,VAT,200_B3_VAT_gen-25_TempWarm-16psu,200,25,VAT_gen-25,TempWarm,16psu,gen-25,VAT-25,25
D54217A1,B3,TempWarm-5psu,201,VAT,201_B3_VAT_gen-26_TempWarm-5psu,201,26,VAT_gen-26,TempWarm,5psu,gen-26,VAT-26,26
7EBEC80E,B3,TempWarm-5psu,202,BJO,202_B3_BJO_gen-26_TempWarm-5psu,202,26,BJO_gen-26,TempWarm,5psu,gen-26,BJO-26,26
4A19D102,B3,TempWarm-5psu,203,KUR,203_B3_KUR_gen-26_TempWarm-5psu,203,26,KUR_gen-26,TempWarm,5psu,gen-26,KUR-26,26
9A9B9D3E,B3,TempWarm-5psu,204,HOG,204_B3_HOG_gen-26_TempWarm-5psu,204,26,HOG_gen-26,TempWarm,5psu,gen-26,HOG-26,26
3434060E,B3,TempWarm-5psu,205,HOR,205_B3_HOR_gen-26_TempWarm-5psu,205,26,HOR_gen-26,TempWarm,5psu,gen-26,HOR-26,26
4A5525A0,B3,TempWarm-5psu,206,KAL,206_B3_KAL_gen-26_TempWarm-5psu,206,26,KAL_gen-26,TempWarm,5psu,gen-26,KAL-26,26
CD9C15C9,B3,TempWarm-5psu,207,VIK,207_B3_VIK_gen-26_TempWarm-5psu,207,26,VIK_gen-26,TempWarm,5psu,gen-26,VIK-26,26
4D2B82F5,B3,TempWarm-5psu,208,BAR,208_B3_BAR_gen-26_TempWarm-5psu,208,26,BAR_gen-26,TempWarm,5psu,gen-26,BAR-26,26
D5F6FDA1,B3,TempWarm-16psu,209,VIK,209_B3_VIK_gen-27_TempWarm-16psu,209,27,VIK_gen-27,TempWarm,16psu,gen-27,VIK-27,27
4EF6DA2E,B3,TempWarm-16psu,210,BAR,210_B3_BAR_gen-27_TempWarm-16psu,210,27,BAR_gen-27,TempWarm,16psu,gen-27,BAR-27,27
2AE84501,B3,TempWarm-16psu,211,HOG,211_B3_HOG_gen-27_TempWarm-16psu,211,27,HOG_gen-27,TempWarm,16psu,gen-27,HOG-27,27
A592250B,B3,TempWarm-16psu,212,KUR,212_B3_KUR_gen-27_TempWarm-16psu,212,27,KUR_gen-27,TempWarm,16psu,gen-27,KUR-27,27
19FBC95D,B3,TempWarm-16psu,213,BJO,213_B3_BJO_gen-27_TempWarm-16psu,213,27,BJO_gen-27,TempWarm,16psu,gen-27,BJO-27,27
8A6EA6F4,B3,TempWarm-16psu,214,KAL,214_B3_KAL_gen-27_TempWarm-16psu,214,27,KAL_gen-27,TempWarm,16psu,gen-27,KAL-27,27
8DFD17F6,B3,TempWarm-16psu,215,HOR,215_B3_HOR_gen-27_TempWarm-16psu,215,27,HOR_gen-27,TempWarm,16psu,gen-27,HOR-27,27
1478213F,B3,TempWarm-16psu,216,VAT,216_B3_VAT_gen-27_TempWarm-16psu,216,27,VAT_gen-27,TempWarm,16psu,gen-27,VAT-27,27
76F6546D,B3,TempWarm-5psu,217,KUR,217_B3_KUR_gen-28_TempWarm-5psu,217,28,KUR_gen-28,TempWarm,5psu,gen-28,KUR-28,28
23BB6CDA,B3,TempWarm-5psu,218,VAT,218_B3_VAT_gen-28_TempWarm-5psu,218,28,VAT_gen-28,TempWarm,5psu,gen-28,VAT-28,28
61228BCA,B3,TempWarm-5psu,219,BAR,219_B3_BAR_gen-28_TempWarm-5psu,219,28,BAR_gen-28,TempWarm,5psu,gen-28,BAR-28,28
7D0D2FF6,B3,TempWarm-5psu,220,HOG,220_B3_HOG_gen-28_TempWarm-5psu,220,28,HOG_gen-28,TempWarm,5psu,gen-28,HOG-28,28
E60EB8F1,B3,TempWarm-5psu,221,KAL,221_B3_KAL_gen-28_TempWarm-5psu,221,28,KAL_gen-28,TempWarm,5psu,gen-28,KAL-28,28
DDF887C6,B3,TempWarm-5psu,222,VIK,222_B3_VIK_gen-28_TempWarm-5psu,222,28,VIK_gen-28,TempWarm,5psu,gen-28,VIK-28,28
439F7E30,B3,TempWarm-5psu,223,HOR,223_B3_HOR_gen-28_TempWarm-5psu,223,28,HOR_gen-28,TempWarm,5psu,gen-28,HOR-28,28
ED9164F5,B3,TempWarm-5psu,224,BJO,224_B3_BJO_gen-28_TempWarm-5psu,224,28,BJO_gen-28,TempWarm,5psu,gen-28,BJO-28,28
4A02D0E7,B4,TempWarm-16psu,225,BJO,225_B4_BJO_gen-29_TempWarm-16psu,225,29,BJO_gen-29,TempWarm,16psu,gen-29,BJO-29,29
213E07AA,B4,TempWarm-16psu,226,HOG,226_B4_HOG_gen-29_TempWarm-16psu,226,29,HOG_gen-29,TempWarm,16psu,gen-29,HOG-29,29
F5C458B6,B4,TempWarm-16psu,227,HOR,227_B4_HOR_gen-29_TempWarm-16psu,227,29,HOR_gen-29,TempWarm,16psu,gen-29,HOR-29,29
B6E47B16,B4,TempWarm-16psu,228,VAT,228_B4_VAT_gen-29_TempWarm-16psu,228,29,VAT_gen-29,TempWarm,16psu,gen-29,VAT-29,29
A72CE119,B4,TempWarm-16psu,229,KUR,229_B4_KUR_gen-29_TempWarm-16psu,229,29,KUR_gen-29,TempWarm,16psu,gen-29,KUR-29,29
F7DD756B,B4,TempWarm-16psu,230,BAR,230_B4_BAR_gen-29_TempWarm-16psu,230,29,BAR_gen-29,TempWarm,16psu,gen-29,BAR-29,29
9CDB42F6,B4,TempWarm-16psu,231,VIK,231_B4_VIK_gen-29_TempWarm-16psu,231,29,VIK_gen-29,TempWarm,16psu,gen-29,VIK-29,29
B901DB9B,B4,TempWarm-16psu,232,KAL,232_B4_KAL_gen-29_TempWarm-16psu,232,29,KAL_gen-29,TempWarm,16psu,gen-29,KAL-29,29
BB87AD6E,B4,TempWarm-5psu,233,BJO,233_B4_BJO_gen-30_TempWarm-5psu,233,30,BJO_gen-30,TempWarm,5psu,gen-30,BJO-30,30
284511D2,B4,TempWarm-5psu,234,HOR,234_B4_HOR_gen-30_TempWarm-5psu,234,30,HOR_gen-30,TempWarm,5psu,gen-30,HOR-30,30
BE788BE4,B4,TempWarm-5psu,235,BAR,235_B4_BAR_gen-30_TempWarm-5psu,235,30,BAR_gen-30,TempWarm,5psu,gen-30,BAR-30,30
24E29CC3,B4,TempWarm-5psu,236,VAT,236_B4_VAT_gen-30_TempWarm-5psu,236,30,VAT_gen-30,TempWarm,5psu,gen-30,VAT-30,30
A93CDD44,B4,TempWarm-5psu,237,VIK,237_B4_VIK_gen-30_TempWarm-5psu,237,30,VIK_gen-30,TempWarm,5psu,gen-30,VIK-30,30
5CFF0850,B4,TempWarm-5psu,238,KAL,238_B4_KAL_gen-30_TempWarm-5psu,238,30,KAL_gen-30,TempWarm,5psu,gen-30,KAL-30,30
6365CBCA,B4,TempWarm-5psu,239,KUR,239_B4_KUR_gen-30_TempWarm-5psu,239,30,KUR_gen-30,TempWarm,5psu,gen-30,KUR-30,30
AD260483,B4,TempWarm-5psu,240,HOG,240_B4_HOG_gen-30_TempWarm-5psu,240,30,HOG_gen-30,TempWarm,5psu,gen-30,HOG-30,30
517E8522,B4,TempWarm-16psu,241,KAL,241_B4_KAL_gen-31_TempWarm-16psu,241,31,KAL_gen-31,TempWarm,16psu,gen-31,KAL-31,31
C462F218,B4,TempWarm-16psu,242,HOR,242_B4_HOR_gen-31_TempWarm-16psu,242,31,HOR_gen-31,TempWarm,16psu,gen-31,HOR-31,31
2C9BBFF3,B4,TempWarm-16psu,243,KUR,243_B4_KUR_gen-31_TempWarm-16psu,243,31,KUR_gen-31,TempWarm,16psu,gen-31,KUR-31,31
E9CC5A43,B4,TempWarm-16psu,244,BAR,244_B4_BAR_gen-31_TempWarm-16psu,244,31,BAR_gen-31,TempWarm,16psu,gen-31,BAR-31,31
22B5DDA3,B4,TempWarm-16psu,245,VIK,245_B4_VIK_gen-31_TempWarm-16psu,245,31,VIK_gen-31,TempWarm,16psu,gen-31,VIK-31,31
C5FAF855,B4,TempWarm-16psu,246,HOG,246_B4_HOG_gen-31_TempWarm-16psu,246,31,HOG_gen-31,TempWarm,16psu,gen-31,HOG-31,31
BA6BB612,B4,TempWarm-16psu,247,VAT,247_B4_VAT_gen-31_TempWarm-16psu,247,31,VAT_gen-31,TempWarm,16psu,gen-31,VAT-31,31
460B2716,B4,TempWarm-16psu,248,BJO,248_B4_BJO_gen-31_TempWarm-16psu,248,31,BJO_gen-31,TempWarm,16psu,gen-31,BJO-31,31
B33461F4,B4,TempWarm-5psu,249,BAR,249_B4_BAR_gen-32_TempWarm-5psu,249,32,BAR_gen-32,TempWarm,5psu,gen-32,BAR-32,32
5E98B24D,B4,TempWarm-5psu,250,HOG,250_B4_HOG_gen-32_TempWarm-5psu,250,32,HOG_gen-32,TempWarm,5psu,gen-32,HOG-32,32
B9FC7FC4,B4,TempWarm-5psu,251,VIK,251_B4_VIK_gen-32_TempWarm-5psu,251,32,VIK_gen-32,TempWarm,5psu,gen-32,VIK-32,32
6633FBD4,B4,TempWarm-5psu,252,VAT,252_B4_VAT_gen-32_TempWarm-5psu,252,32,VAT_gen-32,TempWarm,5psu,gen-32,VAT-32,32
F7DF5B58,B4,TempWarm-5psu,253,BJO,253_B4_BJO_gen-32_TempWarm-5psu,253,32,BJO_gen-32,TempWarm,5psu,gen-32,BJO-32,32
F0C97436,B4,TempWarm-5psu,254,KUR,254_B4_KUR_gen-32_TempWarm-5psu,254,32,KUR_gen-32,TempWarm,5psu,gen-32,KUR-32,32
BD0D83AC,B4,TempWarm-5psu,255,KAL,255_B4_KAL_gen-32_TempWarm-5psu,255,32,KAL_gen-32,TempWarm,5psu,gen-32,KAL-32,32
AF83CB3C,B4,TempWarm-5psu,256,HOR,256_B4_HOR_gen-32_TempWarm-5psu,256,32,HOR_gen-32,TempWarm,5psu,gen-32,HOR-32,32
65DC0537,C1,TempControl-21psu,257,KUR,257_C1_KUR_gen-33_TempControl-21psu,257,33,KUR_gen-33,TempControl,21psu,gen-33,KUR-33,33
09420C72,C1,TempControl-21psu,258,BJO,258_C1_BJO_gen-33_TempControl-21psu,258,33,BJO_gen-33,TempControl,21psu,gen-33,BJO-33,33
18624A8C,C1,TempControl-21psu,259,KAL,259_C1_KAL_gen-33_TempControl-21psu,259,33,KAL_gen-33,TempControl,21psu,gen-33,KAL-33,33
E50988CC,C1,TempControl-21psu,260,HOR,260_C1_HOR_gen-33_TempControl-21psu,260,33,HOR_gen-33,TempControl,21psu,gen-33,HOR-33,33
ED8DEECE,C1,TempControl-21psu,261,VIK,261_C1_VIK_gen-33_TempControl-21psu,261,33,VIK_gen-33,TempControl,21psu,gen-33,VIK-33,33
E5AAD471,C1,TempControl-21psu,262,BAR,262_C1_BAR_gen-33_TempControl-21psu,262,33,BAR_gen-33,TempControl,21psu,gen-33,BAR-33,33
CF62E6B7,C1,TempControl-21psu,263,VAT,263_C1_VAT_gen-33_TempControl-21psu,263,33,VAT_gen-33,TempControl,21psu,gen-33,VAT-33,33
EE4BB517,C1,TempControl-21psu,264,HOG,264_C1_HOG_gen-33_TempControl-21psu,264,33,HOG_gen-33,TempControl,21psu,gen-33,HOG-33,33
BA62A866,C1,TempControl-7psu,265,VIK,265_C1_VIK_gen-34_TempControl-7psu,265,34,VIK_gen-34,TempControl,7psu,gen-34,VIK-34,34
9EB94206,C1,TempControl-7psu,266,VAT,266_C1_VAT_gen-34_TempControl-7psu,266,34,VAT_gen-34,TempControl,7psu,gen-34,VAT-34,34
E99CB1D2,C1,TempControl-7psu,267,BJO,267_C1_BJO_gen-34_TempControl-7psu,267,34,BJO_gen-34,TempControl,7psu,gen-34,BJO-34,34
0B640387,C1,TempControl-7psu,268,BAR,268_C1_BAR_gen-34_TempControl-7psu,268,34,BAR_gen-34,TempControl,7psu,gen-34,BAR-34,34
35323312,C1,TempControl-7psu,269,HOG,269_C1_HOG_gen-34_TempControl-7psu,269,34,HOG_gen-34,TempControl,7psu,gen-34,HOG-34,34
56772A99,C1,TempControl-7psu,270,HOR,270_C1_HOR_gen-34_TempControl-7psu,270,34,HOR_gen-34,TempControl,7psu,gen-34,HOR-34,34
BD5B9698,C1,TempControl-7psu,271,KUR,271_C1_KUR_gen-34_TempControl-7psu,271,34,KUR_gen-34,TempControl,7psu,gen-34,KUR-34,34
7E46526A,C1,TempControl-7psu,272,KAL,272_C1_KAL_gen-34_TempControl-7psu,272,34,KAL_gen-34,TempControl,7psu,gen-34,KAL-34,34
23E08C1D,C1,TempControl-21psu,273,VAT,273_C1_VAT_gen-35_TempControl-21psu,273,35,VAT_gen-35,TempControl,21psu,gen-35,VAT-35,35
44E6D55B,C1,TempControl-21psu,274,HOG,274_C1_HOG_gen-35_TempControl-21psu,274,35,HOG_gen-35,TempControl,21psu,gen-35,HOG-35,35
F9F972FA,C1,TempControl-21psu,275,HOR,275_C1_HOR_gen-35_TempControl-21psu,275,35,HOR_gen-35,TempControl,21psu,gen-35,HOR-35,35
17891F3B,C1,TempControl-21psu,276,BAR,276_C1_BAR_gen-35_TempControl-21psu,276,35,BAR_gen-35,TempControl,21psu,gen-35,BAR-35,35
5543AC1E,C1,TempControl-21psu,277,BJO,277_C1_BJO_gen-35_TempControl-21psu,277,35,BJO_gen-35,TempControl,21psu,gen-35,BJO-35,35
B1902229,C1,TempControl-21psu,278,KUR,278_C1_KUR_gen-35_TempControl-21psu,278,35,KUR_gen-35,TempControl,21psu,gen-35,KUR-35,35
3ADA9363,C1,TempControl-21psu,279,KAL,279_C1_KAL_gen-35_TempControl-21psu,279,35,KAL_gen-35,TempControl,21psu,gen-35,KAL-35,35
410FC168,C1,TempControl-21psu,280,VIK,280_C1_VIK_gen-35_TempControl-21psu,280,35,VIK_gen-35,TempControl,21psu,gen-35,VIK-35,35
C5151972,C1,TempControl-7psu,281,KUR,281_C1_KUR_gen-36_TempControl-7psu,281,36,KUR_gen-36,TempControl,7psu,gen-36,KUR-36,36
1B1F77AF,C1,TempControl-7psu,282,KAL,282_C1_KAL_gen-36_TempControl-7psu,282,36,KAL_gen-36,TempControl,7psu,gen-36,KAL-36,36
E808D4F4,C1,TempControl-7psu,283,VIK,283_C1_VIK_gen-36_TempControl-7psu,283,36,VIK_gen-36,TempControl,7psu,gen-36,VIK-36,36
71C58285,C1,TempControl-7psu,284,HOG,284_C1_HOG_gen-36_TempControl-7psu,284,36,HOG_gen-36,TempControl,7psu,gen-36,HOG-36,36
975AF645,C1,TempControl-7psu,285,BJO,285_C1_BJO_gen-36_TempControl-7psu,285,36,BJO_gen-36,TempControl,7psu,gen-36,BJO-36,36
24713C8F,C1,TempControl-7psu,286,VAT,286_C1_VAT_gen-36_TempControl-7psu,286,36,VAT_gen-36,TempControl,7psu,gen-36,VAT-36,36
6DF5DCE8,C1,TempControl-7psu,287,HOR,287_C1_HOR_gen-36_TempControl-7psu,287,36,HOR_gen-36,TempControl,7psu,gen-36,HOR-36,36
E51E7B7E,C1,TempControl-7psu,288,BAR,288_C1_BAR_gen-36_TempControl-7psu,288,36,BAR_gen-36,TempControl,7psu,gen-36,BAR-36,36
345bftds,C2,TempControl-21psu,289,BJO,289_C2_BJO_gen-37_TempControl-21psu,289,37,BJO_gen-37,TempControl,21psu,gen-37,BJO-37,37
B6A83370,C2,TempControl-21psu,290,HOG,290_C2_HOG_gen-37_TempControl-21psu,290,37,HOG_gen-37,TempControl,21psu,gen-37,HOG-37,37
D59B5AC1,C2,TempControl-21psu,291,BAR,291_C2_BAR_gen-37_TempControl-21psu,291,37,BAR_gen-37,TempControl,21psu,gen-37,BAR-37,37
5BB7D701,C2,TempControl-21psu,292,KUR,292_C2_KUR_gen-37_TempControl-21psu,292,37,KUR_gen-37,TempControl,21psu,gen-37,KUR-37,37
77F99FAB,C2,TempControl-21psu,293,HOR,293_C2_HOR_gen-37_TempControl-21psu,293,37,HOR_gen-37,TempControl,21psu,gen-37,HOR-37,37
F259DA7A,C2,TempControl-21psu,294,VIK,294_C2_VIK_gen-37_TempControl-21psu,294,37,VIK_gen-37,TempControl,21psu,gen-37,VIK-37,37
EF521318,C2,TempControl-21psu,295,VAT,295_C2_VAT_gen-37_TempControl-21psu,295,37,VAT_gen-37,TempControl,21psu,gen-37,VAT-37,37
B3E28AF0,C2,TempControl-21psu,296,KAL,296_C2_KAL_gen-37_TempControl-21psu,296,37,KAL_gen-37,TempControl,21psu,gen-37,KAL-37,37
D72753A8,C2,TempControl-7psu,297,VIK,297_C2_VIK_gen-38_TempControl-7psu,297,38,VIK_gen-38,TempControl,7psu,gen-38,VIK-38,38
2FA90D4B,C2,TempControl-7psu,298,HOG,298_C2_HOG_gen-38_TempControl-7psu,298,38,HOG_gen-38,TempControl,7psu,gen-38,HOG-38,38
21B36B80,C2,TempControl-7psu,299,HOR,299_C2_HOR_gen-38_TempControl-7psu,299,38,HOR_gen-38,TempControl,7psu,gen-38,HOR-38,38
568376BE,C2,TempControl-7psu,300,BJO,300_C2_BJO_gen-38_TempControl-7psu,300,38,BJO_gen-38,TempControl,7psu,gen-38,BJO-38,38
E25E3B97,C2,TempControl-7psu,301,BAR,301_C2_BAR_gen-38_TempControl-7psu,301,38,BAR_gen-38,TempControl,7psu,gen-38,BAR-38,38
08C5D23A,C2,TempControl-7psu,302,VAT,302_C2_VAT_gen-38_TempControl-7psu,302,38,VAT_gen-38,TempControl,7psu,gen-38,VAT-38,38
3F686EB4,C2,TempControl-7psu,303,KUR,303_C2_KUR_gen-38_TempControl-7psu,303,38,KUR_gen-38,TempControl,7psu,gen-38,KUR-38,38
385237C3,C2,TempControl-7psu,304,KAL,304_C2_KAL_gen-38_TempControl-7psu,304,38,KAL_gen-38,TempControl,7psu,gen-38,KAL-38,38
1DCED0C6,C2,TempControl-21psu,305,VIK,305_C2_VIK_gen-39_TempControl-21psu,305,39,VIK_gen-39,TempControl,21psu,gen-39,VIK-39,39
E0CEB5A0,C2,TempControl-21psu,306,BJO,306_C2_BJO_gen-39_TempControl-21psu,306,39,BJO_gen-39,TempControl,21psu,gen-39,BJO-39,39
C3172058,C2,TempControl-21psu,307,HOG,307_C2_HOG_gen-39_TempControl-21psu,307,39,HOG_gen-39,TempControl,21psu,gen-39,HOG-39,39
4928BDFF,C2,TempControl-21psu,308,BAR,308_C2_BAR_gen-39_TempControl-21psu,308,39,BAR_gen-39,TempControl,21psu,gen-39,BAR-39,39
07E66DE2,C2,TempControl-21psu,309,VAT,309_C2_VAT_gen-39_TempControl-21psu,309,39,VAT_gen-39,TempControl,21psu,gen-39,VAT-39,39
6BCE4CD3,C2,TempControl-21psu,310,KAL,310_C2_KAL_gen-39_TempControl-21psu,310,39,KAL_gen-39,TempControl,21psu,gen-39,KAL-39,39
6AF5FA86,C2,TempControl-21psu,311,KUR,311_C2_KUR_gen-39_TempControl-21psu,311,39,KUR_gen-39,TempControl,21psu,gen-39,KUR-39,39
5DE7152B,C2,TempControl-21psu,312,HOR,312_C2_HOR_gen-39_TempControl-21psu,312,39,HOR_gen-39,TempControl,21psu,gen-39,HOR-39,39
40DB3B97,C2,TempControl-7psu,313,VAT,313_C2_VAT_gen-40_TempControl-7psu,313,40,VAT_gen-40,TempControl,7psu,gen-40,VAT-40,40
1F23BCE1,C2,TempControl-7psu,314,KAL,314_C2_KAL_gen-40_TempControl-7psu,314,40,KAL_gen-40,TempControl,7psu,gen-40,KAL-40,40
CEFA616E,C2,TempControl-7psu,315,KUR,315_C2_KUR_gen-40_TempControl-7psu,315,40,KUR_gen-40,TempControl,7psu,gen-40,KUR-40,40
4C86A039,C2,TempControl-7psu,316,BJO,316_C2_BJO_gen-40_TempControl-7psu,316,40,BJO_gen-40,TempControl,7psu,gen-40,BJO-40,40
EC0AD605,C2,TempControl-7psu,317,VIK,317_C2_VIK_gen-40_TempControl-7psu,317,40,VIK_gen-40,TempControl,7psu,gen-40,VIK-40,40
C1CF41CF,C2,TempControl-7psu,318,HOG,318_C2_HOG_gen-40_TempControl-7psu,318,40,HOG_gen-40,TempControl,7psu,gen-40,HOG-40,40
23D218CF,C2,TempControl-7psu,319,HOR,319_C2_HOR_gen-40_TempControl-7psu,319,40,HOR_gen-40,TempControl,7psu,gen-40,HOR-40,40
DA5A8CAD,C2,TempControl-7psu,320,BAR,320_C2_BAR_gen-40_TempControl-7psu,320,40,BAR_gen-40,TempControl,7psu,gen-40,BAR-40,40
F44EBAC1,C3,TempControl-21psu,321,VIK,321_C3_VIK_gen-41_TempControl-21psu,321,41,VIK_gen-41,TempControl,21psu,gen-41,VIK-41,41
391F2678,C3,TempControl-21psu,322,VAT,322_C3_VAT_gen-41_TempControl-21psu,322,41,VAT_gen-41,TempControl,21psu,gen-41,VAT-41,41
02865EFA,C3,TempControl-21psu,323,BJO,323_C3_BJO_gen-41_TempControl-21psu,323,41,BJO_gen-41,TempControl,21psu,gen-41,BJO-41,41
C76DB90F,C3,TempControl-21psu,324,KAL,324_C3_KAL_gen-41_TempControl-21psu,324,41,KAL_gen-41,TempControl,21psu,gen-41,KAL-41,41
E2D20521,C3,TempControl-21psu,325,BAR,325_C3_BAR_gen-41_TempControl-21psu,325,41,BAR_gen-41,TempControl,21psu,gen-41,BAR-41,41
245CEECC,C3,TempControl-21psu,326,HOG,326_C3_HOG_gen-41_TempControl-21psu,326,41,HOG_gen-41,TempControl,21psu,gen-41,HOG-41,41
E7FA955E,C3,TempControl-21psu,327,KUR,327_C3_KUR_gen-41_TempControl-21psu,327,41,KUR_gen-41,TempControl,21psu,gen-41,KUR-41,41
4044E84A,C3,TempControl-21psu,328,HOR,328_C3_HOR_gen-41_TempControl-21psu,328,41,HOR_gen-41,TempControl,21psu,gen-41,HOR-41,41
78740BAF,C3,TempControl-7psu,329,BAR,329_C3_BAR_gen-42_TempControl-7psu,329,42,BAR_gen-42,TempControl,7psu,gen-42,BAR-42,42
D624B9D1,C3,TempControl-7psu,330,HOG,330_C3_HOG_gen-42_TempControl-7psu,330,42,HOG_gen-42,TempControl,7psu,gen-42,HOG-42,42
E6C90B44,C3,TempControl-7psu,331,VIK,331_C3_VIK_gen-42_TempControl-7psu,331,42,VIK_gen-42,TempControl,7psu,gen-42,VIK-42,42
760DF893,C3,TempControl-7psu,332,VAT,332_C3_VAT_gen-42_TempControl-7psu,332,42,VAT_gen-42,TempControl,7psu,gen-42,VAT-42,42
0AE8CED3,C3,TempControl-7psu,333,KUR,333_C3_KUR_gen-42_TempControl-7psu,333,42,KUR_gen-42,TempControl,7psu,gen-42,KUR-42,42
231E391F,C3,TempControl-7psu,334,BJO,334_C3_BJO_gen-42_TempControl-7psu,334,42,BJO_gen-42,TempControl,7psu,gen-42,BJO-42,42
53558C76,C3,TempControl-7psu,335,KAL,335_C3_KAL_gen-42_TempControl-7psu,335,42,KAL_gen-42,TempControl,7psu,gen-42,KAL-42,42
BE1C8E84,C3,TempControl-7psu,336,HOR,336_C3_HOR_gen-42_TempControl-7psu,336,42,HOR_gen-42,TempControl,7psu,gen-42,HOR-42,42
53A0B1FD,C3,TempControl-21psu,337,KAL,337_C3_KAL_gen-43_TempControl-21psu,337,43,KAL_gen-43,TempControl,21psu,gen-43,KAL-43,43
494FA012,C3,TempControl-21psu,338,HOG,338_C3_HOG_gen-43_TempControl-21psu,338,43,HOG_gen-43,TempControl,21psu,gen-43,HOG-43,43
C1C604DE,C3,TempControl-21psu,339,BAR,339_C3_BAR_gen-43_TempControl-21psu,339,43,BAR_gen-43,TempControl,21psu,gen-43,BAR-43,43
64B68505,C3,TempControl-21psu,340,VIK,340_C3_VIK_gen-43_TempControl-21psu,340,43,VIK_gen-43,TempControl,21psu,gen-43,VIK-43,43
CA14A98B,C3,TempControl-21psu,341,HOR,341_C3_HOR_gen-43_TempControl-21psu,341,43,HOR_gen-43,TempControl,21psu,gen-43,HOR-43,43
EF5A1CC4,C3,TempControl-21psu,342,BJO,342_C3_BJO_gen-43_TempControl-21psu,342,43,BJO_gen-43,TempControl,21psu,gen-43,BJO-43,43
7D7766F2,C3,TempControl-21psu,343,VAT,343_C3_VAT_gen-43_TempControl-21psu,343,43,VAT_gen-43,TempControl,21psu,gen-43,VAT-43,43
C524DAE9,C3,TempControl-21psu,344,KUR,344_C3_KUR_gen-43_TempControl-21psu,344,43,KUR_gen-43,TempControl,21psu,gen-43,KUR-43,43
B4D64770,C3,TempControl-7psu,345,KUR,345_C3_KUR_gen-44_TempControl-7psu,345,44,KUR_gen-44,TempControl,7psu,gen-44,KUR-44,44
636F230D,C3,TempControl-7psu,346,BJO,346_C3_BJO_gen-44_TempControl-7psu,346,44,BJO_gen-44,TempControl,7psu,gen-44,BJO-44,44
F0F5F082,C3,TempControl-7psu,347,HOG,347_C3_HOG_gen-44_TempControl-7psu,347,44,HOG_gen-44,TempControl,7psu,gen-44,HOG-44,44
E2931BCD,C3,TempControl-7psu,348,BAR,348_C3_BAR_gen-44_TempControl-7psu,348,44,BAR_gen-44,TempControl,7psu,gen-44,BAR-44,44
DE1C06E2,C3,TempControl-7psu,349,HOR,349_C3_HOR_gen-44_TempControl-7psu,349,44,HOR_gen-44,TempControl,7psu,gen-44,HOR-44,44
73E94BE4,C3,TempControl-7psu,350,KAL,350_C3_KAL_gen-44_TempControl-7psu,350,44,KAL_gen-44,TempControl,7psu,gen-44,KAL-44,44
6B73C520,C3,TempControl-7psu,351,VAT,351_C3_VAT_gen-44_TempControl-7psu,351,44,VAT_gen-44,TempControl,7psu,gen-44,VAT-44,44
98A93669,C3,TempControl-7psu,352,VIK,352_C3_VIK_gen-44_TempControl-7psu,352,44,VIK_gen-44,TempControl,7psu,gen-44,VIK-44,44
A73247B3,C4,TempControl-21psu,353,KAL,353_C4_KAL_gen-45_TempControl-21psu,353,45,KAL_gen-45,TempControl,21psu,gen-45,KAL-45,45
1E84C205,C4,TempControl-21psu,354,BJO,354_C4_BJO_gen-45_TempControl-21psu,354,45,BJO_gen-45,TempControl,21psu,gen-45,BJO-45,45
7864D233,C4,TempControl-21psu,355,HOR,355_C4_HOR_gen-45_TempControl-21psu,355,45,HOR_gen-45,TempControl,21psu,gen-45,HOR-45,45
E9F7E134,C4,TempControl-21psu,356,VIK,356_C4_VIK_gen-45_TempControl-21psu,356,45,VIK_gen-45,TempControl,21psu,gen-45,VIK-45,45
02EEB89D,C4,TempControl-21psu,357,HOG,357_C4_HOG_gen-45_TempControl-21psu,357,45,HOG_gen-45,TempControl,21psu,gen-45,HOG-45,45
EFCF3073,C4,TempControl-21psu,358,BAR,358_C4_BAR_gen-45_TempControl-21psu,358,45,BAR_gen-45,TempControl,21psu,gen-45,BAR-45,45
9A291399,C4,TempControl-21psu,359,VAT,359_C4_VAT_gen-45_TempControl-21psu,359,45,VAT_gen-45,TempControl,21psu,gen-45,VAT-45,45
C266C635,C4,TempControl-21psu,360,KUR,360_C4_KUR_gen-45_TempControl-21psu,360,45,KUR_gen-45,TempControl,21psu,gen-45,KUR-45,45
0B222B81,C4,TempControl-7psu,361,VAT,361_C4_VAT_gen-46_TempControl-7psu,361,46,VAT_gen-46,TempControl,7psu,gen-46,VAT-46,46
9E7F7C5E,C4,TempControl-7psu,362,KAL,362_C4_KAL_gen-46_TempControl-7psu,362,46,KAL_gen-46,TempControl,7psu,gen-46,KAL-46,46
368A080A,C4,TempControl-7psu,363,KUR,363_C4_KUR_gen-46_TempControl-7psu,363,46,KUR_gen-46,TempControl,7psu,gen-46,KUR-46,46
8219C1B2,C4,TempControl-7psu,364,HOG,364_C4_HOG_gen-46_TempControl-7psu,364,46,HOG_gen-46,TempControl,7psu,gen-46,HOG-46,46
F4B5BC48,C4,TempControl-7psu,365,BAR,365_C4_BAR_gen-46_TempControl-7psu,365,46,BAR_gen-46,TempControl,7psu,gen-46,BAR-46,46
3CC9D199,C4,TempControl-7psu,366,BJO,366_C4_BJO_gen-46_TempControl-7psu,366,46,BJO_gen-46,TempControl,7psu,gen-46,BJO-46,46
5A57A59D,C4,TempControl-7psu,367,VIK,367_C4_VIK_gen-46_TempControl-7psu,367,46,VIK_gen-46,TempControl,7psu,gen-46,VIK-46,46
F23CC95A,C4,TempControl-7psu,368,HOR,368_C4_HOR_gen-46_TempControl-7psu,368,46,HOR_gen-46,TempControl,7psu,gen-46,HOR-46,46
0F98B60D,C4,TempControl-21psu,369,VIK,369_C4_VIK_gen-47_TempControl-21psu,369,47,VIK_gen-47,TempControl,21psu,gen-47,VIK-47,47
364737F8,C4,TempControl-21psu,370,HOR,370_C4_HOR_gen-47_TempControl-21psu,370,47,HOR_gen-47,TempControl,21psu,gen-47,HOR-47,47
A6BD82D7,C4,TempControl-21psu,371,BJO,371_C4_BJO_gen-47_TempControl-21psu,371,47,BJO_gen-47,TempControl,21psu,gen-47,BJO-47,47
AA3BA9D5,C4,TempControl-21psu,372,HOG,372_C4_HOG_gen-47_TempControl-21psu,372,47,HOG_gen-47,TempControl,21psu,gen-47,HOG-47,47
CD27BCB1,C4,TempControl-21psu,373,VAT,373_C4_VAT_gen-47_TempControl-21psu,373,47,VAT_gen-47,TempControl,21psu,gen-47,VAT-47,47
F7C4D06A,C4,TempControl-21psu,374,KAL,374_C4_KAL_gen-47_TempControl-21psu,374,47,KAL_gen-47,TempControl,21psu,gen-47,KAL-47,47
C59D83B9,C4,TempControl-21psu,375,KUR,375_C4_KUR_gen-47_TempControl-21psu,375,47,KUR_gen-47,TempControl,21psu,gen-47,KUR-47,47
2924382A,C4,TempControl-21psu,376,BAR,376_C4_BAR_gen-47_TempControl-21psu,376,47,BAR_gen-47,TempControl,21psu,gen-47,BAR-47,47
4EA5A829,C4,TempControl-7psu,377,HOG,377_C4_HOG_gen-48_TempControl-7psu,377,48,HOG_gen-48,TempControl,7psu,gen-48,HOG-48,48
7F8714CE,C4,TempControl-7psu,378,VAT,378_C4_VAT_gen-48_TempControl-7psu,378,48,VAT_gen-48,TempControl,7psu,gen-48,VAT-48,48
6AFDA286,C4,TempControl-7psu,379,BAR,379_C4_BAR_gen-48_TempControl-7psu,379,48,BAR_gen-48,TempControl,7psu,gen-48,BAR-48,48
5FB53E08,C4,TempControl-7psu,380,KAL,380_C4_KAL_gen-48_TempControl-7psu,380,48,KAL_gen-48,TempControl,7psu,gen-48,KAL-48,48
EDCF697E,C4,TempControl-7psu,381,HOR,381_C4_HOR_gen-48_TempControl-7psu,381,48,HOR_gen-48,TempControl,7psu,gen-48,HOR-48,48
0B0AFBF1,C4,TempControl-7psu,382,KUR,382_C4_KUR_gen-48_TempControl-7psu,382,48,KUR_gen-48,TempControl,7psu,gen-48,KUR-48,48
9484854F,C4,TempControl-7psu,383,VIK,383_C4_VIK_gen-48_TempControl-7psu,383,48,VIK_gen-48,TempControl,7psu,gen-48,VIK-48,48
8B9B9456,C4,TempControl-7psu,384,BJO,384_C4_BJO_gen-48_TempControl-7psu,384,48,BJO_gen-48,TempControl,7psu,gen-48,BJO-48,48