"","Pop","MLL_no","Indv_no","Pop_no","region","site_full","long","lat","temp_scaled","max_temp_scaled","sal_scaled","min_sal_scaled"
"1","AHU",351,"AHU-01","01","Kristianstad","Åhus",14402056,55973569,-0.92302661338998,0.337331308442991,-1.18760645423953,-0.512819553840187
"2","AHU",366,"AHU-02","02","Kristianstad","Åhus",14402056,55973569,-0.92302661338998,0.337331308442991,-1.18760645423953,-0.512819553840187
"3","AHU",361,"AHU-09","09","Kristianstad","Åhus",14402056,55973569,-0.92302661338998,0.337331308442991,-1.18760645423953,-0.512819553840187
"4","AHU",367,"AHU-13","13","Kristianstad","Åhus",14402056,55973569,-0.92302661338998,0.337331308442991,-1.18760645423953,-0.512819553840187
"5","ALA",219,"ALA-01","01","Øresund","Ålabadarna",12771034,55940683,-0.246140430237328,-0.600992561019124,0.223526583040174,-0.220125374525741
"6","ALA",222,"ALA-02","02","Øresund","Ålabadarna",12771034,55940683,-0.246140430237328,-0.600992561019124,0.223526583040174,-0.220125374525741
"7","ALA",230,"ALA-03","03","Øresund","Ålabadarna",12771034,55940683,-0.246140430237328,-0.600992561019124,0.223526583040174,-0.220125374525741
"8","ALA",220,"ALA-04","04","Øresund","Ålabadarna",12771034,55940683,-0.246140430237328,-0.600992561019124,0.223526583040174,-0.220125374525741
"9","ALA",229,"ALA-09","09","Øresund","Ålabadarna",12771034,55940683,-0.246140430237328,-0.600992561019124,0.223526583040174,-0.220125374525741
"10","ALA",231,"ALA-11","11","Øresund","Ålabadarna",12771034,55940683,-0.246140430237328,-0.600992561019124,0.223526583040174,-0.220125374525741
"11","ALA",233,"ALA-13","13","Øresund","Ålabadarna",12771034,55940683,-0.246140430237328,-0.600992561019124,0.223526583040174,-0.220125374525741
"12","ALA",234,"ALA-14","14","Øresund","Ålabadarna",12771034,55940683,-0.246140430237328,-0.600992561019124,0.223526583040174,-0.220125374525741
"13","ALA",236,"ALA-15","15","Øresund","Ålabadarna",12771034,55940683,-0.246140430237328,-0.600992561019124,0.223526583040174,-0.220125374525741
"14","ALA",237,"ALA-17","17","Øresund","Ålabadarna",12771034,55940683,-0.246140430237328,-0.600992561019124,0.223526583040174,-0.220125374525741
"15","ALA",238,"ALA-18","18","Øresund","Ålabadarna",12771034,55940683,-0.246140430237328,-0.600992561019124,0.223526583040174,-0.220125374525741
"16","ALA",239,"ALA-19","19","Øresund","Ålabadarna",12771034,55940683,-0.246140430237328,-0.600992561019124,0.223526583040174,-0.220125374525741
"17","ALA",240,"ALA-20","20","Øresund","Ålabadarna",12771034,55940683,-0.246140430237328,-0.600992561019124,0.223526583040174,-0.220125374525741
"18","BAD",519,"BAD-03","03","Öland","Bödagården",17058547,57259256,-0.246140430237328,0.337331308442991,-1.18760645423953,-0.512819553840187
"19","BAD",520,"BAD-06","06","Öland","Bödagården",17058547,57259256,-0.246140430237328,0.337331308442991,-1.18760645423953,-0.512819553840187
"20","BAD",526,"BAD-16","16","Öland","Bödagården",17058547,57259256,-0.246140430237328,0.337331308442991,-1.18760645423953,-0.512819553840187
"21","BAD",533,"BAD-17","17","Öland","Bödagården",17058547,57259256,-0.246140430237328,0.337331308442991,-1.18760645423953,-0.512819553840187
"22","BAR",241,"BAR-01","01","Barsebäck","Barsebäck hamn",1290189,5575528,-0.246140430237328,-0.600992561019124,0.223526583040174,-0.220125374525741
"23","BAR",244,"BAR-02","02","Barsebäck","Barsebäck hamn",1290189,5575528,-0.246140430237328,-0.600992561019124,0.223526583040174,-0.220125374525741
"24","BAR",247,"BAR-03","03","Barsebäck","Barsebäck hamn",1290189,5575528,-0.246140430237328,-0.600992561019124,0.223526583040174,-0.220125374525741
"25","BAR",250,"BAR-06","06","Barsebäck","Barsebäck hamn",1290189,5575528,-0.246140430237328,-0.600992561019124,0.223526583040174,-0.220125374525741
"26","BAR",251,"BAR-07","07","Barsebäck","Barsebäck hamn",1290189,5575528,-0.246140430237328,-0.600992561019124,0.223526583040174,-0.220125374525741
"27","BAR",255,"BAR-10","10","Barsebäck","Barsebäck hamn",1290189,5575528,-0.246140430237328,-0.600992561019124,0.223526583040174,-0.220125374525741
"28","BAR",258,"BAR-14","14","Barsebäck","Barsebäck hamn",1290189,5575528,-0.246140430237328,-0.600992561019124,0.223526583040174,-0.220125374525741
"29","BAR",259,"BAR-15","15","Barsebäck","Barsebäck hamn",1290189,5575528,-0.246140430237328,-0.600992561019124,0.223526583040174,-0.220125374525741
"30","BAR",260,"BAR-16","16","Barsebäck","Barsebäck hamn",1290189,5575528,-0.246140430237328,-0.600992561019124,0.223526583040174,-0.220125374525741
"31","BAR",261,"BAR-17","17","Barsebäck","Barsebäck hamn",1290189,5575528,-0.246140430237328,-0.600992561019124,0.223526583040174,-0.220125374525741
"32","BAR",262,"BAR-18","18","Barsebäck","Barsebäck hamn",1290189,5575528,-0.246140430237328,-0.600992561019124,0.223526583040174,-0.220125374525741
"33","BAR",263,"BAR-19","19","Barsebäck","Barsebäck hamn",1290189,5575528,-0.246140430237328,-0.600992561019124,0.223526583040174,-0.220125374525741
"34","BAR",264,"BAR-20","20","Barsebäck","Barsebäck hamn",1290189,5575528,-0.246140430237328,-0.600992561019124,0.223526583040174,-0.220125374525741
"35","BJN",394,"BJN-02","02","Karlskrona","Björkenäs",15925111,56159447,-1.59991279654263,0.337331308442991,-1.18760645423953,-0.512819553840187
"36","BJO",703,"BJO-01","01","Östersjö","Björkö",1907867998,5983484289,-0.92302661338998,-1.53931643048124,-1.50119157363503,-1.09820791246908
"37","BLA",404,"BLA-01","01","Öland","Bläsinge",16704923,56621246,-3.63057134600059,0.337331308442991,-1.18760645423953,-0.512819553840187
"38","BUR",489,"BUR-01","01","Gotland","Burgsvik",18223786,57032289,0.430745752915324,2.21397904736722,-1.18760645423953,-0.512819553840187
"39","BUR",491,"BUR-03","03","Gotland","Burgsvik",18223786,57032289,0.430745752915324,2.21397904736722,-1.18760645423953,-0.512819553840187
"40","BUR",493,"BUR-05","05","Gotland","Burgsvik",18223786,57032289,0.430745752915324,2.21397904736722,-1.18760645423953,-0.512819553840187
"41","BUR",494,"BUR-06","06","Gotland","Burgsvik",18223786,57032289,0.430745752915324,2.21397904736722,-1.18760645423953,-0.512819553840187
"42","BUR",496,"BUR-07","07","Gotland","Burgsvik",18223786,57032289,0.430745752915324,2.21397904736722,-1.18760645423953,-0.512819553840187
"43","BUR",498,"BUR-09","09","Gotland","Burgsvik",18223786,57032289,0.430745752915324,2.21397904736722,-1.18760645423953,-0.512819553840187
"44","BUR",499,"BUR-10","10","Gotland","Burgsvik",18223786,57032289,0.430745752915324,2.21397904736722,-1.18760645423953,-0.512819553840187
"45","BUR",501,"BUR-11","11","Gotland","Burgsvik",18223786,57032289,0.430745752915324,2.21397904736722,-1.18760645423953,-0.512819553840187
"46","BUR",504,"BUR-13","13","Gotland","Burgsvik",18223786,57032289,0.430745752915324,2.21397904736722,-1.18760645423953,-0.512819553840187
"47","BUR",507,"BUR-14","14","Gotland","Burgsvik",18223786,57032289,0.430745752915324,2.21397904736722,-1.18760645423953,-0.512819553840187
"48","BUR",508,"BUR-16","16","Gotland","Burgsvik",18223786,57032289,0.430745752915324,2.21397904736722,-1.18760645423953,-0.512819553840187
"49","BUR",509,"BUR-17","17","Gotland","Burgsvik",18223786,57032289,0.430745752915324,2.21397904736722,-1.18760645423953,-0.512819553840187
"50","BUR",511,"BUR-18","18","Gotland","Burgsvik",18223786,57032289,0.430745752915324,2.21397904736722,-1.18760645423953,-0.512819553840187
"51","EKO",615,"EKO-01","01","Valdemarsvik","Ekön",16854798,58175265,-3.63057134600059,0.337331308442991,-1.18760645423953,-0.512819553840187
"52","EKO",624,"EKO-09","09","Valdemarsvik","Ekön",16854798,58175265,-3.63057134600059,0.337331308442991,-1.18760645423953,-0.512819553840187
"53","FUR",383,"FUR-02","02","Pukaviksbukten","Furumon",1472029998,560954,-1.59991279654263,-0.600992561019124,-1.18760645423953,-0.512819553840187
"54","FUR",379,"FUR-18","18","Pukaviksbukten","Furumon",1472029998,560954,-1.59991279654263,-0.600992561019124,-1.18760645423953,-0.512819553840187
"55","GAL",669,"GAL-01","01","Haninge","Gålö",1832692339,5909087305,1.10763193606798,0.337331308442991,-1.34439901393728,-0.805513733154633
"56","GAL",687,"GAL-16","16","Haninge","Gålö",1832692339,5909087305,1.10763193606798,0.337331308442991,-1.34439901393728,-0.805513733154633
"57","GAS",44,"GAS-01","01","Kosterhavet","Gåsholmen ",11134688,58878628,-0.246140430237328,-0.600992561019124,1.16428194122665,0.365262984103152
"58","GAS",46,"GAS-02","02","Kosterhavet","Gåsholmen ",11134688,58878628,-0.246140430237328,-0.600992561019124,1.16428194122665,0.365262984103152
"59","GAS",47,"GAS-04","04","Kosterhavet","Gåsholmen ",11134688,58878628,-0.246140430237328,-0.600992561019124,1.16428194122665,0.365262984103152
"60","GAS",48,"GAS-05","05","Kosterhavet","Gåsholmen ",11134688,58878628,-0.246140430237328,-0.600992561019124,1.16428194122665,0.365262984103152
"61","GAS",49,"GAS-06","06","Kosterhavet","Gåsholmen ",11134688,58878628,-0.246140430237328,-0.600992561019124,1.16428194122665,0.365262984103152
"62","GAS",50,"GAS-07","07","Kosterhavet","Gåsholmen ",11134688,58878628,-0.246140430237328,-0.600992561019124,1.16428194122665,0.365262984103152
"63","GAS",51,"GAS-08","08","Kosterhavet","Gåsholmen ",11134688,58878628,-0.246140430237328,-0.600992561019124,1.16428194122665,0.365262984103152
"64","GAS",52,"GAS-09","09","Kosterhavet","Gåsholmen ",11134688,58878628,-0.246140430237328,-0.600992561019124,1.16428194122665,0.365262984103152
"65","GAS",53,"GAS-10","10","Kosterhavet","Gåsholmen ",11134688,58878628,-0.246140430237328,-0.600992561019124,1.16428194122665,0.365262984103152
"66","GAS",56,"GAS-11","11","Kosterhavet","Gåsholmen ",11134688,58878628,-0.246140430237328,-0.600992561019124,1.16428194122665,0.365262984103152
"67","GAS",66,"GAS-20","20","Kosterhavet","Gåsholmen ",11134688,58878628,-0.246140430237328,-0.600992561019124,1.16428194122665,0.365262984103152
"68","GOT",176,"GOT-01","01","Kungsbacka","Gottskär",1202123,5739626,-0.246140430237328,0.337331308442991,0.69390426213341,0.657957163417598
"69","GOT",177,"GOT-05","05","Kungsbacka","Gottskär",1202123,5739626,-0.246140430237328,0.337331308442991,0.69390426213341,0.657957163417598
"70","GOT",178,"GOT-06","06","Kungsbacka","Gottskär",1202123,5739626,-0.246140430237328,0.337331308442991,0.69390426213341,0.657957163417598
"71","GOT",179,"GOT-09","09","Kungsbacka","Gottskär",1202123,5739626,-0.246140430237328,0.337331308442991,0.69390426213341,0.657957163417598
"72","GRO",193,"GRO-01","01","Lahalmsbukten","Grötvik",1278014,5664116,1.10763193606798,-0.600992561019124,-0.246851096053062,0.365262984103152
"73","GRO",197,"GRO-10","10","Lahalmsbukten","Grötvik",1278014,5664116,1.10763193606798,-0.600992561019124,-0.246851096053062,0.365262984103152
"74","HAN",744,"HAN-01","01","Finland","Hanko",22990247,59824232,-1.59991279654263,0.337331308442991,-1.34439901393728,-1.09820791246908
"75","HAN",749,"HAN-11","11","Finland","Hanko",22990247,59824232,-1.59991279654263,0.337331308442991,-1.34439901393728,-1.09820791246908
"76","HAN",754,"HAN-16","16","Finland","Hanko",22990247,59824232,-1.59991279654263,0.337331308442991,-1.34439901393728,-1.09820791246908
"77","HOG",200,"HOG-01","01","Södra Höganäs","Höganäs",1255141,561969,0.430745752915324,-1.53931643048124,0.38031914273792,-0.220125374525741
"78","HOG",216,"HOG-02","02","Södra Höganäs","Höganäs",1255141,561969,0.430745752915324,-1.53931643048124,0.38031914273792,-0.220125374525741
"79","HOG",203,"HOG-04","04","Södra Höganäs","Höganäs",1255141,561969,0.430745752915324,-1.53931643048124,0.38031914273792,-0.220125374525741
"80","HOG",204,"HOG-05","05","Södra Höganäs","Höganäs",1255141,561969,0.430745752915324,-1.53931643048124,0.38031914273792,-0.220125374525741
"81","HOG",205,"HOG-06","06","Södra Höganäs","Höganäs",1255141,561969,0.430745752915324,-1.53931643048124,0.38031914273792,-0.220125374525741
"82","HOG",217,"HOG-07","07","Södra Höganäs","Höganäs",1255141,561969,0.430745752915324,-1.53931643048124,0.38031914273792,-0.220125374525741
"83","HOG",208,"HOG-09","09","Södra Höganäs","Höganäs",1255141,561969,0.430745752915324,-1.53931643048124,0.38031914273792,-0.220125374525741
"84","HOG",210,"HOG-15","15","Södra Höganäs","Höganäs",1255141,561969,0.430745752915324,-1.53931643048124,0.38031914273792,-0.220125374525741
"85","HOG",212,"HOG-17","17","Södra Höganäs","Höganäs",1255141,561969,0.430745752915324,-1.53931643048124,0.38031914273792,-0.220125374525741
"86","HOG",213,"HOG-18","18","Södra Höganäs","Höganäs",1255141,561969,0.430745752915324,-1.53931643048124,0.38031914273792,-0.220125374525741
"87","HOG",214,"HOG-10","10","Södra Höganäs","Höganäs",1255141,561969,0.430745752915324,-1.53931643048124,0.38031914273792,-0.220125374525741
"88","HOG",218,"HOG-19","19","Södra Höganäs","Höganäs",1255141,561969,0.430745752915324,-1.53931643048124,0.38031914273792,-0.220125374525741
"89","HOR",587,"HOR-10","10","Hornsudde","Hornsudde",16730625,57695151,-1.59991279654263,0.337331308442991,-1.18760645423953,-0.512819553840187
"90","ING",771,"ING-01","01","Finland","Ingå",24039419,599906558,-0.92302661338998,0.337331308442991,-1.34439901393728,-1.09820791246908
"91","KAL",426,"KAL-01","01","Kalmar","Kalmarsund",16351908,56654431,1.10763193606798,1.2756551779051,-1.18760645423953,-0.512819553840187
"92","KAL",427,"KAL-02","02","Kalmar","Kalmarsund",16351908,56654431,1.10763193606798,1.2756551779051,-1.18760645423953,-0.512819553840187
"93","KAL",441,"KAL-04","04","Kalmar","Kalmarsund",16351908,56654431,1.10763193606798,1.2756551779051,-1.18760645423953,-0.512819553840187
"94","KAL",436,"KAL-06","06","Kalmar","Kalmarsund",16351908,56654431,1.10763193606798,1.2756551779051,-1.18760645423953,-0.512819553840187
"95","KAL",448,"KAL-20","20","Kalmar","Kalmarsund",16351908,56654431,1.10763193606798,1.2756551779051,-1.18760645423953,-0.512819553840187
"96","KAR",451,"KAR-02","02","Öland","Kårehamn",16912377,56969566,-0.92302661338998,1.2756551779051,-1.18760645423953,-0.512819553840187
"97","KAR",460,"KAR-03","03","Öland","Kårehamn",16912377,56969566,-0.92302661338998,1.2756551779051,-1.18760645423953,-0.512819553840187
"98","KAV",69,"KAV-01","01","Grebbestad-Fjällbacka","Kämpersvik",1127672,5864622,0.430745752915324,-0.600992561019124,1.0074893815289,2.12142805998983
"99","KAV",71,"KAV-02","02","Grebbestad-Fjällbacka","Kämpersvik",1127672,5864622,0.430745752915324,-0.600992561019124,1.0074893815289,2.12142805998983
"100","KAV",72,"KAV-03","03","Grebbestad-Fjällbacka","Kämpersvik",1127672,5864622,0.430745752915324,-0.600992561019124,1.0074893815289,2.12142805998983
"101","KAV",75,"KAV-04","04","Grebbestad-Fjällbacka","Kämpersvik",1127672,5864622,0.430745752915324,-0.600992561019124,1.0074893815289,2.12142805998983
"102","KAV",76,"KAV-05","05","Grebbestad-Fjällbacka","Kämpersvik",1127672,5864622,0.430745752915324,-0.600992561019124,1.0074893815289,2.12142805998983
"103","KAV",77,"KAV-06","06","Grebbestad-Fjällbacka","Kämpersvik",1127672,5864622,0.430745752915324,-0.600992561019124,1.0074893815289,2.12142805998983
"104","KAV",78,"KAV-07","07","Grebbestad-Fjällbacka","Kämpersvik",1127672,5864622,0.430745752915324,-0.600992561019124,1.0074893815289,2.12142805998983
"105","KAV",79,"KAV-08","08","Grebbestad-Fjällbacka","Kämpersvik",1127672,5864622,0.430745752915324,-0.600992561019124,1.0074893815289,2.12142805998983
"106","KAV",84,"KAV-11","11","Grebbestad-Fjällbacka","Kämpersvik",1127672,5864622,0.430745752915324,-0.600992561019124,1.0074893815289,2.12142805998983
"107","KAV",85,"KAV-14","14","Grebbestad-Fjällbacka","Kämpersvik",1127672,5864622,0.430745752915324,-0.600992561019124,1.0074893815289,2.12142805998983
"108","KAV",86,"KAV-15","15","Grebbestad-Fjällbacka","Kämpersvik",1127672,5864622,0.430745752915324,-0.600992561019124,1.0074893815289,2.12142805998983
"109","KAV",87,"KAV-16","16","Grebbestad-Fjällbacka","Kämpersvik",1127672,5864622,0.430745752915324,-0.600992561019124,1.0074893815289,2.12142805998983
"110","KAV",90,"KAV-17","17","Grebbestad-Fjällbacka","Kämpersvik",1127672,5864622,0.430745752915324,-0.600992561019124,1.0074893815289,2.12142805998983
"111","KIE",2,"KIE-01","01","Germany","Kiel",10154972,54345615,1.10763193606798,1.2756551779051,-0.403643655750807,0.657957163417598
"112","KIE",4,"KIE-03","03","Germany","Kiel",10154972,54345615,1.10763193606798,1.2756551779051,-0.403643655750807,0.657957163417598
"113","KIE",5,"KIE-04","04","Germany","Kiel",10154972,54345615,1.10763193606798,1.2756551779051,-0.403643655750807,0.657957163417598
"114","KIE",7,"KIE-05","05","Germany","Kiel",10154972,54345615,1.10763193606798,1.2756551779051,-0.403643655750807,0.657957163417598
"115","KIE",11,"KIE-09","09","Germany","Kiel",10154972,54345615,1.10763193606798,1.2756551779051,-0.403643655750807,0.657957163417598
"116","KIE",12,"KIE-10","10","Germany","Kiel",10154972,54345615,1.10763193606798,1.2756551779051,-0.403643655750807,0.657957163417598
"117","KIE",14,"KIE-11","11","Germany","Kiel",10154972,54345615,1.10763193606798,1.2756551779051,-0.403643655750807,0.657957163417598
"118","KIE",15,"KIE-12","12","Germany","Kiel",10154972,54345615,1.10763193606798,1.2756551779051,-0.403643655750807,0.657957163417598
"119","KIE",16,"KIE-13","13","Germany","Kiel",10154972,54345615,1.10763193606798,1.2756551779051,-0.403643655750807,0.657957163417598
"120","KIE",20,"KIE-14","14","Germany","Kiel",10154972,54345615,1.10763193606798,1.2756551779051,-0.403643655750807,0.657957163417598
"121","KIE",21,"KIE-18","18","Germany","Kiel",10154972,54345615,1.10763193606798,1.2756551779051,-0.403643655750807,0.657957163417598
"122","KLI",563,"KLI-02","02","Gotland","Klintehamn",18152719,57401162,-0.246140430237328,2.21397904736722,-1.18760645423953,-0.512819553840187
"123","KLI",561,"KLI-07","07","Gotland","Klintehamn",18152719,57401162,-0.246140430237328,2.21397904736722,-1.18760645423953,-0.512819553840187
"124","KLI",575,"KLI-17","17","Gotland","Klintehamn",18152719,57401162,-0.246140430237328,2.21397904736722,-1.18760645423953,-0.512819553840187
"125","KLI",569,"KLI-06","06","Gotland","Klintehamn",18152719,57401162,-0.246140430237328,2.21397904736722,-1.18760645423953,-0.512819553840187
"126","KLI",573,"KLI-18","18","Gotland","Klintehamn",18152719,57401162,-0.246140430237328,2.21397904736722,-1.18760645423953,-0.512819553840187
"127","KOD",39,"KOD-04","04","Kosterhavet","Koster donor site",10991989,58882538,0.430745752915324,-0.600992561019124,1.16428194122665,0.657957163417598
"128","KOD",25,"KOD-13","13","Kosterhavet","Koster donor site",10991989,58882538,0.430745752915324,-0.600992561019124,1.16428194122665,0.657957163417598
"129","KOD",43,"KOD-15","15","Kosterhavet","Koster donor site",10991989,58882538,0.430745752915324,-0.600992561019124,1.16428194122665,0.657957163417598
"130","KOD",28,"KOD-16","16","Kosterhavet","Koster donor site",10991989,58882538,0.430745752915324,-0.600992561019124,1.16428194122665,0.657957163417598
"131","KOD",29,"KOD-18","18","Kosterhavet","Koster donor site",10991989,58882538,0.430745752915324,-0.600992561019124,1.16428194122665,0.657957163417598
"132","KOD",30,"KOD-19","19","Kosterhavet","Koster donor site",10991989,58882538,0.430745752915324,-0.600992561019124,1.16428194122665,0.657957163417598
"133","KOD",31,"KOD-20","20","Kosterhavet","Koster donor site",10991989,58882538,0.430745752915324,-0.600992561019124,1.16428194122665,0.657957163417598
"134","KOD",33,"KOD-01","01","Kosterhavet","Koster donor site",10991989,58882538,0.430745752915324,-0.600992561019124,1.16428194122665,0.657957163417598
"135","KOD",41,"KOD-10","10","Kosterhavet","Koster donor site",10991989,58882538,0.430745752915324,-0.600992561019124,1.16428194122665,0.657957163417598
"136","KOD",42,"KOD-11","11","Kosterhavet","Koster donor site",10991989,58882538,0.430745752915324,-0.600992561019124,1.16428194122665,0.657957163417598
"137","KRA",642,"KRA-04","04","Tystberga","Krampö",174658689,58690647,-2.95368516284794,0.337331308442991,-1.18760645423953,-0.805513733154633
"138","KUR",288,"KUR-01","01","Trelleborg","Kurland",12982861,55395972,0.430745752915324,-0.600992561019124,-1.03081389454179,-0.220125374525741
"139","KUR",291,"KUR-07","07","Trelleborg","Kurland",12982861,55395972,0.430745752915324,-0.600992561019124,-1.03081389454179,-0.220125374525741
"140","KUR",294,"KUR-09","09","Trelleborg","Kurland",12982861,55395972,0.430745752915324,-0.600992561019124,-1.03081389454179,-0.220125374525741
"141","KUR",296,"KUR-10","10","Trelleborg","Kurland",12982861,55395972,0.430745752915324,-0.600992561019124,-1.03081389454179,-0.220125374525741
"142","KUR",297,"KUR-11","11","Trelleborg","Kurland",12982861,55395972,0.430745752915324,-0.600992561019124,-1.03081389454179,-0.220125374525741
"143","KUR",299,"KUR-13","13","Trelleborg","Kurland",12982861,55395972,0.430745752915324,-0.600992561019124,-1.03081389454179,-0.220125374525741
"144","KUR",302,"KUR-14","14","Trelleborg","Kurland",12982861,55395972,0.430745752915324,-0.600992561019124,-1.03081389454179,-0.220125374525741
"145","KUR",306,"KUR-18","18","Trelleborg","Kurland",12982861,55395972,0.430745752915324,-0.600992561019124,-1.03081389454179,-0.220125374525741
"146","LJU",540,"LJU-01","01","Gotland","Ljugarn",18695397,57319176,-0.92302661338998,1.2756551779051,-1.18760645423953,-0.512819553840187
"147","LJU",546,"LJU-08","08","Gotland","Ljugarn",18695397,57319176,-0.92302661338998,1.2756551779051,-1.18760645423953,-0.512819553840187
"148","LJU",551,"LJU-17","17","Gotland","Ljugarn",18695397,57319176,-0.92302661338998,1.2756551779051,-1.18760645423953,-0.512819553840187
"149","LJU",555,"LJU-20","20","Gotland","Ljugarn",18695397,57319176,-0.92302661338998,1.2756551779051,-1.18760645423953,-0.512819553840187
"150","LOM",265,"LOM-01","01","Lomma","South Lomma Bay",1305485,5567242,0.430745752915324,-0.600992561019124,-0.874021334844044,-0.220125374525741
"151","LOM",267,"LOM-02","02","Lomma","South Lomma Bay",1305485,5567242,0.430745752915324,-0.600992561019124,-0.874021334844044,-0.220125374525741
"152","LOM",268,"LOM-04","04","Lomma","South Lomma Bay",1305485,5567242,0.430745752915324,-0.600992561019124,-0.874021334844044,-0.220125374525741
"153","LOM",270,"LOM-05","05","Lomma","South Lomma Bay",1305485,5567242,0.430745752915324,-0.600992561019124,-0.874021334844044,-0.220125374525741
"154","LOM",273,"LOM-07","07","Lomma","South Lomma Bay",1305485,5567242,0.430745752915324,-0.600992561019124,-0.874021334844044,-0.220125374525741
"155","LOM",274,"LOM-10","10","Lomma","South Lomma Bay",1305485,5567242,0.430745752915324,-0.600992561019124,-0.874021334844044,-0.220125374525741
"156","LOM",275,"LOM-11","11","Lomma","South Lomma Bay",1305485,5567242,0.430745752915324,-0.600992561019124,-0.874021334844044,-0.220125374525741
"157","LOM",277,"LOM-12","12","Lomma","South Lomma Bay",1305485,5567242,0.430745752915324,-0.600992561019124,-0.874021334844044,-0.220125374525741
"158","LOM",278,"LOM-14","14","Lomma","South Lomma Bay",1305485,5567242,0.430745752915324,-0.600992561019124,-0.874021334844044,-0.220125374525741
"159","LOM",279,"LOM-16","16","Lomma","South Lomma Bay",1305485,5567242,0.430745752915324,-0.600992561019124,-0.874021334844044,-0.220125374525741
"160","LOM",280,"LOM-17","17","Lomma","South Lomma Bay",1305485,5567242,0.430745752915324,-0.600992561019124,-0.874021334844044,-0.220125374525741
"161","LOM",281,"LOM-18","18","Lomma","South Lomma Bay",1305485,5567242,0.430745752915324,-0.600992561019124,-0.874021334844044,-0.220125374525741
"162","LOM",282,"LOM-19","19","Lomma","South Lomma Bay",1305485,5567242,0.430745752915324,-0.600992561019124,-0.874021334844044,-0.220125374525741
"163","LOM",284,"LOM-20","20","Lomma","South Lomma Bay",1305485,5567242,0.430745752915324,-0.600992561019124,-0.874021334844044,-0.220125374525741
"164","NOV",138,"NOV-01","01","Sälöfjorden","N. Överön",11728779,57795244,1.10763193606798,-0.600992561019124,0.537111702435665,-0.512819553840187
"165","NOV",144,"NOV-04","04","Sälöfjorden","N. Överön",11728779,57795244,1.10763193606798,-0.600992561019124,0.537111702435665,-0.512819553840187
"166","NOV",147,"NOV-06","06","Sälöfjorden","N. Överön",11728779,57795244,1.10763193606798,-0.600992561019124,0.537111702435665,-0.512819553840187
"167","NOV",146,"NOV-08","08","Sälöfjorden","N. Överön",11728779,57795244,1.10763193606798,-0.600992561019124,0.537111702435665,-0.512819553840187
"168","NOV",148,"NOV-13","13","Sälöfjorden","N. Överön",11728779,57795244,1.10763193606798,-0.600992561019124,0.537111702435665,-0.512819553840187
"169","NOV",149,"NOV-14","14","Sälöfjorden","N. Överön",11728779,57795244,1.10763193606798,-0.600992561019124,0.537111702435665,-0.512819553840187
"170","NOV",150,"NOV-15","15","Sälöfjorden","N. Överön",11728779,57795244,1.10763193606798,-0.600992561019124,0.537111702435665,-0.512819553840187
"171","NOV",152,"NOV-18","18","Sälöfjorden","N. Överön",11728779,57795244,1.10763193606798,-0.600992561019124,0.537111702435665,-0.512819553840187
"172","NOV",153,"NOV-20","20","Sälöfjorden","N. Överön",11728779,57795244,1.10763193606798,-0.600992561019124,0.537111702435665,-0.512819553840187
"173","NYN",659,"NYN-02","02","Nynäshamn","Nynäshamn",179542217,588811079,-4.30745752915324,0.337331308442991,-1.18760645423953,-0.805513733154633
"174","NYN",649,"NYN-03","03","Nynäshamn","Nynäshamn",179542217,588811079,-4.30745752915324,0.337331308442991,-1.18760645423953,-0.805513733154633
"175","OSK",471,"OSK-01","01","Oskarshamn","Oskarshamn",16583068,57031518,-1.59991279654263,0.337331308442991,-1.18760645423953,-0.512819553840187
"176","OSK",474,"OSK-06","06","Oskarshamn","Oskarshamn",16583068,57031518,-1.59991279654263,0.337331308442991,-1.18760645423953,-0.512819553840187
"177","RAU",714,"RAU-01","01","Finland","Rauma",21319105,61052267,-0.92302661338998,-0.600992561019124,-1.50119157363503,-0.805513733154633
"178","SBR",154,"SBR-01","01","Göteborgs S skärgård","S. Brännö",1179115,5764159,1.10763193606798,-0.600992561019124,0.38031914273792,-1.97629045041242
"179","SBR",157,"SBR-02","02","Göteborgs S skärgård","S. Brännö",1179115,5764159,1.10763193606798,-0.600992561019124,0.38031914273792,-1.97629045041242
"180","SBR",159,"SBR-03","03","Göteborgs S skärgård","S. Brännö",1179115,5764159,1.10763193606798,-0.600992561019124,0.38031914273792,-1.97629045041242
"181","SBR",160,"SBR-04","04","Göteborgs S skärgård","S. Brännö",1179115,5764159,1.10763193606798,-0.600992561019124,0.38031914273792,-1.97629045041242
"182","SBR",161,"SBR-05","05","Göteborgs S skärgård","S. Brännö",1179115,5764159,1.10763193606798,-0.600992561019124,0.38031914273792,-1.97629045041242
"183","SBR",162,"SBR-07","07","Göteborgs S skärgård","S. Brännö",1179115,5764159,1.10763193606798,-0.600992561019124,0.38031914273792,-1.97629045041242
"184","SBR",163,"SBR-08","08","Göteborgs S skärgård","S. Brännö",1179115,5764159,1.10763193606798,-0.600992561019124,0.38031914273792,-1.97629045041242
"185","SBR",164,"SBR-09","09","Göteborgs S skärgård","S. Brännö",1179115,5764159,1.10763193606798,-0.600992561019124,0.38031914273792,-1.97629045041242
"186","SBR",165,"SBR-10","10","Göteborgs S skärgård","S. Brännö",1179115,5764159,1.10763193606798,-0.600992561019124,0.38031914273792,-1.97629045041242
"187","SBR",166,"SBR-11","11","Göteborgs S skärgård","S. Brännö",1179115,5764159,1.10763193606798,-0.600992561019124,0.38031914273792,-1.97629045041242
"188","SBR",167,"SBR-12","12","Göteborgs S skärgård","S. Brännö",1179115,5764159,1.10763193606798,-0.600992561019124,0.38031914273792,-1.97629045041242
"189","SBR",168,"SBR-13","13","Göteborgs S skärgård","S. Brännö",1179115,5764159,1.10763193606798,-0.600992561019124,0.38031914273792,-1.97629045041242
"190","SBR",169,"SBR-14","14","Göteborgs S skärgård","S. Brännö",1179115,5764159,1.10763193606798,-0.600992561019124,0.38031914273792,-1.97629045041242
"191","SBR",170,"SBR-15","15","Göteborgs S skärgård","S. Brännö",1179115,5764159,1.10763193606798,-0.600992561019124,0.38031914273792,-1.97629045041242
"192","SBR",171,"SBR-16","16","Göteborgs S skärgård","S. Brännö",1179115,5764159,1.10763193606798,-0.600992561019124,0.38031914273792,-1.97629045041242
"193","SBR",172,"SBR-17","17","Göteborgs S skärgård","S. Brännö",1179115,5764159,1.10763193606798,-0.600992561019124,0.38031914273792,-1.97629045041242
"194","SBR",173,"SBR-18","18","Göteborgs S skärgård","S. Brännö",1179115,5764159,1.10763193606798,-0.600992561019124,0.38031914273792,-1.97629045041242
"195","SBR",174,"SBR-19","19","Göteborgs S skärgård","S. Brännö",1179115,5764159,1.10763193606798,-0.600992561019124,0.38031914273792,-1.97629045041242
"196","SBR",175,"SBR-20","20","Göteborgs S skärgård","S. Brännö",1179115,5764159,1.10763193606798,-0.600992561019124,0.38031914273792,-1.97629045041242
"197","SKI",327,"SKI-01","01","Skillinge","Skillinge",142785,55457556,-2.95368516284794,-0.600992561019124,-1.03081389454179,-0.220125374525741
"198","SKI",336,"SKI-04","04","Skillinge","Skillinge",142785,55457556,-2.95368516284794,-0.600992561019124,-1.03081389454179,-0.220125374525741
"199","SKI",346,"SKI-14","14","Skillinge","Skillinge",142785,55457556,-2.95368516284794,-0.600992561019124,-1.03081389454179,-0.220125374525741
"200","SLI",597,"SLI-02","02","Gotland","Slite",18831167,57713318,-0.92302661338998,1.2756551779051,-1.18760645423953,-0.512819553840187
"201","SLI",594,"SLI-04","04","Gotland","Slite",18831167,57713318,-0.92302661338998,1.2756551779051,-1.18760645423953,-0.512819553840187
"202","SLI",606,"SLI-05","05","Gotland","Slite",18831167,57713318,-0.92302661338998,1.2756551779051,-1.18760645423953,-0.512819553840187
"203","STE",116,"STE-01","01","Hake-Älgöfjorden","Stenungsund",1181013,5805143,0.430745752915324,-0.600992561019124,1.16428194122665,1.24334552204649
"204","STE",117,"STE-03","03","Hake-Älgöfjorden","Stenungsund",1181013,5805143,0.430745752915324,-0.600992561019124,1.16428194122665,1.24334552204649
"205","STE",118,"STE-04","04","Hake-Älgöfjorden","Stenungsund",1181013,5805143,0.430745752915324,-0.600992561019124,1.16428194122665,1.24334552204649
"206","STE",119,"STE-05","05","Hake-Älgöfjorden","Stenungsund",1181013,5805143,0.430745752915324,-0.600992561019124,1.16428194122665,1.24334552204649
"207","STE",135,"STE-06","06","Hake-Älgöfjorden","Stenungsund",1181013,5805143,0.430745752915324,-0.600992561019124,1.16428194122665,1.24334552204649
"208","STE",121,"STE-07","07","Hake-Älgöfjorden","Stenungsund",1181013,5805143,0.430745752915324,-0.600992561019124,1.16428194122665,1.24334552204649
"209","STE",122,"STE-09","09","Hake-Älgöfjorden","Stenungsund",1181013,5805143,0.430745752915324,-0.600992561019124,1.16428194122665,1.24334552204649
"210","STE",123,"STE-11","11","Hake-Älgöfjorden","Stenungsund",1181013,5805143,0.430745752915324,-0.600992561019124,1.16428194122665,1.24334552204649
"211","STE",124,"STE-12","12","Hake-Älgöfjorden","Stenungsund",1181013,5805143,0.430745752915324,-0.600992561019124,1.16428194122665,1.24334552204649
"212","STE",126,"STE-14","14","Hake-Älgöfjorden","Stenungsund",1181013,5805143,0.430745752915324,-0.600992561019124,1.16428194122665,1.24334552204649
"213","STE",127,"STE-17","17","Hake-Älgöfjorden","Stenungsund",1181013,5805143,0.430745752915324,-0.600992561019124,1.16428194122665,1.24334552204649
"214","STE",137,"STE-18","18","Hake-Älgöfjorden","Stenungsund",1181013,5805143,0.430745752915324,-0.600992561019124,1.16428194122665,1.24334552204649
"215","STE",131,"STE-19","19","Hake-Älgöfjorden","Stenungsund",1181013,5805143,0.430745752915324,-0.600992561019124,1.16428194122665,1.24334552204649
"216","STE",132,"STE-20","20","Hake-Älgöfjorden","Stenungsund",1181013,5805143,0.430745752915324,-0.600992561019124,1.16428194122665,1.24334552204649
"217","STE",133,"STE-02","02","Hake-Älgöfjorden","Stenungsund",1181013,5805143,0.430745752915324,-0.600992561019124,1.16428194122665,1.24334552204649
"218","STE",136,"STE-08","08","Hake-Älgöfjorden","Stenungsund",1181013,5805143,0.430745752915324,-0.600992561019124,1.16428194122665,1.24334552204649
"219","TAL",785,"TAL-01","01","Estonia","Tallinn",245688,594576,-0.246140430237328,0.337331308442991,-1.34439901393728,-1.09820791246908
"220","TAL",801,"TAL-12","12","Estonia","Tallinn",245688,594576,-0.246140430237328,0.337331308442991,-1.34439901393728,-1.09820791246908
"221","VHA",92,"VHA-01","01","Ellös-Havstenfjord","Väst Hjältön",1160238,5825641,-0.92302661338998,1.2756551779051,1.63465962031988,1.53603970136094
"222","VHA",93,"VHA-02","02","Ellös-Havstenfjord","Väst Hjältön",1160238,5825641,-0.92302661338998,1.2756551779051,1.63465962031988,1.53603970136094
"223","VHA",94,"VHA-03","03","Ellös-Havstenfjord","Väst Hjältön",1160238,5825641,-0.92302661338998,1.2756551779051,1.63465962031988,1.53603970136094
"224","VHA",96,"VHA-04","04","Ellös-Havstenfjord","Väst Hjältön",1160238,5825641,-0.92302661338998,1.2756551779051,1.63465962031988,1.53603970136094
"225","VHA",97,"VHA-06","06","Ellös-Havstenfjord","Väst Hjältön",1160238,5825641,-0.92302661338998,1.2756551779051,1.63465962031988,1.53603970136094
"226","VHA",98,"VHA-07","07","Ellös-Havstenfjord","Väst Hjältön",1160238,5825641,-0.92302661338998,1.2756551779051,1.63465962031988,1.53603970136094
"227","VHA",99,"VHA-08","08","Ellös-Havstenfjord","Väst Hjältön",1160238,5825641,-0.92302661338998,1.2756551779051,1.63465962031988,1.53603970136094
"228","VHA",100,"VHA-09","09","Ellös-Havstenfjord","Väst Hjältön",1160238,5825641,-0.92302661338998,1.2756551779051,1.63465962031988,1.53603970136094
"229","VHA",101,"VHA-10","10","Ellös-Havstenfjord","Väst Hjältön",1160238,5825641,-0.92302661338998,1.2756551779051,1.63465962031988,1.53603970136094
"230","VHA",102,"VHA-11","11","Ellös-Havstenfjord","Väst Hjältön",1160238,5825641,-0.92302661338998,1.2756551779051,1.63465962031988,1.53603970136094
"231","VHA",104,"VHA-13","13","Ellös-Havstenfjord","Väst Hjältön",1160238,5825641,-0.92302661338998,1.2756551779051,1.63465962031988,1.53603970136094
"232","VHA",106,"VHA-15","15","Ellös-Havstenfjord","Väst Hjältön",1160238,5825641,-0.92302661338998,1.2756551779051,1.63465962031988,1.53603970136094
"233","VHA",107,"VHA-16","16","Ellös-Havstenfjord","Väst Hjältön",1160238,5825641,-0.92302661338998,1.2756551779051,1.63465962031988,1.53603970136094
"234","VHA",108,"VHA-17","17","Ellös-Havstenfjord","Väst Hjältön",1160238,5825641,-0.92302661338998,1.2756551779051,1.63465962031988,1.53603970136094
"235","VHA",110,"VHA-18","18","Ellös-Havstenfjord","Väst Hjältön",1160238,5825641,-0.92302661338998,1.2756551779051,1.63465962031988,1.53603970136094
"236","VHA",112,"VHA-19","19","Ellös-Havstenfjord","Väst Hjältön",1160238,5825641,-0.92302661338998,1.2756551779051,1.63465962031988,1.53603970136094
"237","VHA",115,"VHA-20","20","Ellös-Havstenfjord","Väst Hjältön",1160238,5825641,-0.92302661338998,1.2756551779051,1.63465962031988,1.53603970136094
"238","YST",312,"YST-01","01","Gamla Staden-Sandskogen","Ystad",1384636159,5542155879,-0.246140430237328,-0.600992561019124,-1.03081389454179,-0.220125374525741
"239","YST",315,"YST-11","11","Gamla Staden-Sandskogen","Ystad",1384636159,5542155879,-0.246140430237328,-0.600992561019124,-1.03081389454179,-0.220125374525741
"240","YST",317,"YST-15","15","Gamla Staden-Sandskogen","Ystad",1384636159,5542155879,-0.246140430237328,-0.600992561019124,-1.03081389454179,-0.220125374525741
"241","YST",321,"YST-09","09","Gamla Staden-Sandskogen","Ystad",1384636159,5542155879,-0.246140430237328,-0.600992561019124,-1.03081389454179,-0.220125374525741
"242","YST",326,"YST-18","18","Gamla Staden-Sandskogen","Ystad",1384636159,5542155879,-0.246140430237328,-0.600992561019124,-1.03081389454179,-0.220125374525741
