"Pop","MLL_no","Indv_no","Pop_no","region","site_full","long","lat","temp_curr","sal_curr","temp_8.5","sal_8.5","max_temp_curr","min_sal_curr","temp_scaled","max_temp_scaled","sal_scaled","min_sal_scaled"
"AHU",351,"AHU-01","01","Kristianstad","Åhus",14.402056,55.973569,18,8,20,7,23,7,-0.343457933764543,-0.121270482189138,-0.662732199384387,-0.396278094531094
"AHU",366,"AHU-02","02","Kristianstad","Åhus",14.402056,55.973569,18,8,20,7,23,7,-0.343457933764543,-0.121270482189138,-0.662732199384387,-0.396278094531094
"AHU",361,"AHU-09","09","Kristianstad","Åhus",14.402056,55.973569,18,8,20,7,23,7,-0.343457933764543,-0.121270482189138,-0.662732199384387,-0.396278094531094
"AHU",367,"AHU-13","13","Kristianstad","Åhus",14.402056,55.973569,18,8,20,7,23,7,-0.343457933764543,-0.121270482189138,-0.662732199384387,-0.396278094531094
"ALA",219,"ALA-01","01","Øresund","Ålabadarna",12.771034,55.940683,18,17,20,15,22,7,0.00632145196478833,-0.528792618165885,0.693928014798315,-0.117299280053907
"ALA",222,"ALA-02","02","Øresund","Ålabadarna",12.771034,55.940683,18,17,20,15,22,7,0.00632145196478833,-0.528792618165885,0.693928014798315,-0.117299280053907
"ALA",230,"ALA-03","03","Øresund","Ålabadarna",12.771034,55.940683,18,17,20,15,22,7,0.00632145196478833,-0.528792618165885,0.693928014798315,-0.117299280053907
"ALA",220,"ALA-04","04","Øresund","Ålabadarna",12.771034,55.940683,18,17,20,15,22,7,0.00632145196478833,-0.528792618165885,0.693928014798315,-0.117299280053907
"ALA",229,"ALA-09","09","Øresund","Ålabadarna",12.771034,55.940683,18,17,20,15,22,7,0.00632145196478833,-0.528792618165885,0.693928014798315,-0.117299280053907
"ALA",231,"ALA-11","11","Øresund","Ålabadarna",12.771034,55.940683,18,17,20,15,22,7,0.00632145196478833,-0.528792618165885,0.693928014798315,-0.117299280053907
"ALA",233,"ALA-13","13","Øresund","Ålabadarna",12.771034,55.940683,18,17,20,15,22,7,0.00632145196478833,-0.528792618165885,0.693928014798315,-0.117299280053907
"ALA",234,"ALA-14","14","Øresund","Ålabadarna",12.771034,55.940683,18,17,20,15,22,7,0.00632145196478833,-0.528792618165885,0.693928014798315,-0.117299280053907
"ALA",236,"ALA-15","15","Øresund","Ålabadarna",12.771034,55.940683,18,17,20,15,22,7,0.00632145196478833,-0.528792618165885,0.693928014798315,-0.117299280053907
"ALA",237,"ALA-17","17","Øresund","Ålabadarna",12.771034,55.940683,18,17,20,15,22,7,0.00632145196478833,-0.528792618165885,0.693928014798315,-0.117299280053907
"ALA",238,"ALA-18","18","Øresund","Ålabadarna",12.771034,55.940683,18,17,20,15,22,7,0.00632145196478833,-0.528792618165885,0.693928014798315,-0.117299280053907
"ALA",239,"ALA-19","19","Øresund","Ålabadarna",12.771034,55.940683,18,17,20,15,22,7,0.00632145196478833,-0.528792618165885,0.693928014798315,-0.117299280053907
"ALA",240,"ALA-20","20","Øresund","Ålabadarna",12.771034,55.940683,18,17,20,15,22,7,0.00632145196478833,-0.528792618165885,0.693928014798315,-0.117299280053907
"BAD",519,"BAD-03","03","Öland","Bödagården",17.058547,57.259256,19,7,22,6,25,6,0.00632145196478833,-0.121270482189138,-0.662732199384387,-0.396278094531094
"BAD",520,"BAD-06","06","Öland","Bödagården",17.058547,57.259256,19,7,22,6,25,6,0.00632145196478833,-0.121270482189138,-0.662732199384387,-0.396278094531094
"BAD",526,"BAD-16","16","Öland","Bödagården",17.058547,57.259256,19,7,22,6,25,6,0.00632145196478833,-0.121270482189138,-0.662732199384387,-0.396278094531094
"BAD",533,"BAD-17","17","Öland","Bödagården",17.058547,57.259256,19,7,22,6,25,6,0.00632145196478833,-0.121270482189138,-0.662732199384387,-0.396278094531094
"BAR",241,"BAR-01","01","Barsebäck","Barsebäck hamn",12.90189,55.75528,19,6,21,5,24,5,-0.0206815166135165,-0.579786258855822,1.52165655947594,-0.228388875481985
"BAR",244,"BAR-02","02","Barsebäck","Barsebäck hamn",12.90189,55.75528,19,6,21,5,24,5,-0.0206815166135165,-0.579786258855822,1.52165655947594,-0.228388875481985
"BAR",247,"BAR-03","03","Barsebäck","Barsebäck hamn",12.90189,55.75528,19,6,21,5,24,5,-0.0206815166135165,-0.579786258855822,1.52165655947594,-0.228388875481985
"BAR",250,"BAR-06","06","Barsebäck","Barsebäck hamn",12.90189,55.75528,19,6,21,5,24,5,-0.0206815166135165,-0.579786258855822,1.52165655947594,-0.228388875481985
"BAR",251,"BAR-07","07","Barsebäck","Barsebäck hamn",12.90189,55.75528,19,6,21,5,24,5,-0.0206815166135165,-0.579786258855822,1.52165655947594,-0.228388875481985
"BAR",255,"BAR-10","10","Barsebäck","Barsebäck hamn",12.90189,55.75528,19,6,21,5,24,5,-0.0206815166135165,-0.579786258855822,1.52165655947594,-0.228388875481985
"BAR",258,"BAR-14","14","Barsebäck","Barsebäck hamn",12.90189,55.75528,19,6,21,5,24,5,-0.0206815166135165,-0.579786258855822,1.52165655947594,-0.228388875481985
"BAR",259,"BAR-15","15","Barsebäck","Barsebäck hamn",12.90189,55.75528,19,6,21,5,24,5,-0.0206815166135165,-0.579786258855822,1.52165655947594,-0.228388875481985
"BAR",260,"BAR-16","16","Barsebäck","Barsebäck hamn",12.90189,55.75528,19,6,21,5,24,5,-0.0206815166135165,-0.579786258855822,1.52165655947594,-0.228388875481985
"BAR",261,"BAR-17","17","Barsebäck","Barsebäck hamn",12.90189,55.75528,19,6,21,5,24,5,-0.0206815166135165,-0.579786258855822,1.52165655947594,-0.228388875481985
"BAR",262,"BAR-18","18","Barsebäck","Barsebäck hamn",12.90189,55.75528,19,6,21,5,24,5,-0.0206815166135165,-0.579786258855822,1.52165655947594,-0.228388875481985
"BAR",263,"BAR-19","19","Barsebäck","Barsebäck hamn",12.90189,55.75528,19,6,21,5,24,5,-0.0206815166135165,-0.579786258855822,1.52165655947594,-0.228388875481985
"BAR",264,"BAR-20","20","Barsebäck","Barsebäck hamn",12.90189,55.75528,19,6,21,5,24,5,-0.0206815166135165,-0.579786258855822,1.52165655947594,-0.228388875481985
"BJN",394,"BJN-02","02","Karlskrona","Björkenäs",15.925111,56.159447,13,8,15,6,23,7,-0.693237319493874,-0.121270482189138,-0.662732199384387,-0.396278094531094
"BJO",703,"BJO-01","01","Östersjö","Björkö",19.07867998,59.83484289,16,5,20,4,22,4,-0.202881598639924,-1.20642528152679,-0.897977080523668,-0.885555727354295
"BLA",404,"BLA-01","01","Öland","Bläsinge",16.704923,56.621246,16,7,18,6,24,6,-1.74257547668187,-0.121270482189138,-0.662732199384387,-0.396278094531094
"BUR",489,"BUR-01","01","Gotland","Burgsvik",18.223786,57.032289,12,7,14,6,24,6,0.356100837694119,0.693773789764357,-0.662732199384387,-0.396278094531094
"BUR",491,"BUR-03","03","Gotland","Burgsvik",18.223786,57.032289,12,7,14,6,24,6,0.356100837694119,0.693773789764357,-0.662732199384387,-0.396278094531094
"BUR",493,"BUR-05","05","Gotland","Burgsvik",18.223786,57.032289,12,7,14,6,24,6,0.356100837694119,0.693773789764357,-0.662732199384387,-0.396278094531094
"BUR",494,"BUR-06","06","Gotland","Burgsvik",18.223786,57.032289,12,7,14,6,24,6,0.356100837694119,0.693773789764357,-0.662732199384387,-0.396278094531094
"BUR",496,"BUR-07","07","Gotland","Burgsvik",18.223786,57.032289,12,7,14,6,24,6,0.356100837694119,0.693773789764357,-0.662732199384387,-0.396278094531094
"BUR",498,"BUR-09","09","Gotland","Burgsvik",18.223786,57.032289,12,7,14,6,24,6,0.356100837694119,0.693773789764357,-0.662732199384387,-0.396278094531094
"BUR",499,"BUR-10","10","Gotland","Burgsvik",18.223786,57.032289,12,7,14,6,24,6,0.356100837694119,0.693773789764357,-0.662732199384387,-0.396278094531094
"BUR",501,"BUR-11","11","Gotland","Burgsvik",18.223786,57.032289,12,7,14,6,24,6,0.356100837694119,0.693773789764357,-0.662732199384387,-0.396278094531094
"BUR",504,"BUR-13","13","Gotland","Burgsvik",18.223786,57.032289,12,7,14,6,24,6,0.356100837694119,0.693773789764357,-0.662732199384387,-0.396278094531094
"BUR",507,"BUR-14","14","Gotland","Burgsvik",18.223786,57.032289,12,7,14,6,24,6,0.356100837694119,0.693773789764357,-0.662732199384387,-0.396278094531094
"BUR",508,"BUR-16","16","Gotland","Burgsvik",18.223786,57.032289,12,7,14,6,24,6,0.356100837694119,0.693773789764357,-0.662732199384387,-0.396278094531094
"BUR",509,"BUR-17","17","Gotland","Burgsvik",18.223786,57.032289,12,7,14,6,24,6,0.356100837694119,0.693773789764357,-0.662732199384387,-0.396278094531094
"BUR",511,"BUR-18","18","Gotland","Burgsvik",18.223786,57.032289,12,7,14,6,24,6,0.356100837694119,0.693773789764357,-0.662732199384387,-0.396278094531094
"EKO",615,"EKO-01","01","Valdemarsvik","Ekön",16.854798,58.175265,17,7,19,5,24,6,-1.74257547668187,-0.121270482189138,-0.662732199384387,-0.396278094531094
"EKO",624,"EKO-09","09","Valdemarsvik","Ekön",16.854798,58.175265,17,7,19,5,24,6,-1.74257547668187,-0.121270482189138,-0.662732199384387,-0.396278094531094
"FUR",383,"FUR-02","02","Pukaviksbukten","Furumon",14.72029998,56.0954,17,8,19,6,23,7,-0.693237319493874,-0.528792618165885,-0.662732199384387,-0.396278094531094
"FUR",379,"FUR-18","18","Pukaviksbukten","Furumon",14.72029998,56.0954,17,8,19,6,23,7,-0.693237319493874,-0.528792618165885,-0.662732199384387,-0.396278094531094
"GAL",669,"GAL-01","01","Haninge","Gålö",18.32692339,59.09087305,15,7,18,5,24,6,0.70588022342345,-0.121270482189138,-0.813472223182465,-0.67525690900828
"GAL",687,"GAL-16","16","Haninge","Gålö",18.32692339,59.09087305,15,7,18,5,24,6,0.70588022342345,-0.121270482189138,-0.813472223182465,-0.67525690900828
"GAS",44,"GAS-01","01","Kosterhavet","Gåsholmen ",11.134688,58.878628,17,22,19,21,23,9,0.00632145196478833,-0.528792618165885,1.59836815758678,0.440658348900465
"GAS",46,"GAS-02","02","Kosterhavet","Gåsholmen ",11.134688,58.878628,17,22,19,21,23,9,0.00632145196478833,-0.528792618165885,1.59836815758678,0.440658348900465
"GAS",47,"GAS-04","04","Kosterhavet","Gåsholmen ",11.134688,58.878628,17,22,19,21,23,9,0.00632145196478833,-0.528792618165885,1.59836815758678,0.440658348900465
"GAS",48,"GAS-05","05","Kosterhavet","Gåsholmen ",11.134688,58.878628,17,22,19,21,23,9,0.00632145196478833,-0.528792618165885,1.59836815758678,0.440658348900465
"GAS",49,"GAS-06","06","Kosterhavet","Gåsholmen ",11.134688,58.878628,17,22,19,21,23,9,0.00632145196478833,-0.528792618165885,1.59836815758678,0.440658348900465
"GAS",50,"GAS-07","07","Kosterhavet","Gåsholmen ",11.134688,58.878628,17,22,19,21,23,9,0.00632145196478833,-0.528792618165885,1.59836815758678,0.440658348900465
"GAS",51,"GAS-08","08","Kosterhavet","Gåsholmen ",11.134688,58.878628,17,22,19,21,23,9,0.00632145196478833,-0.528792618165885,1.59836815758678,0.440658348900465
"GAS",52,"GAS-09","09","Kosterhavet","Gåsholmen ",11.134688,58.878628,17,22,19,21,23,9,0.00632145196478833,-0.528792618165885,1.59836815758678,0.440658348900465
"GAS",53,"GAS-10","10","Kosterhavet","Gåsholmen ",11.134688,58.878628,17,22,19,21,23,9,0.00632145196478833,-0.528792618165885,1.59836815758678,0.440658348900465
"GAS",56,"GAS-11","11","Kosterhavet","Gåsholmen ",11.134688,58.878628,17,22,19,21,23,9,0.00632145196478833,-0.528792618165885,1.59836815758678,0.440658348900465
"GAS",66,"GAS-20","20","Kosterhavet","Gåsholmen ",11.134688,58.878628,17,22,19,21,23,9,0.00632145196478833,-0.528792618165885,1.59836815758678,0.440658348900465
"GOT",176,"GOT-01","01","Kungsbacka","Gottskär",12.02123,57.39626,17,19,20,18,24,10,0.00632145196478833,-0.121270482189138,1.14614808619255,0.719637163377652
"GOT",177,"GOT-05","05","Kungsbacka","Gottskär",12.02123,57.39626,17,19,20,18,24,10,0.00632145196478833,-0.121270482189138,1.14614808619255,0.719637163377652
"GOT",178,"GOT-06","06","Kungsbacka","Gottskär",12.02123,57.39626,17,19,20,18,24,10,0.00632145196478833,-0.121270482189138,1.14614808619255,0.719637163377652
"GOT",179,"GOT-09","09","Kungsbacka","Gottskär",12.02123,57.39626,17,19,20,18,24,10,0.00632145196478833,-0.121270482189138,1.14614808619255,0.719637163377652
"GRO",193,"GRO-01","01","Lahalmsbukten","Grötvik",12.78014,56.64116,19,13,21,12,23,9,0.70588022342345,-0.528792618165885,0.241707943404081,0.440658348900465
"GRO",197,"GRO-10","10","Lahalmsbukten","Grötvik",12.78014,56.64116,19,13,21,12,23,9,0.70588022342345,-0.528792618165885,0.241707943404081,0.440658348900465
"HAN",744,"HAN-01","01","Finland","Hanko",22.990247,59.824232,12,7,15,5,24,6,-0.693237319493874,-0.121270482189138,-0.813472223182465,-0.954235723485466
"HAN",749,"HAN-11","11","Finland","Hanko",22.990247,59.824232,12,7,15,5,24,6,-0.693237319493874,-0.121270482189138,-0.813472223182465,-0.954235723485466
"HAN",754,"HAN-16","16","Finland","Hanko",22.990247,59.824232,12,7,15,5,24,6,-0.693237319493874,-0.121270482189138,-0.813472223182465,-0.954235723485466
"HOG",200,"HOG-01","01","Södra Höganäs","Höganäs",12.55141,56.1969,16,5,19,4,23,5,0.26750171928888,-0.755978778111232,0.805942926482666,-0.0661754506010758
"HOG",216,"HOG-02","02","Södra Höganäs","Höganäs",12.55141,56.1969,16,5,19,4,23,5,0.26750171928888,-0.755978778111232,0.805942926482666,-0.0661754506010758
"HOG",203,"HOG-04","04","Södra Höganäs","Höganäs",12.55141,56.1969,16,5,19,4,23,5,0.26750171928888,-0.755978778111232,0.805942926482666,-0.0661754506010758
"HOG",204,"HOG-05","05","Södra Höganäs","Höganäs",12.55141,56.1969,16,5,19,4,23,5,0.26750171928888,-0.755978778111232,0.805942926482666,-0.0661754506010758
"HOG",205,"HOG-06","06","Södra Höganäs","Höganäs",12.55141,56.1969,16,5,19,4,23,5,0.26750171928888,-0.755978778111232,0.805942926482666,-0.0661754506010758
"HOG",217,"HOG-07","07","Södra Höganäs","Höganäs",12.55141,56.1969,16,5,19,4,23,5,0.26750171928888,-0.755978778111232,0.805942926482666,-0.0661754506010758
"HOG",208,"HOG-09","09","Södra Höganäs","Höganäs",12.55141,56.1969,16,5,19,4,23,5,0.26750171928888,-0.755978778111232,0.805942926482666,-0.0661754506010758
"HOG",210,"HOG-15","15","Södra Höganäs","Höganäs",12.55141,56.1969,16,5,19,4,23,5,0.26750171928888,-0.755978778111232,0.805942926482666,-0.0661754506010758
"HOG",212,"HOG-17","17","Södra Höganäs","Höganäs",12.55141,56.1969,16,5,19,4,23,5,0.26750171928888,-0.755978778111232,0.805942926482666,-0.0661754506010758
"HOG",213,"HOG-18","18","Södra Höganäs","Höganäs",12.55141,56.1969,16,5,19,4,23,5,0.26750171928888,-0.755978778111232,0.805942926482666,-0.0661754506010758
"HOG",214,"HOG-10","10","Södra Höganäs","Höganäs",12.55141,56.1969,16,5,19,4,23,5,0.26750171928888,-0.755978778111232,0.805942926482666,-0.0661754506010758
"HOG",218,"HOG-19","19","Södra Höganäs","Höganäs",12.55141,56.1969,16,5,19,4,23,5,0.26750171928888,-0.755978778111232,0.805942926482666,-0.0661754506010758
"HOR",587,"HOR-10","10","Hornsudde","Hornsudde",16.730625,57.695151,15,6,18,4,24,4,-0.636083367865701,-0.320176875989651,-1.45339377221007,-0.469663538157575
"ING",771,"ING-01","01","Finland","Ingå",24.039419,59.9906558,13,7,16,5,24,5,-0.343457933764543,-0.121270482189138,-0.813472223182465,-0.954235723485466
"KAL",426,"KAL-01","01","Kalmar","Kalmarsund",16.351908,56.654431,16,6,18,4,24,4,0.70766409829067,-0.0484117641275608,-0.665113891760397,-0.421663681352526
"KAL",427,"KAL-02","02","Kalmar","Kalmarsund",16.351908,56.654431,16,6,18,4,24,4,0.70766409829067,-0.0484117641275608,-0.665113891760397,-0.421663681352526
"KAL",441,"KAL-04","04","Kalmar","Kalmarsund",16.351908,56.654431,16,6,18,4,24,4,0.70766409829067,-0.0484117641275608,-0.665113891760397,-0.421663681352526
"KAL",436,"KAL-06","06","Kalmar","Kalmarsund",16.351908,56.654431,16,6,18,4,24,4,0.70766409829067,-0.0484117641275608,-0.665113891760397,-0.421663681352526
"KAL",448,"KAL-20","20","Kalmar","Kalmarsund",16.351908,56.654431,16,6,18,4,24,4,0.70766409829067,-0.0484117641275608,-0.665113891760397,-0.421663681352526
"KAR",451,"KAR-02","02","Öland","Kårehamn",16.912377,56.969566,15,7,17,6,23,6,-0.343457933764543,0.28625165378761,-0.662732199384387,-0.396278094531094
"KAR",460,"KAR-03","03","Öland","Kårehamn",16.912377,56.969566,15,7,17,6,23,6,-0.343457933764543,0.28625165378761,-0.662732199384387,-0.396278094531094
"KAV",69,"KAV-01","01","Grebbestad-Fjällbacka","Kämpersvik",11.27672,58.64622,18,21,21,20,23,15,0.356100837694119,-0.528792618165885,1.4476281337887,2.11453123576358
"KAV",71,"KAV-02","02","Grebbestad-Fjällbacka","Kämpersvik",11.27672,58.64622,18,21,21,20,23,15,0.356100837694119,-0.528792618165885,1.4476281337887,2.11453123576358
"KAV",72,"KAV-03","03","Grebbestad-Fjällbacka","Kämpersvik",11.27672,58.64622,18,21,21,20,23,15,0.356100837694119,-0.528792618165885,1.4476281337887,2.11453123576358
"KAV",75,"KAV-04","04","Grebbestad-Fjällbacka","Kämpersvik",11.27672,58.64622,18,21,21,20,23,15,0.356100837694119,-0.528792618165885,1.4476281337887,2.11453123576358
"KAV",76,"KAV-05","05","Grebbestad-Fjällbacka","Kämpersvik",11.27672,58.64622,18,21,21,20,23,15,0.356100837694119,-0.528792618165885,1.4476281337887,2.11453123576358
"KAV",77,"KAV-06","06","Grebbestad-Fjällbacka","Kämpersvik",11.27672,58.64622,18,21,21,20,23,15,0.356100837694119,-0.528792618165885,1.4476281337887,2.11453123576358
"KAV",78,"KAV-07","07","Grebbestad-Fjällbacka","Kämpersvik",11.27672,58.64622,18,21,21,20,23,15,0.356100837694119,-0.528792618165885,1.4476281337887,2.11453123576358
"KAV",79,"KAV-08","08","Grebbestad-Fjällbacka","Kämpersvik",11.27672,58.64622,18,21,21,20,23,15,0.356100837694119,-0.528792618165885,1.4476281337887,2.11453123576358
"KAV",84,"KAV-11","11","Grebbestad-Fjällbacka","Kämpersvik",11.27672,58.64622,18,21,21,20,23,15,0.356100837694119,-0.528792618165885,1.4476281337887,2.11453123576358
"KAV",85,"KAV-14","14","Grebbestad-Fjällbacka","Kämpersvik",11.27672,58.64622,18,21,21,20,23,15,0.356100837694119,-0.528792618165885,1.4476281337887,2.11453123576358
"KAV",86,"KAV-15","15","Grebbestad-Fjällbacka","Kämpersvik",11.27672,58.64622,18,21,21,20,23,15,0.356100837694119,-0.528792618165885,1.4476281337887,2.11453123576358
"KAV",87,"KAV-16","16","Grebbestad-Fjällbacka","Kämpersvik",11.27672,58.64622,18,21,21,20,23,15,0.356100837694119,-0.528792618165885,1.4476281337887,2.11453123576358
"KAV",90,"KAV-17","17","Grebbestad-Fjällbacka","Kämpersvik",11.27672,58.64622,18,21,21,20,23,15,0.356100837694119,-0.528792618165885,1.4476281337887,2.11453123576358
"KIE",2,"KIE-01","01","Germany","Kiel",10.154972,54.345615,19,12,22,10,25,10,0.70588022342345,0.28625165378761,0.0909679196060027,0.719637163377652
"KIE",4,"KIE-03","03","Germany","Kiel",10.154972,54.345615,19,12,22,10,25,10,0.70588022342345,0.28625165378761,0.0909679196060027,0.719637163377652
"KIE",5,"KIE-04","04","Germany","Kiel",10.154972,54.345615,19,12,22,10,25,10,0.70588022342345,0.28625165378761,0.0909679196060027,0.719637163377652
"KIE",7,"KIE-05","05","Germany","Kiel",10.154972,54.345615,19,12,22,10,25,10,0.70588022342345,0.28625165378761,0.0909679196060027,0.719637163377652
"KIE",11,"KIE-09","09","Germany","Kiel",10.154972,54.345615,19,12,22,10,25,10,0.70588022342345,0.28625165378761,0.0909679196060027,0.719637163377652
"KIE",12,"KIE-10","10","Germany","Kiel",10.154972,54.345615,19,12,22,10,25,10,0.70588022342345,0.28625165378761,0.0909679196060027,0.719637163377652
"KIE",14,"KIE-11","11","Germany","Kiel",10.154972,54.345615,19,12,22,10,25,10,0.70588022342345,0.28625165378761,0.0909679196060027,0.719637163377652
"KIE",15,"KIE-12","12","Germany","Kiel",10.154972,54.345615,19,12,22,10,25,10,0.70588022342345,0.28625165378761,0.0909679196060027,0.719637163377652
"KIE",16,"KIE-13","13","Germany","Kiel",10.154972,54.345615,19,12,22,10,25,10,0.70588022342345,0.28625165378761,0.0909679196060027,0.719637163377652
"KIE",20,"KIE-14","14","Germany","Kiel",10.154972,54.345615,19,12,22,10,25,10,0.70588022342345,0.28625165378761,0.0909679196060027,0.719637163377652
"KIE",21,"KIE-18","18","Germany","Kiel",10.154972,54.345615,19,12,22,10,25,10,0.70588022342345,0.28625165378761,0.0909679196060027,0.719637163377652
"KLI",563,"KLI-02","02","Gotland","Klintehamn",18.152719,57.401162,15,7,17,6,24,6,0.00632145196478833,0.693773789764357,-0.662732199384387,-0.396278094531094
"KLI",561,"KLI-07","07","Gotland","Klintehamn",18.152719,57.401162,15,7,17,6,24,6,0.00632145196478833,0.693773789764357,-0.662732199384387,-0.396278094531094
"KLI",575,"KLI-17","17","Gotland","Klintehamn",18.152719,57.401162,15,7,17,6,24,6,0.00632145196478833,0.693773789764357,-0.662732199384387,-0.396278094531094
"KLI",569,"KLI-06","06","Gotland","Klintehamn",18.152719,57.401162,15,7,17,6,24,6,0.00632145196478833,0.693773789764357,-0.662732199384387,-0.396278094531094
"KLI",573,"KLI-18","18","Gotland","Klintehamn",18.152719,57.401162,15,7,17,6,24,6,0.00632145196478833,0.693773789764357,-0.662732199384387,-0.396278094531094
"KOD",39,"KOD-04","04","Kosterhavet","Koster donor site",10.991989,58.882538,18,22,20,20,23,10,0.356100837694119,-0.528792618165885,1.59836815758678,0.719637163377652
"KOD",25,"KOD-13","13","Kosterhavet","Koster donor site",10.991989,58.882538,18,22,20,20,23,10,0.356100837694119,-0.528792618165885,1.59836815758678,0.719637163377652
"KOD",43,"KOD-15","15","Kosterhavet","Koster donor site",10.991989,58.882538,18,22,20,20,23,10,0.356100837694119,-0.528792618165885,1.59836815758678,0.719637163377652
"KOD",28,"KOD-16","16","Kosterhavet","Koster donor site",10.991989,58.882538,18,22,20,20,23,10,0.356100837694119,-0.528792618165885,1.59836815758678,0.719637163377652
"KOD",29,"KOD-18","18","Kosterhavet","Koster donor site",10.991989,58.882538,18,22,20,20,23,10,0.356100837694119,-0.528792618165885,1.59836815758678,0.719637163377652
"KOD",30,"KOD-19","19","Kosterhavet","Koster donor site",10.991989,58.882538,18,22,20,20,23,10,0.356100837694119,-0.528792618165885,1.59836815758678,0.719637163377652
"KOD",31,"KOD-20","20","Kosterhavet","Koster donor site",10.991989,58.882538,18,22,20,20,23,10,0.356100837694119,-0.528792618165885,1.59836815758678,0.719637163377652
"KOD",33,"KOD-01","01","Kosterhavet","Koster donor site",10.991989,58.882538,18,22,20,20,23,10,0.356100837694119,-0.528792618165885,1.59836815758678,0.719637163377652
"KOD",41,"KOD-10","10","Kosterhavet","Koster donor site",10.991989,58.882538,18,22,20,20,23,10,0.356100837694119,-0.528792618165885,1.59836815758678,0.719637163377652
"KOD",42,"KOD-11","11","Kosterhavet","Koster donor site",10.991989,58.882538,18,22,20,20,23,10,0.356100837694119,-0.528792618165885,1.59836815758678,0.719637163377652
"KRA",642,"KRA-04","04","Tystberga","Krampö",17.4658689,58.690647,16,7,19,5,25,6,-1.39279609095254,-0.121270482189138,-0.662732199384387,-0.67525690900828
"KUR",288,"KUR-01","01","Trelleborg","Kurland",12.982861,55.395972,17,6,21,4,24,4,0.216888642173846,-0.454857876092876,-0.484738379283617,-0.149362623910626
"KUR",291,"KUR-07","07","Trelleborg","Kurland",12.982861,55.395972,17,6,21,4,24,4,0.216888642173846,-0.454857876092876,-0.484738379283617,-0.149362623910626
"KUR",294,"KUR-09","09","Trelleborg","Kurland",12.982861,55.395972,17,6,21,4,24,4,0.216888642173846,-0.454857876092876,-0.484738379283617,-0.149362623910626
"KUR",296,"KUR-10","10","Trelleborg","Kurland",12.982861,55.395972,17,6,21,4,24,4,0.216888642173846,-0.454857876092876,-0.484738379283617,-0.149362623910626
"KUR",297,"KUR-11","11","Trelleborg","Kurland",12.982861,55.395972,17,6,21,4,24,4,0.216888642173846,-0.454857876092876,-0.484738379283617,-0.149362623910626
"KUR",299,"KUR-13","13","Trelleborg","Kurland",12.982861,55.395972,17,6,21,4,24,4,0.216888642173846,-0.454857876092876,-0.484738379283617,-0.149362623910626
"KUR",302,"KUR-14","14","Trelleborg","Kurland",12.982861,55.395972,17,6,21,4,24,4,0.216888642173846,-0.454857876092876,-0.484738379283617,-0.149362623910626
"KUR",306,"KUR-18","18","Trelleborg","Kurland",12.982861,55.395972,17,6,21,4,24,4,0.216888642173846,-0.454857876092876,-0.484738379283617,-0.149362623910626
"LJU",540,"LJU-01","01","Gotland","Ljugarn",18.695397,57.319176,16,7,19,5,25,6,-0.343457933764543,0.28625165378761,-0.662732199384387,-0.396278094531094
"LJU",546,"LJU-08","08","Gotland","Ljugarn",18.695397,57.319176,16,7,19,5,25,6,-0.343457933764543,0.28625165378761,-0.662732199384387,-0.396278094531094
"LJU",551,"LJU-17","17","Gotland","Ljugarn",18.695397,57.319176,16,7,19,5,25,6,-0.343457933764543,0.28625165378761,-0.662732199384387,-0.396278094531094
"LJU",555,"LJU-20","20","Gotland","Ljugarn",18.695397,57.319176,16,7,19,5,25,6,-0.343457933764543,0.28625165378761,-0.662732199384387,-0.396278094531094
"LOM",265,"LOM-01","01","Lomma","South Lomma Bay",13.05485,55.67242,17,16,20,15,23,7,0.356100837694119,-0.528792618165885,-0.361252151788231,-0.117299280053907
"LOM",267,"LOM-02","02","Lomma","South Lomma Bay",13.05485,55.67242,17,16,20,15,23,7,0.356100837694119,-0.528792618165885,-0.361252151788231,-0.117299280053907
"LOM",268,"LOM-04","04","Lomma","South Lomma Bay",13.05485,55.67242,17,16,20,15,23,7,0.356100837694119,-0.528792618165885,-0.361252151788231,-0.117299280053907
"LOM",270,"LOM-05","05","Lomma","South Lomma Bay",13.05485,55.67242,17,16,20,15,23,7,0.356100837694119,-0.528792618165885,-0.361252151788231,-0.117299280053907
"LOM",273,"LOM-07","07","Lomma","South Lomma Bay",13.05485,55.67242,17,16,20,15,23,7,0.356100837694119,-0.528792618165885,-0.361252151788231,-0.117299280053907
"LOM",274,"LOM-10","10","Lomma","South Lomma Bay",13.05485,55.67242,17,16,20,15,23,7,0.356100837694119,-0.528792618165885,-0.361252151788231,-0.117299280053907
"LOM",275,"LOM-11","11","Lomma","South Lomma Bay",13.05485,55.67242,17,16,20,15,23,7,0.356100837694119,-0.528792618165885,-0.361252151788231,-0.117299280053907
"LOM",277,"LOM-12","12","Lomma","South Lomma Bay",13.05485,55.67242,17,16,20,15,23,7,0.356100837694119,-0.528792618165885,-0.361252151788231,-0.117299280053907
"LOM",278,"LOM-14","14","Lomma","South Lomma Bay",13.05485,55.67242,17,16,20,15,23,7,0.356100837694119,-0.528792618165885,-0.361252151788231,-0.117299280053907
"LOM",279,"LOM-16","16","Lomma","South Lomma Bay",13.05485,55.67242,17,16,20,15,23,7,0.356100837694119,-0.528792618165885,-0.361252151788231,-0.117299280053907
"LOM",280,"LOM-17","17","Lomma","South Lomma Bay",13.05485,55.67242,17,16,20,15,23,7,0.356100837694119,-0.528792618165885,-0.361252151788231,-0.117299280053907
"LOM",281,"LOM-18","18","Lomma","South Lomma Bay",13.05485,55.67242,17,16,20,15,23,7,0.356100837694119,-0.528792618165885,-0.361252151788231,-0.117299280053907
"LOM",282,"LOM-19","19","Lomma","South Lomma Bay",13.05485,55.67242,17,16,20,15,23,7,0.356100837694119,-0.528792618165885,-0.361252151788231,-0.117299280053907
"LOM",284,"LOM-20","20","Lomma","South Lomma Bay",13.05485,55.67242,17,16,20,15,23,7,0.356100837694119,-0.528792618165885,-0.361252151788231,-0.117299280053907
"NOV",138,"NOV-01","01","Sälöfjorden","N. Överön",11.728779,57.795244,19,18,21,17,23,6,0.70588022342345,-0.528792618165885,0.99540806239447,-0.396278094531094
"NOV",144,"NOV-04","04","Sälöfjorden","N. Överön",11.728779,57.795244,19,18,21,17,23,6,0.70588022342345,-0.528792618165885,0.99540806239447,-0.396278094531094
"NOV",147,"NOV-06","06","Sälöfjorden","N. Överön",11.728779,57.795244,19,18,21,17,23,6,0.70588022342345,-0.528792618165885,0.99540806239447,-0.396278094531094
"NOV",146,"NOV-08","08","Sälöfjorden","N. Överön",11.728779,57.795244,19,18,21,17,23,6,0.70588022342345,-0.528792618165885,0.99540806239447,-0.396278094531094
"NOV",148,"NOV-13","13","Sälöfjorden","N. Överön",11.728779,57.795244,19,18,21,17,23,6,0.70588022342345,-0.528792618165885,0.99540806239447,-0.396278094531094
"NOV",149,"NOV-14","14","Sälöfjorden","N. Överön",11.728779,57.795244,19,18,21,17,23,6,0.70588022342345,-0.528792618165885,0.99540806239447,-0.396278094531094
"NOV",150,"NOV-15","15","Sälöfjorden","N. Överön",11.728779,57.795244,19,18,21,17,23,6,0.70588022342345,-0.528792618165885,0.99540806239447,-0.396278094531094
"NOV",152,"NOV-18","18","Sälöfjorden","N. Överön",11.728779,57.795244,19,18,21,17,23,6,0.70588022342345,-0.528792618165885,0.99540806239447,-0.396278094531094
"NOV",153,"NOV-20","20","Sälöfjorden","N. Överön",11.728779,57.795244,19,18,21,17,23,6,0.70588022342345,-0.528792618165885,0.99540806239447,-0.396278094531094
"NYN",659,"NYN-02","02","Nynäshamn","Nynäshamn",17.9542217,58.8811079,17,7,21,5,26,6,-2.0923548624112,-0.121270482189138,-0.662732199384387,-0.67525690900828
"NYN",649,"NYN-03","03","Nynäshamn","Nynäshamn",17.9542217,58.8811079,17,7,21,5,26,6,-2.0923548624112,-0.121270482189138,-0.662732199384387,-0.67525690900828
"OSK",471,"OSK-01","01","Oskarshamn","Oskarshamn",16.583068,57.031518,15,7,17,6,24,6,-0.693237319493874,-0.121270482189138,-0.662732199384387,-0.396278094531094
"OSK",474,"OSK-06","06","Oskarshamn","Oskarshamn",16.583068,57.031518,15,7,17,6,24,6,-0.693237319493874,-0.121270482189138,-0.662732199384387,-0.396278094531094
"RAU",714,"RAU-01","01","Finland","Rauma",21.319105,61.052267,16,7,19,5,25,6,-0.343457933764543,-0.528792618165885,-0.964212246980543,-0.67525690900828
"SBR",154,"SBR-01","01","Göteborgs S skärgård","S. Brännö",11.79115,57.64159,19,17,21,16,23,1,0.70588022342345,-0.528792618165885,0.844668038596393,-1.79117216691703
"SBR",157,"SBR-02","02","Göteborgs S skärgård","S. Brännö",11.79115,57.64159,19,17,21,16,23,1,0.70588022342345,-0.528792618165885,0.844668038596393,-1.79117216691703
"SBR",159,"SBR-03","03","Göteborgs S skärgård","S. Brännö",11.79115,57.64159,19,17,21,16,23,1,0.70588022342345,-0.528792618165885,0.844668038596393,-1.79117216691703
"SBR",160,"SBR-04","04","Göteborgs S skärgård","S. Brännö",11.79115,57.64159,19,17,21,16,23,1,0.70588022342345,-0.528792618165885,0.844668038596393,-1.79117216691703
"SBR",161,"SBR-05","05","Göteborgs S skärgård","S. Brännö",11.79115,57.64159,19,17,21,16,23,1,0.70588022342345,-0.528792618165885,0.844668038596393,-1.79117216691703
"SBR",162,"SBR-07","07","Göteborgs S skärgård","S. Brännö",11.79115,57.64159,19,17,21,16,23,1,0.70588022342345,-0.528792618165885,0.844668038596393,-1.79117216691703
"SBR",163,"SBR-08","08","Göteborgs S skärgård","S. Brännö",11.79115,57.64159,19,17,21,16,23,1,0.70588022342345,-0.528792618165885,0.844668038596393,-1.79117216691703
"SBR",164,"SBR-09","09","Göteborgs S skärgård","S. Brännö",11.79115,57.64159,19,17,21,16,23,1,0.70588022342345,-0.528792618165885,0.844668038596393,-1.79117216691703
"SBR",165,"SBR-10","10","Göteborgs S skärgård","S. Brännö",11.79115,57.64159,19,17,21,16,23,1,0.70588022342345,-0.528792618165885,0.844668038596393,-1.79117216691703
"SBR",166,"SBR-11","11","Göteborgs S skärgård","S. Brännö",11.79115,57.64159,19,17,21,16,23,1,0.70588022342345,-0.528792618165885,0.844668038596393,-1.79117216691703
"SBR",167,"SBR-12","12","Göteborgs S skärgård","S. Brännö",11.79115,57.64159,19,17,21,16,23,1,0.70588022342345,-0.528792618165885,0.844668038596393,-1.79117216691703
"SBR",168,"SBR-13","13","Göteborgs S skärgård","S. Brännö",11.79115,57.64159,19,17,21,16,23,1,0.70588022342345,-0.528792618165885,0.844668038596393,-1.79117216691703
"SBR",169,"SBR-14","14","Göteborgs S skärgård","S. Brännö",11.79115,57.64159,19,17,21,16,23,1,0.70588022342345,-0.528792618165885,0.844668038596393,-1.79117216691703
"SBR",170,"SBR-15","15","Göteborgs S skärgård","S. Brännö",11.79115,57.64159,19,17,21,16,23,1,0.70588022342345,-0.528792618165885,0.844668038596393,-1.79117216691703
"SBR",171,"SBR-16","16","Göteborgs S skärgård","S. Brännö",11.79115,57.64159,19,17,21,16,23,1,0.70588022342345,-0.528792618165885,0.844668038596393,-1.79117216691703
"SBR",172,"SBR-17","17","Göteborgs S skärgård","S. Brännö",11.79115,57.64159,19,17,21,16,23,1,0.70588022342345,-0.528792618165885,0.844668038596393,-1.79117216691703
"SBR",173,"SBR-18","18","Göteborgs S skärgård","S. Brännö",11.79115,57.64159,19,17,21,16,23,1,0.70588022342345,-0.528792618165885,0.844668038596393,-1.79117216691703
"SBR",174,"SBR-19","19","Göteborgs S skärgård","S. Brännö",11.79115,57.64159,19,17,21,16,23,1,0.70588022342345,-0.528792618165885,0.844668038596393,-1.79117216691703
"SBR",175,"SBR-20","20","Göteborgs S skärgård","S. Brännö",11.79115,57.64159,19,17,21,16,23,1,0.70588022342345,-0.528792618165885,0.844668038596393,-1.79117216691703
"SKI",327,"SKI-01","01","Skillinge","Skillinge",14.2785,55.457556,18,9,20,7,23,7,-1.39279609095254,-0.528792618165885,-0.511992175586309,-0.117299280053907
"SKI",336,"SKI-04","04","Skillinge","Skillinge",14.2785,55.457556,18,9,20,7,23,7,-1.39279609095254,-0.528792618165885,-0.511992175586309,-0.117299280053907
"SKI",346,"SKI-14","14","Skillinge","Skillinge",14.2785,55.457556,18,9,20,7,23,7,-1.39279609095254,-0.528792618165885,-0.511992175586309,-0.117299280053907
"SLI",597,"SLI-02","02","Gotland","Slite",18.831167,57.713318,18,7,21,5,26,6,-0.343457933764543,0.28625165378761,-0.662732199384387,-0.396278094531094
"SLI",594,"SLI-04","04","Gotland","Slite",18.831167,57.713318,18,7,21,5,26,6,-0.343457933764543,0.28625165378761,-0.662732199384387,-0.396278094531094
"SLI",606,"SLI-05","05","Gotland","Slite",18.831167,57.713318,18,7,21,5,26,6,-0.343457933764543,0.28625165378761,-0.662732199384387,-0.396278094531094
"STE",116,"STE-01","01","Hake-Älgöfjorden","Stenungsund",11.81013,58.05143,18,22,20,20,23,12,0.356100837694119,-0.528792618165885,1.59836815758678,1.27759479233202
"STE",117,"STE-03","03","Hake-Älgöfjorden","Stenungsund",11.81013,58.05143,18,22,20,20,23,12,0.356100837694119,-0.528792618165885,1.59836815758678,1.27759479233202
"STE",118,"STE-04","04","Hake-Älgöfjorden","Stenungsund",11.81013,58.05143,18,22,20,20,23,12,0.356100837694119,-0.528792618165885,1.59836815758678,1.27759479233202
"STE",119,"STE-05","05","Hake-Älgöfjorden","Stenungsund",11.81013,58.05143,18,22,20,20,23,12,0.356100837694119,-0.528792618165885,1.59836815758678,1.27759479233202
"STE",135,"STE-06","06","Hake-Älgöfjorden","Stenungsund",11.81013,58.05143,18,22,20,20,23,12,0.356100837694119,-0.528792618165885,1.59836815758678,1.27759479233202
"STE",121,"STE-07","07","Hake-Älgöfjorden","Stenungsund",11.81013,58.05143,18,22,20,20,23,12,0.356100837694119,-0.528792618165885,1.59836815758678,1.27759479233202
"STE",122,"STE-09","09","Hake-Älgöfjorden","Stenungsund",11.81013,58.05143,18,22,20,20,23,12,0.356100837694119,-0.528792618165885,1.59836815758678,1.27759479233202
"STE",123,"STE-11","11","Hake-Älgöfjorden","Stenungsund",11.81013,58.05143,18,22,20,20,23,12,0.356100837694119,-0.528792618165885,1.59836815758678,1.27759479233202
"STE",124,"STE-12","12","Hake-Älgöfjorden","Stenungsund",11.81013,58.05143,18,22,20,20,23,12,0.356100837694119,-0.528792618165885,1.59836815758678,1.27759479233202
"STE",126,"STE-14","14","Hake-Älgöfjorden","Stenungsund",11.81013,58.05143,18,22,20,20,23,12,0.356100837694119,-0.528792618165885,1.59836815758678,1.27759479233202
"STE",127,"STE-17","17","Hake-Älgöfjorden","Stenungsund",11.81013,58.05143,18,22,20,20,23,12,0.356100837694119,-0.528792618165885,1.59836815758678,1.27759479233202
"STE",137,"STE-18","18","Hake-Älgöfjorden","Stenungsund",11.81013,58.05143,18,22,20,20,23,12,0.356100837694119,-0.528792618165885,1.59836815758678,1.27759479233202
"STE",131,"STE-19","19","Hake-Älgöfjorden","Stenungsund",11.81013,58.05143,18,22,20,20,23,12,0.356100837694119,-0.528792618165885,1.59836815758678,1.27759479233202
"STE",132,"STE-20","20","Hake-Älgöfjorden","Stenungsund",11.81013,58.05143,18,22,20,20,23,12,0.356100837694119,-0.528792618165885,1.59836815758678,1.27759479233202
"STE",133,"STE-02","02","Hake-Älgöfjorden","Stenungsund",11.81013,58.05143,18,22,20,20,23,12,0.356100837694119,-0.528792618165885,1.59836815758678,1.27759479233202
"STE",136,"STE-08","08","Hake-Älgöfjorden","Stenungsund",11.81013,58.05143,18,22,20,20,23,12,0.356100837694119,-0.528792618165885,1.59836815758678,1.27759479233202
"TAL",785,"TAL-01","01","Estonia","Tallinn",24.5688,59.4576,11,7,13,5,24,5,0.00632145196478833,-0.121270482189138,-0.813472223182465,-0.954235723485466
"TAL",801,"TAL-12","12","Estonia","Tallinn",24.5688,59.4576,11,7,13,5,24,5,0.00632145196478833,-0.121270482189138,-0.813472223182465,-0.954235723485466
"VHA",92,"VHA-01","01","Ellös-Havstenfjord","Väst Hjältön",11.60238,58.25641,16,25,18,24,25,13,-0.343457933764543,0.28625165378761,2.05058822898102,1.55657360680921
"VHA",93,"VHA-02","02","Ellös-Havstenfjord","Väst Hjältön",11.60238,58.25641,16,25,18,24,25,13,-0.343457933764543,0.28625165378761,2.05058822898102,1.55657360680921
"VHA",94,"VHA-03","03","Ellös-Havstenfjord","Väst Hjältön",11.60238,58.25641,16,25,18,24,25,13,-0.343457933764543,0.28625165378761,2.05058822898102,1.55657360680921
"VHA",96,"VHA-04","04","Ellös-Havstenfjord","Väst Hjältön",11.60238,58.25641,16,25,18,24,25,13,-0.343457933764543,0.28625165378761,2.05058822898102,1.55657360680921
"VHA",97,"VHA-06","06","Ellös-Havstenfjord","Väst Hjältön",11.60238,58.25641,16,25,18,24,25,13,-0.343457933764543,0.28625165378761,2.05058822898102,1.55657360680921
"VHA",98,"VHA-07","07","Ellös-Havstenfjord","Väst Hjältön",11.60238,58.25641,16,25,18,24,25,13,-0.343457933764543,0.28625165378761,2.05058822898102,1.55657360680921
"VHA",99,"VHA-08","08","Ellös-Havstenfjord","Väst Hjältön",11.60238,58.25641,16,25,18,24,25,13,-0.343457933764543,0.28625165378761,2.05058822898102,1.55657360680921
"VHA",100,"VHA-09","09","Ellös-Havstenfjord","Väst Hjältön",11.60238,58.25641,16,25,18,24,25,13,-0.343457933764543,0.28625165378761,2.05058822898102,1.55657360680921
"VHA",101,"VHA-10","10","Ellös-Havstenfjord","Väst Hjältön",11.60238,58.25641,16,25,18,24,25,13,-0.343457933764543,0.28625165378761,2.05058822898102,1.55657360680921
"VHA",102,"VHA-11","11","Ellös-Havstenfjord","Väst Hjältön",11.60238,58.25641,16,25,18,24,25,13,-0.343457933764543,0.28625165378761,2.05058822898102,1.55657360680921
"VHA",104,"VHA-13","13","Ellös-Havstenfjord","Väst Hjältön",11.60238,58.25641,16,25,18,24,25,13,-0.343457933764543,0.28625165378761,2.05058822898102,1.55657360680921
"VHA",106,"VHA-15","15","Ellös-Havstenfjord","Väst Hjältön",11.60238,58.25641,16,25,18,24,25,13,-0.343457933764543,0.28625165378761,2.05058822898102,1.55657360680921
"VHA",107,"VHA-16","16","Ellös-Havstenfjord","Väst Hjältön",11.60238,58.25641,16,25,18,24,25,13,-0.343457933764543,0.28625165378761,2.05058822898102,1.55657360680921
"VHA",108,"VHA-17","17","Ellös-Havstenfjord","Väst Hjältön",11.60238,58.25641,16,25,18,24,25,13,-0.343457933764543,0.28625165378761,2.05058822898102,1.55657360680921
"VHA",110,"VHA-18","18","Ellös-Havstenfjord","Väst Hjältön",11.60238,58.25641,16,25,18,24,25,13,-0.343457933764543,0.28625165378761,2.05058822898102,1.55657360680921
"VHA",112,"VHA-19","19","Ellös-Havstenfjord","Väst Hjältön",11.60238,58.25641,16,25,18,24,25,13,-0.343457933764543,0.28625165378761,2.05058822898102,1.55657360680921
"VHA",115,"VHA-20","20","Ellös-Havstenfjord","Väst Hjältön",11.60238,58.25641,16,25,18,24,25,13,-0.343457933764543,0.28625165378761,2.05058822898102,1.55657360680921
"YST",312,"YST-01","01","Gamla Staden-Sandskogen","Ystad",13.84636159,55.42155879,17,16,19,15,23,7,0.00632145196478833,-0.528792618165885,-0.511992175586309,-0.117299280053907
"YST",315,"YST-11","11","Gamla Staden-Sandskogen","Ystad",13.84636159,55.42155879,17,16,19,15,23,7,0.00632145196478833,-0.528792618165885,-0.511992175586309,-0.117299280053907
"YST",317,"YST-15","15","Gamla Staden-Sandskogen","Ystad",13.84636159,55.42155879,17,16,19,15,23,7,0.00632145196478833,-0.528792618165885,-0.511992175586309,-0.117299280053907
"YST",321,"YST-09","09","Gamla Staden-Sandskogen","Ystad",13.84636159,55.42155879,17,16,19,15,23,7,0.00632145196478833,-0.528792618165885,-0.511992175586309,-0.117299280053907
"YST",326,"YST-18","18","Gamla Staden-Sandskogen","Ystad",13.84636159,55.42155879,17,16,19,15,23,7,0.00632145196478833,-0.528792618165885,-0.511992175586309,-0.117299280053907
