"","pop","trt","bagnum","cc","offset"
"1","HOR","TempControl-21psu",1,"mll",18.3435917635673
"2","HOR","TempControl-21psu",1,"full",20.5190810604925
"3","KUR","TempControl-21psu",2,"mll",15.9784936026227
"4","KUR","TempControl-21psu",2,"full",17.7222620911387
"5","BAR","TempControl-21psu",3,"mll",9.93720934556229
"6","BAR","TempControl-21psu",3,"full",11.9647482883892
"7","HOG","TempControl-21psu",4,"mll",9.31349046624618
"8","HOG","TempControl-21psu",4,"full",11.1769583415268
"9","VIK","TempControl-21psu",5,"mll",5.27060864226356
"10","VIK","TempControl-21psu",5,"full",6.52628737948454
"11","VAT","TempControl-21psu",6,"mll",3.21010579993693
"12","VAT","TempControl-21psu",6,"full",5.42459783785342
"13","KAL","TempControl-21psu",7,"mll",17.1867982823743
"14","KAL","TempControl-21psu",7,"full",18.8614352728152
"15","BJO","TempControl-21psu",8,"mll",18.6491411261628
"16","BJO","TempControl-21psu",8,"full",20.7720707396031
"17","KAL","TempControl-7psu",9,"mll",0.728400063882681
"18","KAL","TempControl-7psu",9,"full",0.997734620114856
"19","KUR","TempControl-7psu",10,"mll",0.67247780966267
"20","KUR","TempControl-7psu",10,"full",0.340243727401446
"21","BJO","TempControl-7psu",11,"mll",2.65772996134216
"22","BJO","TempControl-7psu",11,"full",3.40805402124404
"23","VIK","TempControl-7psu",12,"mll",10.8503715020689
"24","VIK","TempControl-7psu",12,"full",10.9626503224598
"25","VAT","TempControl-7psu",13,"mll",13.2578116823816
"26","VAT","TempControl-7psu",13,"full",12.4391028148469
"27","HOR","TempControl-7psu",14,"mll",1.57890998151084
"28","HOR","TempControl-7psu",14,"full",2.30346483795992
"29","HOG","TempControl-7psu",15,"mll",7.15458615877134
"30","HOG","TempControl-7psu",15,"full",6.68674231117348
"31","BAR","TempControl-7psu",16,"mll",6.33572290798228
"32","BAR","TempControl-7psu",16,"full",5.70014719847132
"33","VIK","TempControl-21psu",17,"mll",5.38559644894574
"34","VIK","TempControl-21psu",17,"full",6.65120836306985
"35","HOG","TempControl-21psu",18,"mll",9.08340105807764
"36","HOG","TempControl-21psu",18,"full",10.9271163743562
"37","VAT","TempControl-21psu",19,"mll",3.21010579993693
"38","VAT","TempControl-21psu",19,"full",5.42459783785342
"39","BJO","TempControl-21psu",20,"mll",18.6097904528672
"40","BJO","TempControl-21psu",20,"full",20.7210339382722
"41","BAR","TempControl-21psu",21,"mll",9.93720934556229
"42","BAR","TempControl-21psu",21,"full",11.9647482883892
"43","KAL","TempControl-21psu",22,"mll",17.0717022930436
"44","KAL","TempControl-21psu",22,"full",18.7365142892298
"45","HOR","TempControl-21psu",23,"mll",18.2678218304314
"46","HOR","TempControl-21psu",23,"full",20.445196878238
"47","KUR","TempControl-21psu",24,"mll",15.9027362948048
"48","KUR","TempControl-21psu",24,"full",17.6483779088842
"49","VAT","TempControl-7psu",25,"mll",13.1427312419899
"50","VAT","TempControl-7psu",25,"full",12.3141818312616
"51","HOG","TempControl-7psu",26,"mll",7.15458615877134
"52","HOG","TempControl-7psu",26,"full",6.68674231117348
"53","VIK","TempControl-7psu",27,"mll",10.8503715020689
"54","VIK","TempControl-7psu",27,"full",10.9626503224598
"55","BAR","TempControl-7psu",28,"mll",6.4115016132138
"56","BAR","TempControl-7psu",28,"full",5.77403138072581
"57","KUR","TempControl-7psu",29,"mll",0.44297267399165
"58","KUR","TempControl-7psu",29,"full",0.0904017602308111
"59","KAL","TempControl-7psu",30,"mll",0.728400063882681
"60","KAL","TempControl-7psu",30,"full",0.997734620114856
"61","HOR","TempControl-7psu",31,"mll",1.81132316595393
"62","HOR","TempControl-7psu",31,"full",2.58149622553771
"63","BJO","TempControl-7psu",32,"mll",2.50365793660756
"64","BJO","TempControl-7psu",32,"full",3.2320962363279
"65","VIK","TempControl-21psu",33,"mll",5.24340924323495
"66","VIK","TempControl-21psu",33,"full",6.49184015561648
"67","VAT","TempControl-21psu",34,"mll",3.29896206691415
"68","VAT","TempControl-21psu",34,"full",5.51507159757068
"69","HOR","TempControl-21psu",35,"mll",18.0443240590028
"70","HOR","TempControl-21psu",35,"full",20.183755068123
"71","BJO","TempControl-21psu",36,"mll",18.6595342248362
"72","BJO","TempControl-21psu",36,"full",20.7886603170658
"73","KAL","TempControl-21psu",37,"mll",16.9270520341373
"74","KAL","TempControl-21psu",37,"full",18.5771460817765
"75","BAR","TempControl-21psu",38,"mll",9.79367385718465
"76","BAR","TempControl-21psu",38,"full",11.8053800809358
"77","HOG","TempControl-21psu",39,"mll",9.05543731712603
"78","HOG","TempControl-21psu",39,"full",10.8926691504881
"79","KUR","TempControl-21psu",40,"mll",15.7582840860868
"80","KUR","TempControl-21psu",40,"full",17.4890097014308
"81","VAT","TempControl-7psu",41,"mll",13.364017086605
"82","VAT","TempControl-7psu",41,"full",12.5474342209694
"83","HOG","TempControl-7psu",42,"mll",7.26187587348261
"84","HOG","TempControl-7psu",42,"full",6.79507371729603
"85","BJO","TempControl-7psu",43,"mll",2.67178973506293
"86","BJO","TempControl-7psu",43,"full",3.42464359870681
"87","KUR","TempControl-7psu",44,"mll",0.479055958689112
"88","KUR","TempControl-7psu",44,"full",0.124848984098862
"89","BAR","TempControl-7psu",45,"mll",6.63348620186405
"90","BAR","TempControl-7psu",45,"full",6.00728377043367
"91","VIK","TempControl-7psu",46,"mll",11.1869438491669
"92","VIK","TempControl-7psu",46,"full",11.320823695753
"93","KAL","TempControl-7psu",47,"mll",0.583926168502749
"94","KAL","TempControl-7psu",47,"full",0.838366412661489
"95","HOR","TempControl-7psu",48,"mll",1.7041174575539
"96","HOR","TempControl-7psu",48,"full",2.47316481941517
"97","HOG","TempControl-21psu",49,"mll",9.1704612177029
"98","HOG","TempControl-21psu",49,"full",11.0175901340734
"99","BJO","TempControl-21psu",50,"mll",18.390010004858
"100","BJO","TempControl-21psu",50,"full",20.4877815485644
"101","HOR","TempControl-21psu",51,"mll",18.2380784183774
"102","HOR","TempControl-21psu",51,"full",20.4107496543699
"103","KAL","TempControl-21psu",52,"mll",17.0814846494137
"104","KAL","TempControl-21psu",52,"full",18.7531038666926
"105","VAT","TempControl-21psu",53,"mll",3.06957290813287
"106","VAT","TempControl-21psu",53,"full",5.26522963040005
"107","KUR","TempControl-21psu",54,"mll",15.7582840860868
"108","KUR","TempControl-21psu",54,"full",17.4890097014308
"109","VIK","TempControl-21psu",55,"mll",5.12847978955212
"110","VIK","TempControl-21psu",55,"full",6.36691917203117
"111","BAR","TempControl-21psu",56,"mll",9.67861468478275
"112","BAR","TempControl-21psu",56,"full",11.6804590973505
"113","KUR","TempControl-7psu",57,"mll",0.553932702249045
"114","KUR","TempControl-7psu",57,"full",0.198733166353355
"115","BJO","TempControl-7psu",58,"mll",2.40346954381631
"116","BJO","TempControl-7psu",58,"full",3.12376483020536
"117","KAL","TempControl-7psu",59,"mll",0.623297589914756
"118","KAL","TempControl-7psu",59,"full",0.889403213992312
"119","HOR","TempControl-7psu",60,"mll",1.8191754117877
"120","HOR","TempControl-7psu",60,"full",2.59808580300048
"121","VIK","TempControl-7psu",61,"mll",11.071884360776
"122","VIK","TempControl-7psu",61,"full",11.1959027121677
"123","HOG","TempControl-7psu",62,"mll",7.37685884423018
"124","HOG","TempControl-7psu",62,"full",6.91999470088134
"125","BAR","TempControl-7psu",63,"mll",6.63348620186405
"126","BAR","TempControl-7psu",63,"full",6.00728377043367
"127","VAT","TempControl-7psu",64,"mll",13.288235956057
"128","VAT","TempControl-7psu",64,"full",12.4735500387149
"129","VIK","TempWarm-16psu",65,"mll",1.37196576151478
"130","VIK","TempWarm-16psu",65,"full",0.456904529352036
"131","KAL","TempWarm-16psu",66,"mll",10.7514295735774
"132","KAL","TempWarm-16psu",66,"full",12.5932472568428
"133","HOG","TempWarm-16psu",67,"mll",3.01708223693893
"134","HOG","TempWarm-16psu",67,"full",4.90877032555449
"135","KUR","TempWarm-16psu",68,"mll",9.70471343614087
"136","KUR","TempWarm-16psu",68,"full",11.6300318600825
"137","BJO","TempWarm-16psu",69,"mll",12.149688113434
"138","BJO","TempWarm-16psu",69,"full",14.4299985413763
"139","BAR","TempWarm-16psu",70,"mll",3.8176263123129
"140","BAR","TempWarm-16psu",70,"full",5.94640223958748
"141","VAT","TempWarm-16psu",71,"mll",3.45731166627343
"142","VAT","TempWarm-16psu",71,"full",0.917474360373389
"143","HOR","TempWarm-16psu",72,"mll",11.9411990821929
"144","HOR","TempWarm-16psu",72,"full",14.301929845851
"145","KAL","TempWarm-5psu",73,"mll",2.01292066249279
"146","KAL","TempWarm-5psu",73,"full",1.09702413621118
"147","HOR","TempWarm-5psu",74,"mll",0.957917193285025
"148","HOR","TempWarm-5psu",74,"full",0.560621651466165
"149","VAT","TempWarm-5psu",75,"mll",15.9029174443431
"150","VAT","TempWarm-5psu",75,"full",14.5338615711729
"151","BAR","TempWarm-5psu",76,"mll",9.15062463016772
"152","BAR","TempWarm-5psu",76,"full",7.95676902950992
"153","VIK","TempWarm-5psu",77,"mll",13.6153878030369
"154","VIK","TempWarm-5psu",77,"full",13.1823300623712
"155","KUR","TempWarm-5psu",78,"mll",3.1897747647526
"156","KUR","TempWarm-5psu",78,"full",2.23619731788767
"157","BJO","TempWarm-5psu",79,"mll",0.918544196788266
"158","BJO","TempWarm-5psu",79,"full",1.313295264918
"159","HOG","TempWarm-5psu",80,"mll",9.93318522321415
"160","HOG","TempWarm-5psu",80,"full",8.90642205108484
"161","KAL","TempWarm-16psu",81,"mll",10.5217169656044
"162","KAL","TempWarm-16psu",81,"full",12.3434052896722
"163","BJO","TempWarm-16psu",82,"mll",12.7235976272027
"164","BJO","TempWarm-16psu",82,"full",15.0546034593028
"165","BAR","TempWarm-16psu",83,"mll",3.70593208583178
"166","BAR","TempWarm-16psu",83,"full",5.82148125600216
"167","HOR","TempWarm-16psu",84,"mll",11.865626820996
"168","HOR","TempWarm-16psu",84,"full",14.2280456635965
"169","HOG","TempWarm-16psu",85,"mll",2.90851974265602
"170","HOG","TempWarm-16psu",85,"full",4.78384934196917
"171","VIK","TempWarm-16psu",86,"mll",1.40106486226857
"172","VIK","TempWarm-16psu",86,"full",0.434057148428364
"173","VAT","TempWarm-16psu",87,"mll",3.4947619476185
"174","VAT","TempWarm-16psu",87,"full",0.968511161704214
"175","KUR","TempWarm-16psu",88,"mll",9.58996677406364
"176","KUR","TempWarm-16psu",88,"full",11.5051108764972
"177","HOG","TempWarm-5psu",89,"mll",9.93318522321415
"178","HOG","TempWarm-5psu",89,"full",8.90642205108484
"179","BAR","TempWarm-5psu",90,"mll",9.18840400363058
"180","BAR","TempWarm-5psu",90,"full",7.99371112063717
"181","BJO","TempWarm-5psu",91,"mll",0.918544196788266
"182","BJO","TempWarm-5psu",91,"full",1.313295264918
"183","KUR","TempWarm-5psu",92,"mll",3.15196952649909
"184","KUR","TempWarm-5psu",92,"full",2.18516051655685
"185","KAL","TempWarm-5psu",93,"mll",2.01292066249279
"186","KAL","TempWarm-5psu",93,"full",1.09702413621118
"187","VIK","TempWarm-5psu",94,"mll",13.6153878030369
"188","VIK","TempWarm-5psu",94,"full",13.1823300623712
"189","HOR","TempWarm-5psu",95,"mll",1.04884861139335
"190","HOR","TempWarm-5psu",95,"full",0.435700667880848
"191","VAT","TempWarm-5psu",96,"mll",15.9029174443431
"192","VAT","TempWarm-5psu",96,"full",14.5338615711729
"193","HOG","TempWarm-16psu",97,"mll",2.6834435975181
"194","HOG","TempWarm-16psu",97,"full",4.44880525753046
"195","BJO","TempWarm-16psu",98,"mll",12.3659991154047
"196","BJO","TempWarm-16psu",98,"full",14.6685225735333
"197","VAT","TempWarm-16psu",99,"mll",3.8420192120427
"198","VAT","TempWarm-16psu",99,"full",1.2525184448121
"199","BAR","TempWarm-16psu",100,"mll",3.26537301253189
"200","BAR","TempWarm-16psu",100,"full",5.28763200572365
"201","VIK","TempWarm-16psu",101,"mll",1.91710008191528
"202","VIK","TempWarm-16psu",101,"full",0.0769447209264871
"203","HOR","TempWarm-16psu",102,"mll",11.2736479939498
"204","HOR","TempWarm-16psu",102,"full",13.5921228106563
"205","KAL","TempWarm-16psu",103,"mll",10.3562143254632
"206","KAL","TempWarm-16psu",103,"full",12.1843189901496
"207","KUR","TempWarm-16psu",104,"mll",9.04512299022962
"208","KUR","TempWarm-16psu",104,"full",10.9202248248878
"209","KAL","TempWarm-5psu",105,"mll",2.29913648072349
"210","KAL","TempWarm-5psu",105,"full",1.30714723706458
"211","VIK","TempWarm-5psu",106,"mll",13.9680015162396
"212","VIK","TempWarm-5psu",106,"full",13.5173741468099
"213","BJO","TempWarm-5psu",107,"mll",1.21071020130768
"214","BJO","TempWarm-5psu",107,"full",0.853330196893978
"215","KUR","TempWarm-5psu",108,"mll",3.64425792014978
"216","KUR","TempWarm-5psu",108,"full",2.64512558458088
"217","VAT","TempWarm-5psu",109,"mll",16.3680968184523
"218","VAT","TempWarm-5psu",109,"full",14.9938266391969
"219","BAR","TempWarm-5psu",110,"mll",9.66133584400463
"220","BAR","TempWarm-5psu",110,"full",8.45367618866119
"221","HOR","TempWarm-5psu",111,"mll",1.5127598836458
"222","HOR","TempWarm-5psu",111,"full",0.0267724011876448
"223","HOG","TempWarm-5psu",112,"mll",10.4060488039206
"224","HOG","TempWarm-5psu",112,"full",9.36638711910887
"225","KAL","TempWarm-16psu",113,"mll",10.4315404065202
"226","KAL","TempWarm-16psu",113,"full",12.2582031724041
"227","BAR","TempWarm-16psu",114,"mll",3.15758624302403
"228","BAR","TempWarm-16psu",114,"full",5.16271102213833
"229","KUR","TempWarm-16psu",115,"mll",9.23644303548031
"230","KUR","TempWarm-16psu",115,"full",11.1331247009312
"231","HOR","TempWarm-16psu",116,"mll",11.4277887691676
"232","HOR","TempWarm-16psu",116,"full",13.7680805955725
"233","HOG","TempWarm-16psu",117,"mll",2.5150174437517
"234","HOG","TempWarm-16psu",117,"full",4.25000009169066
"235","BJO","TempWarm-16psu",118,"mll",12.1761159053409
"236","BJO","TempWarm-16psu",118,"full",14.4697174076935
"237","VAT","TempWarm-16psu",119,"mll",3.8420192120427
"238","VAT","TempWarm-16psu",119,"full",1.2525184448121
"239","VIK","TempWarm-16psu",120,"mll",1.91710008191528
"240","VIK","TempWarm-16psu",120,"full",0.0769447209264871
"241","HOR","TempWarm-5psu",121,"mll",1.5127598836458
"242","HOR","TempWarm-5psu",121,"full",0.0267724011876448
"243","BJO","TempWarm-5psu",122,"mll",1.21071020130768
"244","BJO","TempWarm-5psu",122,"full",0.853330196893978
"245","KUR","TempWarm-5psu",123,"mll",3.64425792014978
"246","KUR","TempWarm-5psu",123,"full",2.64512558458088
"247","HOG","TempWarm-5psu",124,"mll",10.634732990281
"248","HOG","TempWarm-5psu",124,"full",9.6162290862795
"249","VAT","TempWarm-5psu",125,"mll",16.4829129097809
"250","VAT","TempWarm-5psu",125,"full",15.1187476227823
"251","KAL","TempWarm-5psu",126,"mll",2.44123518542864
"252","KAL","TempWarm-5psu",126,"full",1.48310502198072
"253","BAR","TempWarm-5psu",127,"mll",9.66133584400463
"254","BAR","TempWarm-5psu",127,"full",8.45367618866119
"255","VIK","TempWarm-5psu",128,"mll",14.0070588224228
"256","VIK","TempWarm-5psu",128,"full",13.5684109481407
"257","BAR","TempWarm-16psu",129,"mll",3.83038533473358
"258","BAR","TempWarm-16psu",129,"full",5.98759625775201
"259","HOG","TempWarm-16psu",130,"mll",3.06215903913335
"260","HOG","TempWarm-16psu",130,"full",4.98690643484627
"261","HOR","TempWarm-16psu",131,"mll",12.1133119505891
"262","HOR","TempWarm-16psu",131,"full",14.5049869387281
"263","VAT","TempWarm-16psu",132,"mll",3.24465310620192
"264","VAT","TempWarm-16psu",132,"full",0.691569886572626
"265","BJO","TempWarm-16psu",133,"mll",12.855433910417
"266","BJO","TempWarm-16psu",133,"full",15.2066237508491
"267","KAL","TempWarm-16psu",134,"mll",10.9607775075035
"268","KAL","TempWarm-16psu",134,"full",12.8332464408472
"269","VIK","TempWarm-16psu",135,"mll",1.36271291540632
"270","VIK","TempWarm-16psu",135,"full",0.461156456389319
"271","KUR","TempWarm-16psu",136,"mll",9.45428959539448
"272","KUR","TempWarm-16psu",136,"full",11.3703471097456
"273","KAL","TempWarm-5psu",137,"mll",2.05534060219348
"274","KAL","TempWarm-5psu",137,"full",1.1579037207083
"275","BAR","TempWarm-5psu",138,"mll",9.0886820610644
"276","BAR","TempWarm-5psu",138,"full",7.87863292021814
"277","KUR","TempWarm-5psu",139,"mll",3.04970046643337
"278","KUR","TempWarm-5psu",139,"full",2.07008231613783
"279","HOR","TempWarm-5psu",140,"mll",1.01257217876789
"280","HOR","TempWarm-5psu",140,"full",0.476894686045379
"281","BJO","TempWarm-5psu",141,"mll",0.883407104035383
"282","BJO","TempWarm-5psu",141,"full",1.30345248175171
"283","VAT","TempWarm-5psu",142,"mll",15.8042874000713
"284","VAT","TempWarm-5psu",142,"full",14.4187833707539
"285","VIK","TempWarm-5psu",143,"mll",13.4785990148222
"286","VIK","TempWarm-5psu",143,"full",13.0303097708249
"287","HOG","TempWarm-5psu",144,"mll",9.83345452622318
"288","HOG","TempWarm-5psu",144,"full",8.79134385066582
"289","BJO","TempWarm-16psu",145,"mll",12.8931671768543
"290","BJO","TempWarm-16psu",145,"full",15.2435658419764
"291","VIK","TempWarm-16psu",146,"mll",1.39121960588759
"292","VIK","TempWarm-16psu",146,"full",0.410119655058494
"293","KUR","TempWarm-16psu",147,"mll",9.41658320603776
"294","KUR","TempWarm-16psu",147,"full",11.3334050186183
"295","KAL","TempWarm-16psu",148,"mll",10.5406074076771
"296","KAL","TempWarm-16psu",148,"full",12.3845993078367
"297","BAR","TempWarm-16psu",149,"mll",3.64321465883749
"298","BAR","TempWarm-16psu",149,"full",5.77469638170863
"299","HOR","TempWarm-16psu",150,"mll",11.9211833925205
"300","HOR","TempWarm-16psu",150,"full",14.2920870626847
"301","HOG","TempWarm-16psu",151,"mll",2.98857734949309
"302","HOG","TempWarm-16psu",151,"full",4.8989275423882
"303","VAT","TempWarm-16psu",152,"mll",3.50340956772601
"304","VAT","TempWarm-16psu",152,"full",0.978353944870504
"305","KUR","TempWarm-5psu",153,"mll",3.12460018801871
"306","KUR","TempWarm-5psu",153,"full",2.1580612085959
"307","BAR","TempWarm-5psu",154,"mll",9.0886820610644
"308","BAR","TempWarm-5psu",154,"full",7.87863292021814
"309","BJO","TempWarm-5psu",155,"mll",0.883407104035383
"310","BJO","TempWarm-5psu",155,"full",1.30345248175171
"311","HOG","TempWarm-5psu",156,"mll",9.83345452622318
"312","HOG","TempWarm-5psu",156,"full",8.79134385066582
"313","VAT","TempWarm-5psu",157,"mll",15.8813313275026
"314","VAT","TempWarm-5psu",157,"full",14.506762263212
"315","VIK","TempWarm-5psu",158,"mll",13.5555831085556
"316","VIK","TempWarm-5psu",158,"full",13.118288663283
"317","KAL","TempWarm-5psu",159,"mll",1.98253986140047
"318","KAL","TempWarm-5psu",159,"full",1.06992482825023
"319","HOR","TempWarm-5psu",160,"mll",0.981283538855868
"320","HOR","TempWarm-5psu",160,"full",0.513836777172625
"321","BAR","TempWarm-16psu",161,"mll",3.76892964864159
"322","BAR","TempWarm-16psu",161,"full",5.91009418293149
"323","HOG","TempWarm-16psu",162,"mll",3.14452486082988
"324","HOG","TempWarm-16psu",162,"full",5.0712674347383
"325","VAT","TempWarm-16psu",163,"mll",3.32284229240454
"326","VAT","TempWarm-16psu",163,"full",0.8060140525204
"327","KAL","TempWarm-16psu",164,"mll",11.6304150501402
"328","KAL","TempWarm-16psu",164,"full",13.5281176484622
"329","VIK","TempWarm-16psu",165,"mll",1.31956192665585
"330","VIK","TempWarm-16psu",165,"full",0.471633274026861
"331","KUR","TempWarm-16psu",166,"mll",9.62720233418012
"332","KUR","TempWarm-16psu",166,"full",11.5426870020957
"333","BJO","TempWarm-16psu",167,"mll",12.721873126037
"334","BJO","TempWarm-16psu",167,"full",15.0411427835705
"335","HOR","TempWarm-16psu",168,"mll",11.8276626243976
"336","HOR","TempWarm-16psu",168,"full",14.1776428967369
"337","KAL","TempWarm-5psu",169,"mll",1.98481810691057
"338","KAL","TempWarm-5psu",169,"full",1.11048481194351
"339","HOR","TempWarm-5psu",170,"mll",0.939699053644122
"340","HOR","TempWarm-5psu",170,"full",0.524313594810168
"341","VIK","TempWarm-5psu",171,"mll",13.5297896781986
"342","VIK","TempWarm-5psu",171,"full",13.1078118456454
"343","KUR","TempWarm-5psu",172,"mll",3.13119420313822
"344","KUR","TempWarm-5psu",172,"full",2.19862119228918
"345","BAR","TempWarm-5psu",173,"mll",9.10083324445964
"346","BAR","TempWarm-5psu",173,"full",7.91919290391142
"347","BJO","TempWarm-5psu",174,"mll",0.85002639335602
"348","BJO","TempWarm-5psu",174,"full",1.38781348164375
"349","VAT","TempWarm-5psu",175,"mll",15.8180540202373
"350","VAT","TempWarm-5psu",175,"full",14.4593433544472
"351","HOG","TempWarm-5psu",176,"mll",9.76877756366098
"352","HOG","TempWarm-5psu",176,"full",8.74392494190103
"353","KAL","TempWarm-16psu",177,"mll",10.8275229776186
"354","KAL","TempWarm-16psu",177,"full",12.6677654735686
"355","HOG","TempWarm-16psu",178,"mll",3.0725866869746
"356","HOG","TempWarm-16psu",178,"full",4.99738325248381
"357","BJO","TempWarm-16psu",179,"mll",12.9138248816805
"358","BJO","TempWarm-16psu",179,"full",15.2540426596139
"359","KUR","TempWarm-16psu",180,"mll",9.58947594483437
"360","KUR","TempWarm-16psu",180,"full",11.5057449109684
"361","VIK","TempWarm-16psu",181,"mll",1.29067938999938
"362","VIK","TempWarm-16psu",181,"full",0.508575365154107
"363","BAR","TempWarm-16psu",182,"mll",3.69347948387117
"364","BAR","TempWarm-16psu",182,"full",5.82211529047342
"365","HOR","TempWarm-16psu",183,"mll",12.0182474676763
"366","HOR","TempWarm-16psu",183,"full",14.3764480625767
"367","VAT","TempWarm-16psu",184,"mll",3.35968756487634
"368","VAT","TempWarm-16psu",184,"full",0.842956143647646
"369","BJO","TempWarm-5psu",185,"mll",0.864312899271829
"370","BJO","TempWarm-5psu",185,"full",1.47579237410182
"371","KUR","TempWarm-5psu",186,"mll",3.05603970637848
"372","KUR","TempWarm-5psu",186,"full",2.11064229983111
"373","KAL","TempWarm-5psu",187,"mll",1.91178528808434
"374","KAL","TempWarm-5psu",187,"full",1.02250591948544
"375","HOR","TempWarm-5psu",188,"mll",0.641629044038676
"376","HOR","TempWarm-5psu",188,"full",0.972960727820612
"377","VAT","TempWarm-5psu",189,"mll",15.8180540202373
"378","VAT","TempWarm-5psu",189,"full",14.4593433544472
"379","VIK","TempWarm-5psu",190,"mll",13.4919316462744
"380","VIK","TempWarm-5psu",190,"full",13.0708697545182
"381","HOG","TempWarm-5psu",191,"mll",9.76877756366098
"382","HOG","TempWarm-5psu",191,"full",8.74392494190103
"383","BAR","TempWarm-5psu",192,"mll",9.10083324445964
"384","BAR","TempWarm-5psu",192,"full",7.91919290391142
"385","HOR","TempWarm-16psu",193,"mll",11.8595167602951
"386","HOR","TempWarm-16psu",193,"full",14.2100387771213
"387","KUR","TempWarm-16psu",194,"mll",9.73698577193815
"388","KUR","TempWarm-16psu",194,"full",11.6630617749381
"389","BJO","TempWarm-16psu",195,"mll",12.8298981212163
"390","BJO","TempWarm-16psu",195,"full",15.1474228462094
"391","KAL","TempWarm-16psu",196,"mll",10.9762503253191
"392","KAL","TempWarm-16psu",196,"full",12.8391770477418
"393","BAR","TempWarm-16psu",197,"mll",3.5828282439875
"394","BAR","TempWarm-16psu",197,"full",5.69264809614522
"395","VIK","TempWarm-16psu",198,"mll",1.34940172070617
"396","VIK","TempWarm-16psu",198,"full",0.45299235308041
"397","HOG","TempWarm-16psu",199,"mll",3.00286765863335
"398","HOG","TempWarm-16psu",199,"full",4.90485814928287
"399","VAT","TempWarm-16psu",200,"mll",3.30328947445613
"400","VAT","TempWarm-16psu",200,"full",0.773618172136027
"401","VAT","TempWarm-5psu",201,"mll",15.9048486422911
"402","VAT","TempWarm-5psu",201,"full",14.5518684576481
"403","BJO","TempWarm-5psu",202,"mll",0.886028814100693
"404","BJO","TempWarm-5psu",202,"full",1.38326727090087
"405","KUR","TempWarm-5psu",203,"mll",3.14696022060454
"406","KUR","TempWarm-5psu",203,"full",2.20316740303205
"407","HOG","TempWarm-5psu",204,"mll",9.7811911471998
"408","HOG","TempWarm-5psu",204,"full",8.76256586284748
"409","HOR","TempWarm-5psu",205,"mll",1.03024902881415
"410","HOR","TempWarm-5psu",205,"full",0.431788491609221
"411","KAL","TempWarm-5psu",206,"mll",2.04005051945155
"412","KAL","TempWarm-5psu",206,"full",1.15197311381363
"413","VIK","TempWarm-5psu",207,"mll",13.5790502847748
"414","VIK","TempWarm-5psu",207,"full",13.1633948577191
"415","BAR","TempWarm-5psu",208,"mll",9.15098717161441
"416","BAR","TempWarm-5psu",208,"full",7.97477591598512
"417","VIK","TempWarm-16psu",209,"mll",1.3783687443704
"418","VIK","TempWarm-16psu",209,"full",0.416050261953159
"419","BAR","TempWarm-16psu",210,"mll",3.61937720843851
"420","BAR","TempWarm-16psu",210,"full",5.72959018727247
"421","HOG","TempWarm-16psu",211,"mll",2.96502179856266
"422","HOG","TempWarm-16psu",211,"full",4.85382134795204
"423","KUR","TempWarm-16psu",212,"mll",9.73534834827778
"424","KUR","TempWarm-16psu",212,"full",11.6489670647345
"425","BJO","TempWarm-16psu",213,"mll",12.6789699490039
"426","BJO","TempWarm-16psu",213,"full",14.9996544817004
"427","KAL","TempWarm-16psu",214,"mll",11.166679670522
"428","KAL","TempWarm-16psu",214,"full",13.0379822135816
"429","HOR","TempWarm-16psu",215,"mll",11.8217226162279
"430","HOR","TempWarm-16psu",215,"full",14.1730966859941
"431","VAT","TempWarm-16psu",216,"mll",3.3767713914134
"432","VAT","TempWarm-16psu",216,"full",0.847502354390518
"433","KUR","TempWarm-5psu",217,"mll",3.22201949525072
"434","KUR","TempWarm-5psu",217,"full",2.29114629549012
"435","VAT","TempWarm-5psu",218,"mll",15.8278031967997
"436","VAT","TempWarm-5psu",218,"full",14.46388956519
"437","BAR","TempWarm-5psu",219,"mll",9.11199566916313
"438","BAR","TempWarm-5psu",219,"full",7.9237391146543
"439","HOG","TempWarm-5psu",220,"mll",9.81897791301305
"440","HOG","TempWarm-5psu",220,"full",8.79950795397473
"441","KAL","TempWarm-5psu",221,"mll",1.96781821812241
"442","KAL","TempWarm-5psu",221,"full",1.07808893155914
"443","VIK","TempWarm-5psu",222,"mll",13.5020640214059
"444","VIK","TempWarm-5psu",222,"full",13.075415965261
"445","HOR","TempWarm-5psu",223,"mll",1.03024902881415
"446","HOR","TempWarm-5psu",223,"full",0.431788491609221
"447","BJO","TempWarm-5psu",224,"mll",0.879549707449603
"448","BJO","TempWarm-5psu",224,"full",1.2952883784428
"449","BJO","TempWarm-16psu",225,"mll",13.0381311201761
"450","BJO","TempWarm-16psu",225,"full",15.3414996483757
"451","HOG","TempWarm-16psu",226,"mll",3.07684957940906
"452","HOG","TempWarm-16psu",226,"full",4.95991925766034
"453","HOR","TempWarm-16psu",227,"mll",11.8375214269508
"454","HOR","TempWarm-16psu",227,"full",14.1401789019135
"455","VAT","TempWarm-16psu",228,"mll",3.04750320137014
"456","VAT","TempWarm-16psu",228,"full",0.542599278842412
"457","KUR","TempWarm-16psu",229,"mll",9.40852606223383
"458","KUR","TempWarm-16psu",229,"full",11.2694757503051
"459","BAR","TempWarm-16psu",230,"mll",3.77494266857596
"460","BAR","TempWarm-16psu",230,"full",5.87263018810802
"461","VIK","TempWarm-16psu",231,"mll",1.24094623399884
"462","VIK","TempWarm-16psu",231,"full",0.522148171661457
"463","KAL","TempWarm-16psu",232,"mll",10.8765251411171
"464","KAL","TempWarm-16psu",232,"full",12.6813382800759
"465","BJO","TempWarm-5psu",233,"mll",0.82719997406524
"466","BJO","TempWarm-5psu",233,"full",1.31340739569303
"467","HOR","TempWarm-5psu",234,"mll",0.857035605881983
"468","HOR","TempWarm-5psu",234,"full",0.574828492444767
"469","BAR","TempWarm-5psu",235,"mll",9.04918629582927
"470","BAR","TempWarm-5psu",235,"full",7.90562009740407
"471","VAT","TempWarm-5psu",236,"mll",15.7669816586842
"472","VAT","TempWarm-5psu",236,"full",14.4457705479398
"473","VIK","TempWarm-5psu",237,"mll",13.4406964437145
"474","VIK","TempWarm-5psu",237,"full",13.0572969480108
"475","KAL","TempWarm-5psu",238,"mll",1.93128315466786
"476","KAL","TempWarm-5psu",238,"full",1.09691200543616
"477","KUR","TempWarm-5psu",239,"mll",3.11535581836783
"478","KUR","TempWarm-5psu",239,"full",2.22199047690907
"479","HOG","TempWarm-5psu",240,"mll",9.79392007287175
"480","HOG","TempWarm-5psu",240,"full",8.81833102785174
"481","KAL","TempWarm-16psu",241,"mll",10.838747330442
"482","KAL","TempWarm-16psu",241,"full",12.6443961889487
"483","HOR","TempWarm-16psu",242,"mll",11.8375214269508
"484","HOR","TempWarm-16psu",242,"full",14.1401789019135
"485","KUR","TempWarm-16psu",243,"mll",9.33144151471076
"486","KUR","TempWarm-16psu",243,"full",11.1814968578471
"487","BAR","TempWarm-16psu",244,"mll",3.66264075856305
"488","BAR","TempWarm-16psu",244,"full",5.7477092045227
"489","VIK","TempWarm-16psu",245,"mll",1.29785751319376
"490","VIK","TempWarm-16psu",245,"full",0.434169279203392
"491","HOG","TempWarm-16psu",246,"mll",2.966866055889
"492","HOG","TempWarm-16psu",246,"full",4.83499827407503
"493","VAT","TempWarm-16psu",247,"mll",3.30638799984126
"494","VAT","TempWarm-16psu",247,"full",0.82938333714029
"495","BJO","TempWarm-16psu",248,"mll",12.7706577735613
"496","BJO","TempWarm-16psu",248,"full",15.0547155900779
"497","BAR","TempWarm-5psu",249,"mll",9.01138246777358
"498","BAR","TempWarm-5psu",249,"full",7.86867800627682
"499","HOG","TempWarm-5psu",250,"mll",9.79392007287175
"500","HOG","TempWarm-5psu",250,"full",8.81833102785174
"501","VIK","TempWarm-5psu",251,"mll",13.5555658671241
"502","VIK","TempWarm-5psu",251,"full",13.1822179315961
"503","VAT","TempWarm-5psu",252,"mll",15.8440440239107
"504","VAT","TempWarm-5psu",252,"full",14.5337494403979
"505","BJO","TempWarm-5psu",253,"mll",0.839365867701655
"506","BJO","TempWarm-5psu",253,"full",1.4013862881511
"507","KUR","TempWarm-5psu",254,"mll",3.11535581836783
"508","KUR","TempWarm-5psu",254,"full",2.22199047690907
"509","KAL","TempWarm-5psu",255,"mll",1.96762819123751
"510","KAL","TempWarm-5psu",255,"full",1.1338540965634
"511","HOR","TempWarm-5psu",256,"mll",0.857035605881983
"512","HOR","TempWarm-5psu",256,"full",0.574828492444767
"513","KUR","TempControl-21psu",257,"mll",15.2472728113387
"514","KUR","TempControl-21psu",257,"full",16.964252872638
"515","BJO","TempControl-21psu",258,"mll",18.2647109866324
"516","BJO","TempControl-21psu",258,"full",20.3888244718584
"517","KAL","TempControl-21psu",259,"mll",16.4925744514593
"518","KAL","TempControl-21psu",259,"full",18.1403681454418
"519","HOR","TempControl-21psu",260,"mll",17.6499829630576
"520","HOR","TempControl-21psu",260,"full",19.8121086433227
"521","VIK","TempControl-21psu",261,"mll",4.78165087486959
"522","VIK","TempControl-21psu",261,"full",6.01812012815455
"523","BAR","TempControl-21psu",262,"mll",9.32560381450466
"524","BAR","TempControl-21psu",262,"full",11.3316600534739
"525","VAT","TempControl-21psu",263,"mll",2.61734098476386
"526","VAT","TempControl-21psu",263,"full",4.79150960293811
"527","HOG","TempControl-21psu",264,"mll",8.51209921516528
"528","HOG","TempControl-21psu",264,"full",10.3309702305681
"529","VIK","TempControl-7psu",265,"mll",11.3586173798575
"530","VIK","TempControl-7psu",265,"full",11.4708175737898
"531","VAT","TempControl-7psu",266,"mll",13.5348490142018
"532","VAT","TempControl-7psu",266,"full",12.6974280990062
"533","BJO","TempControl-7psu",267,"mll",2.2971847994238
"534","BJO","TempControl-7psu",267,"full",3.02480775349937
"535","BAR","TempControl-7psu",268,"mll",6.8074010612123
"536","BAR","TempControl-7psu",268,"full",6.15727764847048
"537","HOG","TempControl-7psu",269,"mll",7.59066681401544
"538","HOG","TempControl-7psu",269,"full",7.12102538024898
"539","HOR","TempControl-7psu",270,"mll",1.53941108447238
"540","HOR","TempControl-7psu",270,"full",2.32317094137835
"541","KUR","TempControl-7psu",271,"mll",0.751426442548295
"542","KUR","TempControl-7psu",271,"full",0.34872704439017
"543","KAL","TempControl-7psu",272,"mll",0.414593766300234
"544","KAL","TempControl-7psu",272,"full",0.651430443497428
"545","VAT","TempControl-21psu",273,"mll",2.73106811872841
"546","VAT","TempControl-21psu",273,"full",4.91643058652343
"547","HOG","TempControl-21psu",274,"mll",8.62702397052323
"548","HOG","TempControl-21psu",274,"full",10.4558912141534
"549","HOR","TempControl-21psu",275,"mll",17.7257343431866
"550","HOR","TempControl-21psu",275,"full",19.8859928255772
"551","BAR","TempControl-21psu",276,"mll",9.44059934743234
"552","BAR","TempControl-21psu",276,"full",11.4565810370592
"553","BJO","TempControl-21psu",277,"mll",18.2647109866324
"554","BJO","TempControl-21psu",277,"full",20.3888244718584
"555","KUR","TempControl-21psu",278,"mll",15.4395746601492
"556","KUR","TempControl-21psu",278,"full",17.1771527486814
"557","KAL","TempControl-21psu",279,"mll",16.5304446699212
"558","KAL","TempControl-21psu",279,"full",18.177310236569
"559","VIK","TempControl-21psu",280,"mll",4.70299029252893
"560","VIK","TempControl-21psu",280,"full",5.9160465254929
"561","KUR","TempControl-7psu",281,"mll",0.751426442548295
"562","KUR","TempControl-7psu",281,"full",0.34872704439017
"563","KAL","TempControl-7psu",282,"mll",0.486369000284886
"564","KAL","TempControl-7psu",282,"full",0.739409335955497
"565","VIK","TempControl-7psu",283,"mll",11.3586173798575
"566","VIK","TempControl-7psu",283,"full",11.4708175737898
"567","HOG","TempControl-7psu",284,"mll",7.55151358521658
"568","HOG","TempControl-7psu",284,"full",7.06998857891816
"569","BJO","TempControl-7psu",285,"mll",2.22104017557935
"570","BJO","TempControl-7psu",285,"full",2.9368288610413
"571","VAT","TempControl-7psu",286,"mll",13.6498924429651
"572","VAT","TempControl-7psu",286,"full",12.8223490825915
"573","HOR","TempControl-7psu",287,"mll",1.42456999397412
"574","HOR","TempControl-7psu",287,"full",2.19824995779304
"575","BAR","TempControl-7psu",288,"mll",6.8074010612123
"576","BAR","TempControl-7psu",288,"full",6.15727764847048
"577","BJO","TempControl-21psu",289,"mll",18.4343566897487
"578","BJO","TempControl-21psu",289,"full",20.5657562735689
"579","HOG","TempControl-21psu",290,"mll",8.68708612867989
"580","HOG","TempControl-21psu",290,"full",10.5219967424822
"581","BAR","TempControl-21psu",291,"mll",9.38269013683944
"582","BAR","TempControl-21psu",291,"full",11.3836708715991
"583","KUR","TempControl-21psu",292,"mll",15.4950017714811
"584","KUR","TempControl-21psu",292,"full",17.2432582770102
"585","HOR","TempControl-21psu",293,"mll",17.3968825433366
"586","HOR","TempControl-21psu",293,"full",19.5403933120228
"587","VIK","TempControl-21psu",294,"mll",4.76918022791307
"588","VIK","TempControl-21psu",294,"full",5.99624676402525
"589","VAT","TempControl-21psu",295,"mll",2.61390901089705
"590","VAT","TempControl-21psu",295,"full",4.76963623880881
"591","KAL","TempControl-21psu",296,"mll",16.5474245093414
"592","KAL","TempControl-21psu",296,"full",18.2064736737705
"593","VIK","TempControl-7psu",297,"mll",11.6172018871768
"594","VIK","TempControl-7psu",297,"full",11.7425329050897
"595","HOG","TempControl-7psu",298,"mll",7.81269684901098
"596","HOG","TempControl-7psu",298,"full",7.34170391021809
"597","HOR","TempControl-7psu",299,"mll",1.14696848102177
"598","HOR","TempControl-7psu",299,"full",1.87549782516229
"599","BJO","TempControl-7psu",300,"mll",2.07240018783817
"600","BJO","TempControl-7psu",300,"full",2.75309242219944
"601","BAR","TempControl-7psu",301,"mll",7.06823461367554
"602","BAR","TempControl-7psu",301,"full",6.42899297977041
"603","VAT","TempControl-7psu",302,"mll",13.90766263198
"604","VAT","TempControl-7psu",302,"full",13.0940644138915
"605","KUR","TempControl-7psu",303,"mll",1.13729941484009
"606","KUR","TempControl-7psu",303,"full",0.745363359275414
"607","KAL","TempControl-7psu",304,"mll",0.295901259565369
"608","KAL","TempControl-7psu",304,"full",0.342773021070254
"609","VIK","TempControl-21psu",305,"mll",3.98401285844647
"610","VIK","TempControl-21psu",305,"full",4.97551073740878
"611","BJO","TempControl-21psu",306,"mll",18.3965141546191
"612","BJO","TempControl-21psu",306,"full",20.5288141824417
"613","HOG","TempControl-21psu",307,"mll",8.57225092960595
"614","HOG","TempControl-21psu",307,"full",10.3970757588969
"615","BAR","TempControl-21psu",308,"mll",9.38269013683944
"616","BAR","TempControl-21psu",308,"full",11.3836708715991
"617","VAT","TempControl-21psu",309,"mll",2.61390901089705
"618","VAT","TempControl-21psu",309,"full",4.76963623880881
"619","KAL","TempControl-21psu",310,"mll",16.4323453749139
"620","KAL","TempControl-21psu",310,"full",18.0815526901852
"621","KUR","TempControl-21psu",311,"mll",15.2648685309436
"622","KUR","TempControl-21psu",311,"full",16.9934163098396
"623","HOR","TempControl-21psu",312,"mll",17.6270580225359
"624","HOR","TempControl-21psu",312,"full",19.7902352791934
"625","VAT","TempControl-7psu",313,"mll",13.90766263198
"626","VAT","TempControl-7psu",313,"full",13.0940644138915
"627","KAL","TempControl-7psu",314,"mll",0.295901259565369
"628","KAL","TempControl-7psu",314,"full",0.342773021070254
"629","KUR","TempControl-7psu",315,"mll",1.0648651913866
"630","KUR","TempControl-7psu",315,"full",0.671479177020921
"631","BJO","TempControl-7psu",316,"mll",2.07240018783817
"632","BJO","TempControl-7psu",316,"full",2.75309242219944
"633","VIK","TempControl-7psu",317,"mll",11.6172018871768
"634","VIK","TempControl-7psu",317,"full",11.7425329050897
"635","HOG","TempControl-7psu",318,"mll",7.69792388472515
"636","HOG","TempControl-7psu",318,"full",7.21678292663277
"637","HOR","TempControl-7psu",319,"mll",1.29938980194959
"638","HOR","TempControl-7psu",319,"full",2.05145561007842
"639","BAR","TempControl-7psu",320,"mll",7.06823461367554
"640","BAR","TempControl-7psu",320,"full",6.42899297977041
"641","VIK","TempControl-21psu",321,"mll",5.34096916167543
"642","VIK","TempControl-21psu",321,"full",6.60744884905438
"643","VAT","TempControl-21psu",322,"mll",3.16531331378864
"644","VAT","TempControl-21psu",322,"full",5.38083832383794
"645","BJO","TempControl-21psu",323,"mll",18.8728122658586
"646","BJO","TempControl-21psu",323,"full",21.0150952838855
"647","KAL","TempControl-21psu",324,"mll",17.1046490547405
"648","KAL","TempControl-21psu",324,"full",18.7807336676724
"649","BAR","TempControl-21psu",325,"mll",9.89275778567106
"650","BAR","TempControl-21psu",325,"full",11.9209887743737
"651","HOG","TempControl-21psu",326,"mll",9.11607421348409
"652","HOG","TempControl-21psu",326,"full",10.9713357527988
"653","KUR","TempControl-21psu",327,"mll",15.8584334862725
"654","KUR","TempControl-21psu",327,"full",17.6046183948687
"655","HOR","TempControl-21psu",328,"mll",18.0706114271196
"656","HOR","TempControl-21psu",328,"full",20.23957428951
"657","BAR","TempControl-7psu",329,"mll",6.37833149742556
"658","BAR","TempControl-7psu",329,"full",5.72981200228322
"659","HOG","TempControl-7psu",330,"mll",7.12136247120431
"660","HOG","TempControl-7psu",330,"full",6.6425229327309
"661","VIK","TempControl-7psu",331,"mll",10.9323436863933
"662","VIK","TempControl-7psu",331,"full",11.0433519276025
"663","VAT","TempControl-7psu",332,"mll",13.1868590148508
"664","VAT","TempControl-7psu",332,"full",12.357941345277
"665","KUR","TempControl-7psu",333,"mll",0.294885244315476
"666","KUR","TempControl-7psu",333,"full",0.0787386017970916
"667","BJO","TempControl-7psu",334,"mll",2.68993997367468
"668","BJO","TempControl-7psu",334,"full",3.45227339968663
"669","KAL","TempControl-7psu",335,"mll",0.722387640584928
"670","KAL","TempControl-7psu",335,"full",0.99091719722662
"671","HOR","TempControl-7psu",336,"mll",1.95958308245752
"672","HOR","TempControl-7psu",336,"full",2.75063658756561
"673","KAL","TempControl-21psu",337,"mll",17.0274356791204
"674","KAL","TempControl-21psu",337,"full",18.6927547752143
"675","HOG","TempControl-21psu",338,"mll",9.15391416621957
"676","HOG","TempControl-21psu",338,"full",11.008277843926
"677","BAR","TempControl-21psu",339,"mll",9.81554046687828
"678","BAR","TempControl-21psu",339,"full",11.8330098819156
"679","VIK","TempControl-21psu",340,"mll",5.22597466063903
"680","VIK","TempControl-21psu",340,"full",6.48252786546906
"681","HOR","TempControl-21psu",341,"mll",18.1857056538326
"682","HOR","TempControl-21psu",341,"full",20.3644952730953
"683","BJO","TempControl-21psu",342,"mll",18.8349423397674
"684","BJO","TempControl-21psu",342,"full",20.9781531927582
"685","VAT","TempControl-21psu",343,"mll",3.16531331378864
"686","VAT","TempControl-21psu",343,"full",5.38083832383794
"687","KUR","TempControl-21psu",344,"mll",15.6632050566838
"688","KUR","TempControl-21psu",344,"full",17.3635290984181
"689","KUR","TempControl-7psu",345,"mll",0.409433379092109
"690","KUR","TempControl-7psu",345,"full",0.0461823817882244
"691","BJO","TempControl-7psu",346,"mll",2.57517348746812
"692","BJO","TempControl-7psu",346,"full",3.32735241610131
"693","HOG","TempControl-7psu",347,"mll",7.12136247120431
"694","HOG","TempControl-7psu",347,"full",6.6425229327309
"695","BAR","TempControl-7psu",348,"mll",6.49337719607925
"696","BAR","TempControl-7psu",348,"full",5.85473298586854
"697","HOR","TempControl-7psu",349,"mll",1.95958308245752
"698","HOR","TempControl-7psu",349,"full",2.75063658756561
"699","KAL","TempControl-7psu",350,"mll",0.761611268260826
"700","KAL","TempControl-7psu",350,"full",1.04195399855744
"701","VAT","TempControl-7psu",351,"mll",13.2247488357075
"702","VAT","TempControl-7psu",351,"full",12.3948834364043
"703","VIK","TempControl-7psu",352,"mll",11.0474161260065
"704","VIK","TempControl-7psu",352,"full",11.1682729111878
"705","KAL","TempControl-21psu",353,"mll",16.6430701162097
"706","KAL","TempControl-21psu",353,"full",18.3214483327372
"707","BJO","TempControl-21psu",354,"mll",17.9457525981085
"708","BJO","TempControl-21psu",354,"full",19.9715577533875
"709","HOR","TempControl-21psu",355,"mll",17.3291015095292
"710","HOR","TempControl-21psu",355,"full",19.3948419248518
"711","VIK","TempControl-21psu",356,"mll",4.47315634103418
"712","VIK","TempControl-21psu",356,"full",5.60085340968365
"713","HOG","TempControl-21psu",357,"mll",8.2749463475385
"714","HOG","TempControl-21psu",357,"full",10.0016824045553
"715","BAR","TempControl-21psu",358,"mll",8.93403285065887
"716","BAR","TempControl-21psu",358,"full",10.8405091527485
"717","VAT","TempControl-21psu",359,"mll",2.13750085906009
"718","VAT","TempControl-21psu",359,"full",4.1754377186274
"719","KUR","TempControl-21psu",360,"mll",14.4946063043284
"720","KUR","TempControl-21psu",360,"full",15.9855813395281
"721","VAT","TempControl-7psu",361,"mll",14.0051301847869
"722","VAT","TempControl-7psu",361,"full",13.1919896309682
"723","KAL","TempControl-7psu",362,"mll",0.299104657341427
"724","KAL","TempControl-7psu",362,"full",0.281789895120746
"725","KUR","TempControl-7psu",363,"mll",1.01720452730094
"726","KUR","TempControl-7psu",363,"full",0.607541319385111
"727","HOG","TempControl-7psu",364,"mll",7.8348646459729
"728","HOG","TempControl-7psu",364,"full",7.36574494504035
"729","BAR","TempControl-7psu",365,"mll",7.20389606784485
"730","BAR","TempControl-7psu",365,"full",6.56386028797441
"731","BJO","TempControl-7psu",366,"mll",2.05748843023426
"732","BJO","TempControl-7psu",366,"full",2.74314609758076
"733","VIK","TempControl-7psu",367,"mll",11.7526484154832
"734","VIK","TempControl-7psu",367,"full",11.8774002132937
"735","HOR","TempControl-7psu",368,"mll",1.16966427070228
"736","HOR","TempControl-7psu",368,"full",1.91658830187442
"737","VIK","TempControl-21psu",369,"mll",4.36067146955309
"738","VIK","TempControl-21psu",369,"full",5.49002713630191
"739","HOR","TempControl-21psu",370,"mll",17.2912337543772
"740","HOR","TempControl-21psu",370,"full",19.3578998337245
"741","BJO","TempControl-21psu",371,"mll",18.4923128742884
"742","BJO","TempControl-21psu",371,"full",20.6437888414083
"743","HOG","TempControl-21psu",372,"mll",8.58981039880736
"744","HOG","TempControl-21psu",372,"full",10.4099768152019
"745","VAT","TempControl-21psu",373,"mll",2.24925323870334
"746","VAT","TempControl-21psu",373,"full",4.30035870221272
"747","KAL","TempControl-21psu",374,"mll",16.1344088959847
"748","KAL","TempControl-21psu",374,"full",17.6861593358436
"749","KUR","TempControl-21psu",375,"mll",15.2440200753243
"750","KUR","TempControl-21psu",375,"full",16.9693752750173
"751","BAR","TempControl-21psu",376,"mll",9.28834656976238
"752","BAR","TempControl-21psu",376,"full",11.2998403647259
"753","HOG","TempControl-7psu",377,"mll",7.68102177485155
"754","HOG","TempControl-7psu",377,"full",7.18978716012421
"755","VAT","TempControl-7psu",378,"mll",13.7372260409205
"756","VAT","TempControl-7psu",378,"full",12.9052055726703
"757","BAR","TempControl-7psu",379,"mll",7.08910638492077
"758","BAR","TempControl-7psu",379,"full",6.4389393043891
"759","KAL","TempControl-7psu",380,"mll",0.306879299355882
"760","KAL","TempControl-7psu",380,"full",0.33282669645157
"761","HOR","TempControl-7psu",381,"mll",1.39617873878226
"762","HOR","TempControl-7psu",381,"full",2.16643026904506
"763","KUR","TempControl-7psu",382,"mll",0.945390553392689
"764","KUR","TempControl-7psu",382,"full",0.505467716723464
"765","VIK","TempControl-7psu",383,"mll",11.829738324696
"766","VIK","TempControl-7psu",383,"full",11.9653791057518
"767","BJO","TempControl-7psu",384,"mll",2.05748843023426
"768","BJO","TempControl-7psu",384,"full",2.74314609758076
